"1","2313109423","tb_album0","17/7/2012 18:13:15","18/11/2013 16:08:57","Album0"
"2","2989584511","tb_album0","17/7/2012 18:13:15","18/11/2013 16:08:57","Album0"
"3","3536854811","tb_album0","17/7/2012 18:13:15","18/11/2013 16:08:57","Album0"
"4","2587248093","tb_album0","17/7/2012 18:13:15","18/11/2013 16:08:57","Album0"
"5","2249399675","tb_album0","17/7/2012 18:13:15","18/11/2013 16:08:57","Album0"
"6","3938232601","tb_album0","17/7/2012 18:13:15","18/11/2013 16:08:57","Album0"
"7","3325097293","tb_album0","17/7/2012 18:13:15","18/11/2013 16:08:57","Album0"
"8","262905633","tb_album0","17/7/2012 18:13:15","18/11/2013 16:08:57","Album0"
"9","2064494623","tb_album0","17/7/2012 18:13:15","18/11/2013 16:08:57","Album0"
"10","1689637623","tb_album0","17/7/2012 18:13:15","18/11/2013 16:08:57","Album0"
"11","3869927623","tb_album1","17/7/2012 18:13:15","18/11/2013 16:08:57","Album1"
"12","3311659140","tb_album1","17/7/2012 18:13:15","18/11/2013 16:08:57","Album1"
"13","3863308652","tb_album1","17/7/2012 18:13:15","18/11/2013 16:08:57","Album1"
"14","3573370535","tb_album1","17/7/2012 18:13:15","18/11/2013 16:08:57","Album1"
"15","2184841962","tb_album1","17/7/2012 18:13:15","18/11/2013 16:08:57","Album1"
"16","2786075478","tb_album1","17/7/2012 18:13:15","18/11/2013 16:08:57","Album1"
"17","2572606029","tb_album1","17/7/2012 18:13:15","18/11/2013 16:08:57","Album1"
"18","306441481","tb_album1","17/7/2012 18:13:15","18/11/2013 16:08:57","Album1"
"19","52953730","tb_album1","17/7/2012 18:13:15","18/11/2013 16:08:57","Album1"
"20","2823215959","tb_album1","17/7/2012 18:13:15","18/11/2013 16:08:57","Album1"
"21","4165075381","tb_album2","17/7/2012 18:13:15","18/11/2013 16:08:57","Album2"
"22","2599480477","tb_album2","17/7/2012 18:13:15","18/11/2013 16:08:57","Album2"
"23","2157470613","tb_album2","17/7/2012 18:13:15","18/11/2013 16:08:57","Album2"
"24","1771975731","tb_album2","17/7/2012 18:13:15","18/11/2013 16:08:57","Album2"
"25","3715518801","tb_album2","17/7/2012 18:13:15","18/11/2013 16:08:57","Album2"
"26","2872162507","tb_album2","17/7/2012 18:13:15","18/11/2013 16:08:57","Album2"
"27","468064154","tb_album2","17/7/2012 18:13:15","18/11/2013 16:08:57","Album2"
"28","2833567531","tb_album2","17/7/2012 18:13:15","18/11/2013 16:08:57","Album2"
"29","2286670526","tb_album2","17/7/2012 18:13:15","18/11/2013 16:08:57","Album2"
"30","1623032931","tb_album2","17/7/2012 18:13:15","18/11/2013 16:08:57","Album2"
"31","3227762662","tb_album3","17/7/2012 18:13:15","18/11/2013 16:08:57","Album3"
"32","1797688850","tb_album3","17/7/2012 18:13:15","18/11/2013 16:08:57","Album3"
"33","2682734606","tb_album3","17/7/2012 18:13:15","18/11/2013 16:08:57","Album3"
"34","2932262410","tb_album3","17/7/2012 18:13:15","18/11/2013 16:08:57","Album3"
"35","2495683065","tb_album3","17/7/2012 18:13:15","18/11/2013 16:08:57","Album3"
"36","1087218711","tb_album3","17/7/2012 18:13:15","18/11/2013 16:08:57","Album3"
"37","439368102","tb_album3","17/7/2012 18:13:15","18/11/2013 16:08:57","Album3"
"38","3493069883","tb_album3","17/7/2012 18:13:15","18/11/2013 16:08:57","Album3"
"39","3325008949","tb_album3","17/7/2012 18:13:15","18/11/2013 16:08:57","Album3"
"40","2097762335","tb_album3","17/7/2012 18:13:15","18/11/2013 16:08:57","Album3"
"41","1172645882","tb_album4","17/7/2012 18:13:15","18/11/2013 16:08:57","Album4"
"42","1158739332","tb_album4","17/7/2012 18:13:15","18/11/2013 16:08:57","Album4"
"43","2686474397","tb_album4","17/7/2012 18:13:15","18/11/2013 16:08:58","Album4"
"44","1260521462","tb_album4","17/7/2012 18:13:15","18/11/2013 16:08:58","Album4"
"45","963468302","tb_album4","17/7/2012 18:13:15","18/11/2013 16:08:58","Album4"
"46","2291784546","tb_album4","17/7/2012 18:13:15","18/11/2013 16:08:58","Album4"
"47","2083454927","tb_album4","17/7/2012 18:13:15","18/11/2013 16:08:58","Album4"
"48","330952029","tb_album4","17/7/2012 18:13:15","18/11/2013 16:08:58","Album4"
"49","183799610","tb_album4","17/7/2012 18:13:15","18/11/2013 16:08:58","Album4"
"50","3450029128","tb_album4","17/7/2012 18:13:15","18/11/2013 16:08:58","Album4"
"51","2791182990","tb_album5","17/7/2012 18:13:15","18/11/2013 16:08:58","Album5"
"52","1020108981","tb_album5","17/7/2012 18:13:15","18/11/2013 16:08:58","Album5"
"53","3836595713","tb_album5","17/7/2012 18:13:15","18/11/2013 16:08:58","Album5"
"54","3370490148","tb_album5","17/7/2012 18:13:15","18/11/2013 16:08:58","Album5"
"55","4171503059","tb_album5","17/7/2012 18:13:15","18/11/2013 16:08:58","Album5"
"56","693636805","tb_album5","17/7/2012 18:13:15","18/11/2013 16:08:58","Album5"
"57","595440668","tb_album5","17/7/2012 18:13:15","18/11/2013 16:08:58","Album5"
"58","3956346374","tb_album5","17/7/2012 18:13:15","18/11/2013 16:08:58","Album5"
"59","2088475902","tb_album5","17/7/2012 18:13:15","18/11/2013 16:08:58","Album5"
"60","1659844139","tb_album5","17/7/2012 18:13:15","18/11/2013 16:08:58","Album5"
"61","2456055763","tb_album6","17/7/2012 18:13:15","18/11/2013 16:08:58","Album6"
"62","2247274816","tb_album6","17/7/2012 18:13:15","18/11/2013 16:08:58","Album6"
"63","1983265074","tb_album6","17/7/2012 18:13:15","18/11/2013 16:08:58","Album6"
"64","2750583695","tb_album6","17/7/2012 18:13:15","18/11/2013 16:08:58","Album6"
"65","3694487954","tb_album6","17/7/2012 18:13:15","18/11/2013 16:08:58","Album6"
"66","909704965","tb_album6","17/7/2012 18:13:15","18/11/2013 16:08:58","Album6"
"67","3606311385","tb_album6","17/7/2012 18:13:15","18/11/2013 16:08:58","Album6"
"68","3271299867","tb_album6","17/7/2012 18:13:15","18/11/2013 16:08:58","Album6"
"69","1474141408","tb_album6","17/7/2012 18:13:15","18/11/2013 16:08:58","Album6"
"70","3616590994","tb_album6","17/7/2012 18:13:15","18/11/2013 16:08:58","Album6"
"71","2978689617","tb_album7","17/7/2012 18:13:15","18/11/2013 16:08:58","Album7"
"72","3102705087","tb_album7","17/7/2012 18:13:15","18/11/2013 16:08:58","Album7"
"73","2740178824","tb_album7","17/7/2012 18:13:15","18/11/2013 16:08:58","Album7"
"74","918023399","tb_album7","17/7/2012 18:13:15","18/11/2013 16:08:58","Album7"
"75","3048119664","tb_album7","17/7/2012 18:13:15","18/11/2013 16:08:58","Album7"
"76","1485937452","tb_album7","17/7/2012 18:13:15","18/11/2013 16:08:58","Album7"
"77","2644160075","tb_album7","17/7/2012 18:13:15","18/11/2013 16:08:58","Album7"
"78","3107412002","tb_album7","17/7/2012 18:13:15","18/11/2013 16:08:58","Album7"
"79","165509876","tb_album7","17/7/2012 18:13:15","18/11/2013 16:08:58","Album7"
"80","2957148453","tb_album7","17/7/2012 18:13:15","18/11/2013 16:08:58","Album7"
"81","2332812682","tb_album8","17/7/2012 18:13:15","18/11/2013 16:08:58","Album8"
"82","3422043532","tb_album8","17/7/2012 18:13:15","18/11/2013 16:08:58","Album8"
"83","2208283958","tb_album8","17/7/2012 18:13:15","18/11/2013 16:08:58","Album8"
"84","1704846747","tb_album8","17/7/2012 18:13:15","18/11/2013 16:08:58","Album8"
"85","2959156527","tb_album8","17/7/2012 18:13:15","18/11/2013 16:08:58","Album8"
"86","13443899","tb_album8","17/7/2012 18:13:15","18/11/2013 16:08:58","Album8"
"87","1006039161","tb_album8","17/7/2012 18:13:15","18/11/2013 16:08:58","Album8"
"88","851011155","tb_album8","17/7/2012 18:13:15","18/11/2013 16:08:58","Album8"
"89","1092010267","tb_album8","17/7/2012 18:13:15","18/11/2013 16:08:58","Album8"
"90","756753463","tb_album8","17/7/2012 18:13:15","18/11/2013 16:08:58","Album8"
"91","587754266","tb_album9","17/7/2012 18:13:15","18/11/2013 16:08:58","Album9"
"92","2824948272","tb_album9","17/7/2012 18:13:15","18/11/2013 16:08:58","Album9"
"93","3674223215","tb_album9","17/7/2012 18:13:15","18/11/2013 16:08:58","Album9"
"94","1069275916","tb_album9","17/7/2012 18:13:15","18/11/2013 16:08:58","Album9"
"95","2310355476","tb_album9","17/7/2012 18:13:15","18/11/2013 16:08:58","Album9"
"96","3756338550","tb_album9","17/7/2012 18:13:15","18/11/2013 16:08:58","Album9"
"97","3998151261","tb_album9","17/7/2012 18:13:15","18/11/2013 16:08:58","Album9"
"98","2651407719","tb_album9","17/7/2012 18:13:15","18/11/2013 16:08:58","Album9"
"99","617944846","tb_album9","17/7/2012 18:13:15","18/11/2013 16:08:58","Album9"
"100","814116508","tb_album9","17/7/2012 18:13:15","18/11/2013 16:08:58","Album9"
"101","2319890510","tb_album10","17/7/2012 18:13:15","18/11/2013 16:08:58","Album10"
"102","2739281006","tb_album10","17/7/2012 18:13:15","18/11/2013 16:08:58","Album10"
"103","4294477693","tb_album10","17/7/2012 18:13:15","18/11/2013 16:08:58","Album10"
"104","1882431350","tb_album10","17/7/2012 18:13:15","18/11/2013 16:08:58","Album10"
"105","3340682995","tb_album10","17/7/2012 18:13:15","18/11/2013 16:08:58","Album10"
"106","178088257","tb_album10","17/7/2012 18:13:15","18/11/2013 16:08:58","Album10"
"107","1562660567","tb_album10","17/7/2012 18:13:15","18/11/2013 16:08:58","Album10"
"108","24738228","tb_album10","17/7/2012 18:13:15","18/11/2013 16:08:58","Album10"
"109","2798951814","tb_album10","17/7/2012 18:13:15","18/11/2013 16:08:58","Album10"
"110","3308696905","tb_album10","17/7/2012 18:13:15","18/11/2013 16:08:58","Album10"
"111","2171778119","tb_album11","17/7/2012 18:13:15","18/11/2013 16:08:58","Album11"
"112","651971335","tb_album11","17/7/2012 18:13:15","18/11/2013 16:08:58","Album11"
"113","4290907151","tb_album11","17/7/2012 18:13:15","18/11/2013 16:08:58","Album11"
"114","2724076567","tb_album11","17/7/2012 18:13:15","18/11/2013 16:08:58","Album11"
"115","656332876","tb_album11","17/7/2012 18:13:15","18/11/2013 16:08:58","Album11"
"116","2271357336","tb_album11","17/7/2012 18:13:15","18/11/2013 16:08:58","Album11"
"117","4053592205","tb_album11","17/7/2012 18:13:15","18/11/2013 16:08:58","Album11"
"118","2047201104","tb_album11","17/7/2012 18:13:15","18/11/2013 16:08:58","Album11"
"119","1804293687","tb_album11","17/7/2012 18:13:15","18/11/2013 16:08:58","Album11"
"120","1795722256","tb_album11","17/7/2012 18:13:15","18/11/2013 16:08:58","Album11"
"121","1775425130","tb_album12","17/7/2012 18:13:15","18/11/2013 16:08:58","Album12"
"122","2123013634","tb_album12","17/7/2012 18:13:15","18/11/2013 16:08:58","Album12"
"123","62965983","tb_album12","17/7/2012 18:13:15","18/11/2013 16:08:58","Album12"
"124","524451196","tb_album12","17/7/2012 18:13:15","18/11/2013 16:08:58","Album12"
"125","1780591809","tb_album12","17/7/2012 18:13:15","18/11/2013 16:08:58","Album12"
"126","3012474924","tb_album12","17/7/2012 18:13:15","18/11/2013 16:08:58","Album12"
"127","1702579244","tb_album12","17/7/2012 18:13:15","18/11/2013 16:08:58","Album12"
"128","1764190176","tb_album12","17/7/2012 18:13:15","18/11/2013 16:08:58","Album12"
"129","2930672682","tb_album12","17/7/2012 18:13:15","18/11/2013 16:08:58","Album12"
"130","2585438564","tb_album12","17/7/2012 18:13:15","18/11/2013 16:08:58","Album12"
"131","1319728558","tb_album13","17/7/2012 18:13:15","18/11/2013 16:08:58","Album13"
"132","837815524","tb_album13","17/7/2012 18:13:15","18/11/2013 16:08:58","Album13"
"133","3323559485","tb_album13","17/7/2012 18:13:15","18/11/2013 16:08:58","Album13"
"134","3882866308","tb_album13","17/7/2012 18:13:15","18/11/2013 16:08:58","Album13"
"135","283135023","tb_album13","17/7/2012 18:13:15","18/11/2013 16:08:58","Album13"
"136","895461276","tb_album13","17/7/2012 18:13:15","18/11/2013 16:08:58","Album13"
"137","3434094900","tb_album13","17/7/2012 18:13:15","18/11/2013 16:08:58","Album13"
"138","1704813417","tb_album13","17/7/2012 18:13:15","18/11/2013 16:08:58","Album13"
"139","3521873292","tb_album13","17/7/2012 18:13:15","18/11/2013 16:08:58","Album13"
"140","1713785795","tb_album13","17/7/2012 18:13:15","18/11/2013 16:08:58","Album13"
"141","43071350","tb_album14","17/7/2012 18:13:15","18/11/2013 16:08:58","Album14"
"142","1148239965","tb_album14","17/7/2012 18:13:15","18/11/2013 16:08:58","Album14"
"143","3470651215","tb_album14","17/7/2012 18:13:15","18/11/2013 16:08:58","Album14"
"144","1135305613","tb_album14","17/7/2012 18:13:15","18/11/2013 16:08:58","Album14"
"145","595652385","tb_album14","17/7/2012 18:13:15","18/11/2013 16:08:58","Album14"
"146","860701051","tb_album14","17/7/2012 18:13:15","18/11/2013 16:08:58","Album14"
"147","261721480","tb_album14","17/7/2012 18:13:15","18/11/2013 16:08:58","Album14"
"148","2244737323","tb_album14","17/7/2012 18:13:15","18/11/2013 16:08:58","Album14"
"149","1166775448","tb_album14","17/7/2012 18:13:15","18/11/2013 16:08:58","Album14"
"150","1174207723","tb_album14","17/7/2012 18:13:15","18/11/2013 16:08:58","Album14"
"151","1785922062","tb_album15","17/7/2012 18:13:15","18/11/2013 16:08:58","Album15"
"152","3209551062","tb_album15","17/7/2012 18:13:15","18/11/2013 16:08:58","Album15"
"153","1929836178","tb_album15","17/7/2012 18:13:15","18/11/2013 16:08:58","Album15"
"154","2294611186","tb_album15","17/7/2012 18:13:15","18/11/2013 16:08:58","Album15"
"155","3710942740","tb_album15","17/7/2012 18:13:15","18/11/2013 16:08:58","Album15"
"156","1151990998","tb_album15","17/7/2012 18:13:15","18/11/2013 16:08:58","Album15"
"157","2973964264","tb_album15","17/7/2012 18:13:15","18/11/2013 16:08:58","Album15"
"158","3204275493","tb_album15","17/7/2012 18:13:15","18/11/2013 16:08:58","Album15"
"159","1030147343","tb_album15","17/7/2012 18:13:15","18/11/2013 16:08:58","Album15"
"160","4033755919","tb_album15","17/7/2012 18:13:15","18/11/2013 16:08:58","Album15"
"161","2173201099","tb_album16","17/7/2012 18:13:15","18/11/2013 16:08:58","Album16"
"162","1798520643","tb_album16","17/7/2012 18:13:15","18/11/2013 16:08:58","Album16"
"163","45567947","tb_album16","17/7/2012 18:13:15","18/11/2013 16:08:58","Album16"
"164","174885903","tb_album16","17/7/2012 18:13:15","18/11/2013 16:08:58","Album16"
"165","3540054796","tb_album16","17/7/2012 18:13:15","18/11/2013 16:08:58","Album16"
"166","542211707","tb_album16","17/7/2012 18:13:15","18/11/2013 16:08:58","Album16"
"167","325467797","tb_album16","17/7/2012 18:13:15","18/11/2013 16:08:58","Album16"
"168","3625501398","tb_album16","17/7/2012 18:13:15","18/11/2013 16:08:58","Album16"
"169","1621984863","tb_album16","17/7/2012 18:13:15","18/11/2013 16:08:58","Album16"
"170","1274833158","tb_album16","17/7/2012 18:13:15","18/11/2013 16:08:58","Album16"
"171","2567676009","tb_album17","17/7/2012 18:13:15","18/11/2013 16:08:58","Album17"
"172","3032609585","tb_album17","17/7/2012 18:13:15","18/11/2013 16:08:58","Album17"
"173","3894176071","tb_album17","17/7/2012 18:13:15","18/11/2013 16:08:58","Album17"
"174","4039614454","tb_album17","17/7/2012 18:13:15","18/11/2013 16:08:58","Album17"
"175","169310668","tb_album17","17/7/2012 18:13:15","18/11/2013 16:08:58","Album17"
"176","1275802606","tb_album17","17/7/2012 18:13:15","18/11/2013 16:08:58","Album17"
"177","4161675014","tb_album17","17/7/2012 18:13:15","18/11/2013 16:08:58","Album17"
"178","719411511","tb_album17","17/7/2012 18:13:15","18/11/2013 16:08:58","Album17"
"179","2628677099","tb_album17","17/7/2012 18:13:15","18/11/2013 16:08:58","Album17"
"180","2667254079","tb_album17","17/7/2012 18:13:15","18/11/2013 16:08:58","Album17"
"181","1769856108","tb_album18","17/7/2012 18:13:15","18/11/2013 16:08:58","Album18"
"182","3707949449","tb_album18","17/7/2012 18:13:15","18/11/2013 16:08:58","Album18"
"183","2674166097","tb_album18","17/7/2012 18:13:15","18/11/2013 16:08:58","Album18"
"184","1170306266","tb_album18","17/7/2012 18:13:15","18/11/2013 16:08:58","Album18"
"185","3630558357","tb_album18","17/7/2012 18:13:15","18/11/2013 16:08:58","Album18"
"186","4126792544","tb_album18","17/7/2012 18:13:15","18/11/2013 16:08:58","Album18"
"187","975791036","tb_album18","17/7/2012 18:13:15","18/11/2013 16:08:58","Album18"
"188","1772751092","tb_album18","17/7/2012 18:13:15","18/11/2013 16:08:58","Album18"
"189","4088792470","tb_album18","17/7/2012 18:13:15","18/11/2013 16:08:58","Album18"
"190","2629856525","tb_album18","17/7/2012 18:13:15","18/11/2013 16:08:58","Album18"
"191","1123250879","tb_album19","17/7/2012 18:13:15","18/11/2013 16:08:58","Album19"
"192","1508032864","tb_album19","17/7/2012 18:13:15","18/11/2013 16:08:58","Album19"
"193","477868217","tb_album19","17/7/2012 18:13:15","18/11/2013 16:08:58","Album19"
"194","3936480351","tb_album19","17/7/2012 18:13:15","18/11/2013 16:08:58","Album19"
"195","1165796384","tb_album19","17/7/2012 18:13:15","18/11/2013 16:08:58","Album19"
"196","2942845442","tb_album19","17/7/2012 18:13:15","18/11/2013 16:08:58","Album19"
"197","3015399194","tb_album19","17/7/2012 18:13:15","18/11/2013 16:08:58","Album19"
"198","128559541","tb_album19","17/7/2012 18:13:15","18/11/2013 16:08:58","Album19"
"199","2031501297","tb_album19","17/7/2012 18:13:15","18/11/2013 16:08:58","Album19"
"200","773575273","tb_album19","17/7/2012 18:13:15","18/11/2013 16:08:58","Album19"
"201","2577334035","tb_album20","17/7/2012 18:13:15","18/11/2013 16:08:58","Album20"
"202","592692880","tb_album20","17/7/2012 18:13:15","18/11/2013 16:08:58","Album20"
"203","3607884630","tb_album20","17/7/2012 18:13:15","18/11/2013 16:08:58","Album20"
"204","3044451948","tb_album20","17/7/2012 18:13:15","18/11/2013 16:08:58","Album20"
"205","473983815","tb_album20","17/7/2012 18:13:15","18/11/2013 16:08:58","Album20"
"206","1252476698","tb_album20","17/7/2012 18:13:15","18/11/2013 16:08:58","Album20"
"207","1189725359","tb_album20","17/7/2012 18:13:15","18/11/2013 16:08:58","Album20"
"208","4084805381","tb_album20","17/7/2012 18:13:15","18/11/2013 16:08:58","Album20"
"209","1323154397","tb_album20","17/7/2012 18:13:15","18/11/2013 16:08:58","Album20"
"210","3032034972","tb_album20","17/7/2012 18:13:15","18/11/2013 16:08:58","Album20"
"211","1147023617","tb_album21","17/7/2012 18:13:15","18/11/2013 16:08:58","Album21"
"212","2951305907","tb_album21","17/7/2012 18:13:15","18/11/2013 16:08:58","Album21"
"213","534001819","tb_album21","17/7/2012 18:13:15","18/11/2013 16:08:58","Album21"
"214","1177055416","tb_album21","17/7/2012 18:13:15","18/11/2013 16:08:58","Album21"
"215","1523725797","tb_album21","17/7/2012 18:13:15","18/11/2013 16:08:58","Album21"
"216","456164430","tb_album21","17/7/2012 18:13:15","18/11/2013 16:08:58","Album21"
"217","1493059979","tb_album21","17/7/2012 18:13:15","18/11/2013 16:08:58","Album21"
"218","1128512736","tb_album21","17/7/2012 18:13:15","18/11/2013 16:08:58","Album21"
"219","296809010","tb_album21","17/7/2012 18:13:15","18/11/2013 16:08:58","Album21"
"220","2134754782","tb_album21","17/7/2012 18:13:15","18/11/2013 16:08:58","Album21"
"221","3360045397","tb_album22","17/7/2012 18:13:15","18/11/2013 16:08:58","Album22"
"222","73297498","tb_album22","17/7/2012 18:13:15","18/11/2013 16:08:58","Album22"
"223","2521312206","tb_album22","17/7/2012 18:13:15","18/11/2013 16:08:58","Album22"
"224","2758113668","tb_album22","17/7/2012 18:13:15","18/11/2013 16:08:58","Album22"
"225","2558202131","tb_album22","17/7/2012 18:13:15","18/11/2013 16:08:58","Album22"
"226","3189268192","tb_album22","17/7/2012 18:13:15","18/11/2013 16:08:58","Album22"
"227","132445124","tb_album22","17/7/2012 18:13:15","18/11/2013 16:08:58","Album22"
"228","270240188","tb_album22","17/7/2012 18:13:15","18/11/2013 16:08:58","Album22"
"229","3795963314","tb_album22","17/7/2012 18:13:15","18/11/2013 16:08:58","Album22"
"230","193656978","tb_album22","17/7/2012 18:13:15","18/11/2013 16:08:58","Album22"
"231","2191463896","tb_album23","17/7/2012 18:13:15","18/11/2013 16:08:58","Album23"
"232","761948303","tb_album23","17/7/2012 18:13:15","18/11/2013 16:08:59","Album23"
"233","1036013681","tb_album23","17/7/2012 18:13:15","18/11/2013 16:08:59","Album23"
"234","2688186492","tb_album23","17/7/2012 18:13:15","18/11/2013 16:08:59","Album23"
"235","4006870077","tb_album23","17/7/2012 18:13:15","18/11/2013 16:08:59","Album23"
"236","3440868487","tb_album23","17/7/2012 18:13:15","18/11/2013 16:08:59","Album23"
"237","2031836029","tb_album23","17/7/2012 18:13:15","18/11/2013 16:08:59","Album23"
"238","3837616487","tb_album23","17/7/2012 18:13:15","18/11/2013 16:08:59","Album23"
"239","1570429493","tb_album23","17/7/2012 18:13:15","18/11/2013 16:08:59","Album23"
"240","2296373307","tb_album23","17/7/2012 18:13:15","18/11/2013 16:08:59","Album23"
"241","2984728779","tb_album24","17/7/2012 18:13:15","18/11/2013 16:08:59","Album24"
"242","1854174303","tb_album24","17/7/2012 18:13:15","18/11/2013 16:08:59","Album24"
"243","4141892910","tb_album24","17/7/2012 18:13:15","18/11/2013 16:08:59","Album24"
"244","3747647202","tb_album24","17/7/2012 18:13:15","18/11/2013 16:08:59","Album24"
"245","1816748503","tb_album24","17/7/2012 18:13:15","18/11/2013 16:08:59","Album24"
"246","4223820843","tb_album24","17/7/2012 18:13:15","18/11/2013 16:08:59","Album24"
"247","2570052798","tb_album24","17/7/2012 18:13:15","18/11/2013 16:08:59","Album24"
"248","2850175136","tb_album24","17/7/2012 18:13:15","18/11/2013 16:08:59","Album24"
"249","3903062286","tb_album24","17/7/2012 18:13:15","18/11/2013 16:08:59","Album24"
"250","832906690","tb_album24","17/7/2012 18:13:15","18/11/2013 16:08:59","Album24"
"251","2541572917","tb_album25","17/7/2012 18:13:15","18/11/2013 16:08:59","Album25"
"252","2266290568","tb_album25","17/7/2012 18:13:15","18/11/2013 16:08:59","Album25"
"253","1926029989","tb_album25","17/7/2012 18:13:15","18/11/2013 16:08:59","Album25"
"254","1259749423","tb_album25","17/7/2012 18:13:15","18/11/2013 16:08:59","Album25"
"255","1442702575","tb_album25","17/7/2012 18:13:15","18/11/2013 16:08:59","Album25"
"256","2509631388","tb_album25","17/7/2012 18:13:15","18/11/2013 16:08:59","Album25"
"257","2195054197","tb_album25","17/7/2012 18:13:15","18/11/2013 16:08:59","Album25"
"258","1338068724","tb_album25","17/7/2012 18:13:15","18/11/2013 16:08:59","Album25"
"259","2512789555","tb_album25","17/7/2012 18:13:15","18/11/2013 16:08:59","Album25"
"260","3959314622","tb_album25","17/7/2012 18:13:15","18/11/2013 16:08:59","Album25"
"261","2047103770","tb_album26","17/7/2012 18:13:15","18/11/2013 16:08:59","Album26"
"262","1951808100","tb_album26","17/7/2012 18:13:15","18/11/2013 16:08:59","Album26"
"263","1817446913","tb_album26","17/7/2012 18:13:15","18/11/2013 16:08:59","Album26"
"264","375682632","tb_album26","17/7/2012 18:13:15","18/11/2013 16:08:59","Album26"
"265","37247570","tb_album26","17/7/2012 18:13:15","18/11/2013 16:08:59","Album26"
"266","1894320377","tb_album26","17/7/2012 18:13:15","18/11/2013 16:08:59","Album26"
"267","2865298988","tb_album26","17/7/2012 18:13:15","18/11/2013 16:08:59","Album26"
"268","2693546865","tb_album26","17/7/2012 18:13:15","18/11/2013 16:08:59","Album26"
"269","3509197509","tb_album26","17/7/2012 18:13:15","18/11/2013 16:08:59","Album26"
"270","4031262399","tb_album26","17/7/2012 18:13:15","18/11/2013 16:08:59","Album26"
"271","1355431706","tb_album27","17/7/2012 18:13:15","18/11/2013 16:08:59","Album27"
"272","600102496","tb_album27","17/7/2012 18:13:15","18/11/2013 16:08:59","Album27"
"273","2353954746","tb_album27","17/7/2012 18:13:15","18/11/2013 16:08:59","Album27"
"274","2868974870","tb_album27","17/7/2012 18:13:15","18/11/2013 16:08:59","Album27"
"275","1016020656","tb_album27","17/7/2012 18:13:15","18/11/2013 16:08:59","Album27"
"276","1407422713","tb_album27","17/7/2012 18:13:15","18/11/2013 16:08:59","Album27"
"277","4067647928","tb_album27","17/7/2012 18:13:15","18/11/2013 16:08:59","Album27"
"278","4126179248","tb_album27","17/7/2012 18:13:15","18/11/2013 16:08:59","Album27"
"279","2720964351","tb_album27","17/7/2012 18:13:15","18/11/2013 16:08:59","Album27"
"280","41881612","tb_album27","17/7/2012 18:13:15","18/11/2013 16:08:59","Album27"
"281","4075417305","tb_album28","17/7/2012 18:13:15","18/11/2013 16:08:59","Album28"
"282","2883095142","tb_album28","17/7/2012 18:13:15","18/11/2013 16:08:59","Album28"
"283","3279078787","tb_album28","17/7/2012 18:13:15","18/11/2013 16:08:59","Album28"
"284","531755943","tb_album28","17/7/2012 18:13:15","18/11/2013 16:08:59","Album28"
"285","712779818","tb_album28","17/7/2012 18:13:15","18/11/2013 16:08:59","Album28"
"286","4210462863","tb_album28","17/7/2012 18:13:15","18/11/2013 16:08:59","Album28"
"287","3264205205","tb_album28","17/7/2012 18:13:15","18/11/2013 16:08:59","Album28"
"288","2925271745","tb_album28","17/7/2012 18:13:15","18/11/2013 16:08:59","Album28"
"289","1932076395","tb_album28","17/7/2012 18:13:15","18/11/2013 16:08:59","Album28"
"290","4222715983","tb_album28","17/7/2012 18:13:15","18/11/2013 16:08:59","Album28"
"291","463583693","tb_album29","17/7/2012 18:13:15","18/11/2013 16:08:59","Album29"
"292","4055018447","tb_album29","17/7/2012 18:13:15","18/11/2013 16:08:59","Album29"
"293","3938640365","tb_album29","17/7/2012 18:13:15","18/11/2013 16:08:59","Album29"
"294","3281855606","tb_album29","17/7/2012 18:13:15","18/11/2013 16:08:59","Album29"
"295","875632714","tb_album29","17/7/2012 18:13:15","18/11/2013 16:08:59","Album29"
"296","923306678","tb_album29","17/7/2012 18:13:15","18/11/2013 16:08:59","Album29"
"297","1465052801","tb_album29","17/7/2012 18:13:15","18/11/2013 16:08:59","Album29"
"298","2321087445","tb_album29","17/7/2012 18:13:15","18/11/2013 16:08:59","Album29"
"299","377271716","tb_album29","17/7/2012 18:13:15","18/11/2013 16:08:59","Album29"
"300","3892362110","tb_album29","17/7/2012 18:13:15","18/11/2013 16:08:59","Album29"
"301","4113880381","tb_album30","17/7/2012 18:13:15","18/11/2013 16:08:59","Album30"
"302","2271763745","tb_album30","17/7/2012 18:13:15","18/11/2013 16:08:59","Album30"
"303","4133918190","tb_album30","17/7/2012 18:13:15","18/11/2013 16:08:59","Album30"
"304","1383238910","tb_album30","17/7/2012 18:13:15","18/11/2013 16:08:59","Album30"
"305","3434967936","tb_album30","17/7/2012 18:13:15","18/11/2013 16:08:59","Album30"
"306","161071478","tb_album30","17/7/2012 18:13:15","18/11/2013 16:08:59","Album30"
"307","2103548766","tb_album30","17/7/2012 18:13:15","18/11/2013 16:08:59","Album30"
"308","3258224834","tb_album30","17/7/2012 18:13:15","18/11/2013 16:08:59","Album30"
"309","121386093","tb_album30","17/7/2012 18:13:15","18/11/2013 16:08:59","Album30"
"310","763094553","tb_album30","17/7/2012 18:13:15","18/11/2013 16:08:59","Album30"
"311","3873762411","tb_album31","17/7/2012 18:13:15","18/11/2013 16:08:59","Album31"
"312","2528892026","tb_album31","17/7/2012 18:13:15","18/11/2013 16:08:59","Album31"
"313","413056401","tb_album31","17/7/2012 18:13:15","18/11/2013 16:08:59","Album31"
"314","3617454711","tb_album31","17/7/2012 18:13:15","18/11/2013 16:08:59","Album31"
"315","4134065659","tb_album31","17/7/2012 18:13:15","18/11/2013 16:08:59","Album31"
"316","3025520518","tb_album31","17/7/2012 18:13:15","18/11/2013 16:08:59","Album31"
"317","845730493","tb_album31","17/7/2012 18:13:15","18/11/2013 16:08:59","Album31"
"318","1157349134","tb_album31","17/7/2012 18:13:15","18/11/2013 16:08:59","Album31"
"319","425802462","tb_album31","17/7/2012 18:13:15","18/11/2013 16:08:59","Album31"
"320","533855231","tb_album31","17/7/2012 18:13:15","18/11/2013 16:08:59","Album31"
"321","2605168111","tb_album32","17/7/2012 18:13:15","18/11/2013 16:08:59","Album32"
"322","1224679799","tb_album32","17/7/2012 18:13:15","18/11/2013 16:08:59","Album32"
"323","3080473104","tb_album32","17/7/2012 18:13:15","18/11/2013 16:08:59","Album32"
"324","2813143385","tb_album32","17/7/2012 18:13:15","18/11/2013 16:08:59","Album32"
"325","281796457","tb_album32","17/7/2012 18:13:15","18/11/2013 16:08:59","Album32"
"326","3224473068","tb_album32","17/7/2012 18:13:15","18/11/2013 16:08:59","Album32"
"327","4252606170","tb_album32","17/7/2012 18:13:15","18/11/2013 16:08:59","Album32"
"328","1484220303","tb_album32","17/7/2012 18:13:15","18/11/2013 16:08:59","Album32"
"329","1789321685","tb_album32","17/7/2012 18:13:15","18/11/2013 16:08:59","Album32"
"330","3188839435","tb_album32","17/7/2012 18:13:15","18/11/2013 16:08:59","Album32"
"331","1989434891","tb_album33","17/7/2012 18:13:15","18/11/2013 16:08:59","Album33"
"332","1537458531","tb_album33","17/7/2012 18:13:15","18/11/2013 16:08:59","Album33"
"333","2061755752","tb_album33","17/7/2012 18:13:15","18/11/2013 16:08:59","Album33"
"334","3330616914","tb_album33","17/7/2012 18:13:15","18/11/2013 16:08:59","Album33"
"335","3448034719","tb_album33","17/7/2012 18:13:15","18/11/2013 16:08:59","Album33"
"336","2348198366","tb_album33","17/7/2012 18:13:15","18/11/2013 16:08:59","Album33"
"337","2119222115","tb_album33","17/7/2012 18:13:15","18/11/2013 16:08:59","Album33"
"338","3837129447","tb_album33","17/7/2012 18:13:15","18/11/2013 16:08:59","Album33"
"339","23258060","tb_album33","17/7/2012 18:13:15","18/11/2013 16:08:59","Album33"
"340","239805652","tb_album33","17/7/2012 18:13:15","18/11/2013 16:08:59","Album33"
"341","166565094","tb_album34","17/7/2012 18:13:15","18/11/2013 16:08:59","Album34"
"342","961303783","tb_album34","17/7/2012 18:13:15","18/11/2013 16:08:59","Album34"
"343","3394899910","tb_album34","17/7/2012 18:13:15","18/11/2013 16:08:59","Album34"
"344","1017296066","tb_album34","17/7/2012 18:13:15","18/11/2013 16:08:59","Album34"
"345","1731109745","tb_album34","17/7/2012 18:13:15","18/11/2013 16:08:59","Album34"
"346","1015890486","tb_album34","17/7/2012 18:13:15","18/11/2013 16:08:59","Album34"
"347","2424670003","tb_album34","17/7/2012 18:13:15","18/11/2013 16:08:59","Album34"
"348","1441129194","tb_album34","17/7/2012 18:13:15","18/11/2013 16:08:59","Album34"
"349","2695860371","tb_album34","17/7/2012 18:13:15","18/11/2013 16:08:59","Album34"
"350","2156170674","tb_album34","17/7/2012 18:13:15","18/11/2013 16:08:59","Album34"
"351","385113716","tb_album35","17/7/2012 18:13:15","18/11/2013 16:08:59","Album35"
"352","4127180840","tb_album35","17/7/2012 18:13:15","18/11/2013 16:08:59","Album35"
"353","586999169","tb_album35","17/7/2012 18:13:15","18/11/2013 16:08:59","Album35"
"354","12838202","tb_album35","17/7/2012 18:13:15","18/11/2013 16:08:59","Album35"
"355","4238819434","tb_album35","17/7/2012 18:13:15","18/11/2013 16:08:59","Album35"
"356","2888467475","tb_album35","17/7/2012 18:13:15","18/11/2013 16:08:59","Album35"
"357","62777769","tb_album35","17/7/2012 18:13:15","18/11/2013 16:08:59","Album35"
"358","2392033198","tb_album35","17/7/2012 18:13:15","18/11/2013 16:08:59","Album35"
"359","3659601547","tb_album35","17/7/2012 18:13:15","18/11/2013 16:08:59","Album35"
"360","2614891833","tb_album35","17/7/2012 18:13:15","18/11/2013 16:08:59","Album35"
"361","2255347244","tb_album36","17/7/2012 18:13:15","18/11/2013 16:08:59","Album36"
"362","9614027","tb_album36","17/7/2012 18:13:15","18/11/2013 16:08:59","Album36"
"363","203890768","tb_album36","17/7/2012 18:13:15","18/11/2013 16:08:59","Album36"
"364","3136009030","tb_album36","17/7/2012 18:13:15","18/11/2013 16:08:59","Album36"
"365","1158326550","tb_album36","17/7/2012 18:13:15","18/11/2013 16:08:59","Album36"
"366","1761912385","tb_album36","17/7/2012 18:13:15","18/11/2013 16:08:59","Album36"
"367","1638181740","tb_album36","17/7/2012 18:13:15","18/11/2013 16:09:00","Album36"
"368","1673856654","tb_album36","17/7/2012 18:13:15","18/11/2013 16:09:00","Album36"
"369","178624896","tb_album36","17/7/2012 18:13:15","18/11/2013 16:09:00","Album36"
"370","2137062288","tb_album36","17/7/2012 18:13:15","18/11/2013 16:09:00","Album36"
"371","2982993018","tb_album37","17/7/2012 18:13:15","18/11/2013 16:09:00","Album37"
"372","1022772088","tb_album37","17/7/2012 18:13:15","18/11/2013 16:09:00","Album37"
"373","3618763998","tb_album37","17/7/2012 18:13:15","18/11/2013 16:09:00","Album37"
"374","2491594592","tb_album37","17/7/2012 18:13:15","18/11/2013 16:09:00","Album37"
"375","2587890528","tb_album37","17/7/2012 18:13:15","18/11/2013 16:09:00","Album37"
"376","1309347778","tb_album37","17/7/2012 18:13:15","18/11/2013 16:09:00","Album37"
"377","2547897785","tb_album37","17/7/2012 18:13:15","18/11/2013 16:09:00","Album37"
"378","1674836720","tb_album37","17/7/2012 18:13:15","18/11/2013 16:09:00","Album37"
"379","1350366778","tb_album37","17/7/2012 18:13:15","18/11/2013 16:09:00","Album37"
"380","803671234","tb_album37","17/7/2012 18:13:15","18/11/2013 16:09:00","Album37"
"381","708236435","tb_album38","17/7/2012 18:13:15","18/11/2013 16:09:00","Album38"
"382","737722241","tb_album38","17/7/2012 18:13:15","18/11/2013 16:09:00","Album38"
"383","2918124986","tb_album38","17/7/2012 18:13:15","18/11/2013 16:09:00","Album38"
"384","1801220915","tb_album38","17/7/2012 18:13:15","18/11/2013 16:09:00","Album38"
"385","1415065654","tb_album38","17/7/2012 18:13:15","18/11/2013 16:09:00","Album38"
"386","3064439196","tb_album38","17/7/2012 18:13:15","18/11/2013 16:09:00","Album38"
"387","1710705429","tb_album38","17/7/2012 18:13:15","18/11/2013 16:09:00","Album38"
"388","3126878099","tb_album38","17/7/2012 18:13:15","18/11/2013 16:09:00","Album38"
"389","3747016277","tb_album38","17/7/2012 18:13:15","18/11/2013 16:09:00","Album38"
"390","2756018544","tb_album38","17/7/2012 18:13:15","18/11/2013 16:09:00","Album38"
"391","678900895","tb_album39","17/7/2012 18:13:15","18/11/2013 16:09:00","Album39"
"392","347763426","tb_album39","17/7/2012 18:13:15","18/11/2013 16:09:00","Album39"
"393","3949693472","tb_album39","17/7/2012 18:13:15","18/11/2013 16:09:00","Album39"
"394","642548354","tb_album39","17/7/2012 18:13:15","18/11/2013 16:09:00","Album39"
"395","3797114568","tb_album39","17/7/2012 18:13:15","18/11/2013 16:09:00","Album39"
"396","3161275623","tb_album39","17/7/2012 18:13:15","18/11/2013 16:09:00","Album39"
"397","4131583022","tb_album39","17/7/2012 18:13:15","18/11/2013 16:09:00","Album39"
"398","3036343064","tb_album39","17/7/2012 18:13:15","18/11/2013 16:09:00","Album39"
"399","2189693949","tb_album39","17/7/2012 18:13:15","18/11/2013 16:09:00","Album39"
"400","667687017","tb_album39","17/7/2012 18:13:15","18/11/2013 16:09:00","Album39"
"401","1637816194","tb_album40","17/7/2012 18:13:15","18/11/2013 16:09:00","Album40"
"402","838338432","tb_album40","17/7/2012 18:13:15","18/11/2013 16:09:00","Album40"
"403","1925480077","tb_album40","17/7/2012 18:13:15","18/11/2013 16:09:00","Album40"
"404","4115239983","tb_album40","17/7/2012 18:13:15","18/11/2013 16:09:00","Album40"
"405","1611370050","tb_album40","17/7/2012 18:13:15","18/11/2013 16:09:00","Album40"
"406","359202609","tb_album40","17/7/2012 18:13:15","18/11/2013 16:09:00","Album40"
"407","222521535","tb_album40","17/7/2012 18:13:15","18/11/2013 16:09:00","Album40"
"408","3042869010","tb_album40","17/7/2012 18:13:15","18/11/2013 16:09:00","Album40"
"409","3724723665","tb_album40","17/7/2012 18:13:15","18/11/2013 16:09:00","Album40"
"410","404671902","tb_album40","17/7/2012 18:13:15","18/11/2013 16:09:00","Album40"
"411","3735370849","tb_album41","17/7/2012 18:13:15","18/11/2013 16:09:00","Album41"
"412","95879671","tb_album41","17/7/2012 18:13:15","18/11/2013 16:09:00","Album41"
"413","3192813818","tb_album41","17/7/2012 18:13:15","18/11/2013 16:09:00","Album41"
"414","1414901124","tb_album41","17/7/2012 18:13:15","18/11/2013 16:09:00","Album41"
"415","3597717078","tb_album41","17/7/2012 18:13:15","18/11/2013 16:09:00","Album41"
"416","1797093392","tb_album41","17/7/2012 18:13:15","18/11/2013 16:09:00","Album41"
"417","335852238","tb_album41","17/7/2012 18:13:15","18/11/2013 16:09:00","Album41"
"418","1248698447","tb_album41","17/7/2012 18:13:15","18/11/2013 16:09:00","Album41"
"419","3763533807","tb_album41","17/7/2012 18:13:15","18/11/2013 16:09:00","Album41"
"420","1950826803","tb_album41","17/7/2012 18:13:15","18/11/2013 16:09:00","Album41"
"421","2083114575","tb_album42","17/7/2012 18:13:15","18/11/2013 16:09:00","Album42"
"422","36437980","tb_album42","17/7/2012 18:13:15","18/11/2013 16:09:00","Album42"
"423","3228283565","tb_album42","17/7/2012 18:13:15","18/11/2013 16:09:00","Album42"
"424","1987244719","tb_album42","17/7/2012 18:13:15","18/11/2013 16:09:00","Album42"
"425","3592346287","tb_album42","17/7/2012 18:13:15","18/11/2013 16:09:00","Album42"
"426","2882100239","tb_album42","17/7/2012 18:13:15","18/11/2013 16:09:00","Album42"
"427","52514078","tb_album42","17/7/2012 18:13:15","18/11/2013 16:09:00","Album42"
"428","3711232140","tb_album42","17/7/2012 18:13:15","18/11/2013 16:09:00","Album42"
"429","4177188359","tb_album42","17/7/2012 18:13:15","18/11/2013 16:09:00","Album42"
"430","1242231795","tb_album42","17/7/2012 18:13:15","18/11/2013 16:09:00","Album42"
"431","926226557","tb_album43","17/7/2012 18:13:15","18/11/2013 16:09:00","Album43"
"432","1594726142","tb_album43","17/7/2012 18:13:15","18/11/2013 16:09:00","Album43"
"433","259796870","tb_album43","17/7/2012 18:13:15","18/11/2013 16:09:00","Album43"
"434","1770851598","tb_album43","17/7/2012 18:13:15","18/11/2013 16:09:00","Album43"
"435","2789905586","tb_album43","17/7/2012 18:13:15","18/11/2013 16:09:00","Album43"
"436","1786760923","tb_album43","17/7/2012 18:13:15","18/11/2013 16:09:00","Album43"
"437","3399158772","tb_album43","17/7/2012 18:13:15","18/11/2013 16:09:00","Album43"
"438","3160752375","tb_album43","17/7/2012 18:13:15","18/11/2013 16:09:00","Album43"
"439","3667163370","tb_album43","17/7/2012 18:13:15","18/11/2013 16:09:00","Album43"
"440","3275704511","tb_album43","17/7/2012 18:13:15","18/11/2013 16:09:00","Album43"
"441","2540696979","tb_album44","17/7/2012 18:13:15","18/11/2013 16:09:00","Album44"
"442","1940385086","tb_album44","17/7/2012 18:13:15","18/11/2013 16:09:00","Album44"
"443","2665266442","tb_album44","17/7/2012 18:13:15","18/11/2013 16:09:00","Album44"
"444","2300647264","tb_album44","17/7/2012 18:13:15","18/11/2013 16:09:00","Album44"
"445","1536357862","tb_album44","17/7/2012 18:13:15","18/11/2013 16:09:00","Album44"
"446","1072110740","tb_album44","17/7/2012 18:13:15","18/11/2013 16:09:00","Album44"
"447","545040702","tb_album44","17/7/2012 18:13:15","18/11/2013 16:09:00","Album44"
"448","3183109693","tb_album44","17/7/2012 18:13:15","18/11/2013 16:09:00","Album44"
"449","1778443292","tb_album44","17/7/2012 18:13:15","18/11/2013 16:09:00","Album44"
"450","760745562","tb_album44","17/7/2012 18:13:15","18/11/2013 16:09:00","Album44"
"451","2080682803","tb_album45","17/7/2012 18:13:15","18/11/2013 16:09:00","Album45"
"452","2652220245","tb_album45","17/7/2012 18:13:15","18/11/2013 16:09:00","Album45"
"453","3196188391","tb_album45","17/7/2012 18:13:15","18/11/2013 16:09:00","Album45"
"454","3988882289","tb_album45","17/7/2012 18:13:15","18/11/2013 16:09:00","Album45"
"455","533589565","tb_album45","17/7/2012 18:13:15","18/11/2013 16:09:00","Album45"
"456","2940734308","tb_album45","17/7/2012 18:13:15","18/11/2013 16:09:00","Album45"
"457","2469318807","tb_album45","17/7/2012 18:13:15","18/11/2013 16:09:00","Album45"
"458","1738021325","tb_album45","17/7/2012 18:13:15","18/11/2013 16:09:00","Album45"
"459","130224403","tb_album45","17/7/2012 18:13:15","18/11/2013 16:09:00","Album45"
"460","2809534626","tb_album45","17/7/2012 18:13:15","18/11/2013 16:09:00","Album45"
"461","1175096716","tb_album46","17/7/2012 18:13:15","18/11/2013 16:09:00","Album46"
"462","1341832370","tb_album46","17/7/2012 18:13:15","18/11/2013 16:09:00","Album46"
"463","3575867987","tb_album46","17/7/2012 18:13:15","18/11/2013 16:09:00","Album46"
"464","761326260","tb_album46","17/7/2012 18:13:15","18/11/2013 16:09:00","Album46"
"465","2851290315","tb_album46","17/7/2012 18:13:15","18/11/2013 16:09:00","Album46"
"466","3504345009","tb_album46","17/7/2012 18:13:15","18/11/2013 16:09:00","Album46"
"467","3184718761","tb_album46","17/7/2012 18:13:15","18/11/2013 16:09:00","Album46"
"468","3392940936","tb_album46","17/7/2012 18:13:15","18/11/2013 16:09:00","Album46"
"469","121636680","tb_album46","17/7/2012 18:13:15","18/11/2013 16:09:00","Album46"
"470","2698992530","tb_album46","17/7/2012 18:13:15","18/11/2013 16:09:00","Album46"
"471","3537761447","tb_album47","17/7/2012 18:13:15","18/11/2013 16:09:00","Album47"
"472","1803521864","tb_album47","17/7/2012 18:13:15","18/11/2013 16:09:00","Album47"
"473","1553529974","tb_album47","17/7/2012 18:13:15","18/11/2013 16:09:00","Album47"
"474","483343763","tb_album47","17/7/2012 18:13:15","18/11/2013 16:09:00","Album47"
"475","1776315813","tb_album47","17/7/2012 18:13:15","18/11/2013 16:09:00","Album47"
"476","2059590341","tb_album47","17/7/2012 18:13:15","18/11/2013 16:09:00","Album47"
"477","2077846146","tb_album47","17/7/2012 18:13:15","18/11/2013 16:09:00","Album47"
"478","264353048","tb_album47","17/7/2012 18:13:15","18/11/2013 16:09:00","Album47"
"479","1363226062","tb_album47","17/7/2012 18:13:15","18/11/2013 16:09:00","Album47"
"480","3506901616","tb_album47","17/7/2012 18:13:15","18/11/2013 16:09:00","Album47"
"481","1122193872","tb_album48","17/7/2012 18:13:15","18/11/2013 16:09:00","Album48"
"482","569898536","tb_album48","17/7/2012 18:13:15","18/11/2013 16:09:00","Album48"
"483","3982582072","tb_album48","17/7/2012 18:13:15","18/11/2013 16:09:00","Album48"
"484","2401721920","tb_album48","17/7/2012 18:13:15","18/11/2013 16:09:00","Album48"
"485","2728445893","tb_album48","17/7/2012 18:13:15","18/11/2013 16:09:00","Album48"
"486","4143189986","tb_album48","17/7/2012 18:13:15","18/11/2013 16:09:00","Album48"
"487","1965638946","tb_album48","17/7/2012 18:13:15","18/11/2013 16:09:00","Album48"
"488","880392327","tb_album48","17/7/2012 18:13:15","18/11/2013 16:09:00","Album48"
"489","960693052","tb_album48","17/7/2012 18:13:15","18/11/2013 16:09:00","Album48"
"490","3710051773","tb_album48","17/7/2012 18:13:15","18/11/2013 16:09:00","Album48"
"491","1163174465","tb_album49","17/7/2012 18:13:15","18/11/2013 16:09:00","Album49"
"492","561588415","tb_album49","17/7/2012 18:13:15","18/11/2013 16:09:00","Album49"
"493","2262194397","tb_album49","17/7/2012 18:13:15","18/11/2013 16:09:00","Album49"
"494","2598598951","tb_album49","17/7/2012 18:13:15","18/11/2013 16:09:00","Album49"
"495","307387906","tb_album49","17/7/2012 18:13:15","18/11/2013 16:09:00","Album49"
"496","491833532","tb_album49","17/7/2012 18:13:15","18/11/2013 16:09:00","Album49"
"497","635030910","tb_album49","17/7/2012 18:13:15","18/11/2013 16:09:00","Album49"
"498","3819020626","tb_album49","17/7/2012 18:13:15","18/11/2013 16:09:00","Album49"
"499","1627051487","tb_album49","17/7/2012 18:13:15","18/11/2013 16:09:00","Album49"
"500","1817078257","tb_album49","17/7/2012 18:13:15","18/11/2013 16:09:00","Album49"
"501","1974862584","tb_album50","17/7/2012 18:13:15","18/11/2013 16:09:00","Album50"
"502","2382156923","tb_album50","17/7/2012 18:13:15","18/11/2013 16:09:00","Album50"
"503","3423017540","tb_album50","17/7/2012 18:13:15","18/11/2013 16:09:00","Album50"
"504","887373458","tb_album50","17/7/2012 18:13:15","18/11/2013 16:09:00","Album50"
"505","2956662629","tb_album50","17/7/2012 18:13:15","18/11/2013 16:09:00","Album50"
"506","2304080679","tb_album50","17/7/2012 18:13:15","18/11/2013 16:09:00","Album50"
"507","73511566","tb_album50","17/7/2012 18:13:15","18/11/2013 16:09:00","Album50"
"508","3799554483","tb_album50","17/7/2012 18:13:15","18/11/2013 16:09:00","Album50"
"509","1197390031","tb_album50","17/7/2012 18:13:15","18/11/2013 16:09:00","Album50"
"510","1736157244","tb_album50","17/7/2012 18:13:15","18/11/2013 16:09:00","Album50"
"511","121746382","tb_album51","17/7/2012 18:13:15","18/11/2013 16:09:00","Album51"
"512","2845226981","tb_album51","17/7/2012 18:13:15","18/11/2013 16:09:00","Album51"
"513","1829240468","tb_album51","17/7/2012 18:13:15","18/11/2013 16:09:00","Album51"
"514","3092711509","tb_album51","17/7/2012 18:13:15","18/11/2013 16:09:00","Album51"
"515","3081751501","tb_album51","17/7/2012 18:13:15","18/11/2013 16:09:00","Album51"
"516","2451335000","tb_album51","17/7/2012 18:13:15","18/11/2013 16:09:00","Album51"
"517","263528755","tb_album51","17/7/2012 18:13:15","18/11/2013 16:09:00","Album51"
"518","2505145833","tb_album51","17/7/2012 18:13:15","18/11/2013 16:09:00","Album51"
"519","339208079","tb_album51","17/7/2012 18:13:15","18/11/2013 16:09:00","Album51"
"520","982610302","tb_album51","17/7/2012 18:13:15","18/11/2013 16:09:00","Album51"
"521","523950931","tb_album52","17/7/2012 18:13:15","18/11/2013 16:09:00","Album52"
"522","3256151909","tb_album52","17/7/2012 18:13:15","18/11/2013 16:09:00","Album52"
"523","1864191370","tb_album52","17/7/2012 18:13:15","18/11/2013 16:09:00","Album52"
"524","1351754671","tb_album52","17/7/2012 18:13:15","18/11/2013 16:09:00","Album52"
"525","4289597335","tb_album52","17/7/2012 18:13:15","18/11/2013 16:09:00","Album52"
"526","1365510376","tb_album52","17/7/2012 18:13:15","18/11/2013 16:09:00","Album52"
"527","1696465553","tb_album52","17/7/2012 18:13:15","18/11/2013 16:09:00","Album52"
"528","1723323822","tb_album52","17/7/2012 18:13:15","18/11/2013 16:09:00","Album52"
"529","4224732861","tb_album52","17/7/2012 18:13:15","18/11/2013 16:09:00","Album52"
"530","2858886034","tb_album52","17/7/2012 18:13:15","18/11/2013 16:09:00","Album52"
"531","1245739193","tb_album53","17/7/2012 18:13:15","18/11/2013 16:09:00","Album53"
"532","1550364621","tb_album53","17/7/2012 18:13:15","18/11/2013 16:09:00","Album53"
"533","1758954023","tb_album53","17/7/2012 18:13:15","18/11/2013 16:09:00","Album53"
"534","1125968346","tb_album53","17/7/2012 18:13:15","18/11/2013 16:09:00","Album53"
"535","3994159385","tb_album53","17/7/2012 18:13:15","18/11/2013 16:09:00","Album53"
"536","1111731728","tb_album53","17/7/2012 18:13:15","18/11/2013 16:09:00","Album53"
"537","1181499859","tb_album53","17/7/2012 18:13:15","18/11/2013 16:09:00","Album53"
"538","3516909581","tb_album53","17/7/2012 18:13:15","18/11/2013 16:09:00","Album53"
"539","1067791131","tb_album53","17/7/2012 18:13:15","18/11/2013 16:09:00","Album53"
"540","879335917","tb_album53","17/7/2012 18:13:15","18/11/2013 16:09:00","Album53"
"541","990414936","tb_album54","17/7/2012 18:13:15","18/11/2013 16:09:00","Album54"
"542","2099808298","tb_album54","17/7/2012 18:13:15","18/11/2013 16:09:00","Album54"
"543","441803198","tb_album54","17/7/2012 18:13:15","18/11/2013 16:09:00","Album54"
"544","1335818666","tb_album54","17/7/2012 18:13:15","18/11/2013 16:09:00","Album54"
"545","1625850623","tb_album54","17/7/2012 18:13:15","18/11/2013 16:09:00","Album54"
"546","4060445244","tb_album54","17/7/2012 18:13:15","18/11/2013 16:09:00","Album54"
"547","4217790448","tb_album54","17/7/2012 18:13:15","18/11/2013 16:09:00","Album54"
"548","4156628854","tb_album54","17/7/2012 18:13:15","18/11/2013 16:09:00","Album54"
"549","3110293971","tb_album54","17/7/2012 18:13:15","18/11/2013 16:09:01","Album54"
"550","2521191457","tb_album54","17/7/2012 18:13:15","18/11/2013 16:09:01","Album54"
"551","2219585261","tb_album55","17/7/2012 18:13:15","18/11/2013 16:09:01","Album55"
"552","4208698141","tb_album55","17/7/2012 18:13:15","18/11/2013 16:09:01","Album55"
"553","2577668150","tb_album55","17/7/2012 18:13:15","18/11/2013 16:09:01","Album55"
"554","2398396616","tb_album55","17/7/2012 18:13:15","18/11/2013 16:09:01","Album55"
"555","98619143","tb_album55","17/7/2012 18:13:15","18/11/2013 16:09:01","Album55"
"556","1117171747","tb_album55","17/7/2012 18:13:15","18/11/2013 16:09:01","Album55"
"557","3076630662","tb_album55","17/7/2012 18:13:15","18/11/2013 16:09:01","Album55"
"558","728880978","tb_album55","17/7/2012 18:13:15","18/11/2013 16:09:01","Album55"
"559","1497296745","tb_album55","17/7/2012 18:13:15","18/11/2013 16:09:01","Album55"
"560","1193850239","tb_album55","17/7/2012 18:13:15","18/11/2013 16:09:01","Album55"
"561","3119282852","tb_album56","17/7/2012 18:13:15","18/11/2013 16:09:01","Album56"
"562","2647779240","tb_album56","17/7/2012 18:13:15","18/11/2013 16:09:01","Album56"
"563","1294718823","tb_album56","17/7/2012 18:13:15","18/11/2013 16:09:01","Album56"
"564","488670671","tb_album56","17/7/2012 18:13:15","18/11/2013 16:09:01","Album56"
"565","2368726786","tb_album56","17/7/2012 18:13:15","18/11/2013 16:09:01","Album56"
"566","2120476241","tb_album56","17/7/2012 18:13:15","18/11/2013 16:09:01","Album56"
"567","279634974","tb_album56","17/7/2012 18:13:15","18/11/2013 16:09:01","Album56"
"568","3957723513","tb_album56","17/7/2012 18:13:15","18/11/2013 16:09:01","Album56"
"569","1444399527","tb_album56","17/7/2012 18:13:15","18/11/2013 16:09:01","Album56"
"570","3716026853","tb_album56","17/7/2012 18:13:15","18/11/2013 16:09:01","Album56"
"571","1360671087","tb_album57","17/7/2012 18:13:15","18/11/2013 16:09:01","Album57"
"572","1589317169","tb_album57","17/7/2012 18:13:15","18/11/2013 16:09:01","Album57"
"573","3183669627","tb_album57","17/7/2012 18:13:15","18/11/2013 16:09:01","Album57"
"574","2528726619","tb_album57","17/7/2012 18:13:15","18/11/2013 16:09:01","Album57"
"575","2162573815","tb_album57","17/7/2012 18:13:15","18/11/2013 16:09:01","Album57"
"576","1741967330","tb_album57","17/7/2012 18:13:15","18/11/2013 16:09:01","Album57"
"577","394364577","tb_album57","17/7/2012 18:13:15","18/11/2013 16:09:01","Album57"
"578","1429208171","tb_album57","17/7/2012 18:13:15","18/11/2013 16:09:01","Album57"
"579","229762253","tb_album57","17/7/2012 18:13:15","18/11/2013 16:09:01","Album57"
"580","3541722827","tb_album57","17/7/2012 18:13:15","18/11/2013 16:09:01","Album57"
"581","1237300121","tb_album58","17/7/2012 18:13:15","18/11/2013 16:09:01","Album58"
"582","2123961958","tb_album58","17/7/2012 18:13:15","18/11/2013 16:09:01","Album58"
"583","1951722037","tb_album58","17/7/2012 18:13:15","18/11/2013 16:09:01","Album58"
"584","2870495543","tb_album58","17/7/2012 18:13:15","18/11/2013 16:09:01","Album58"
"585","3680818077","tb_album58","17/7/2012 18:13:15","18/11/2013 16:09:01","Album58"
"586","127522831","tb_album58","17/7/2012 18:13:15","18/11/2013 16:09:01","Album58"
"587","2809242618","tb_album58","17/7/2012 18:13:15","18/11/2013 16:09:01","Album58"
"588","4119428325","tb_album58","17/7/2012 18:13:15","18/11/2013 16:09:01","Album58"
"589","264332888","tb_album58","17/7/2012 18:13:15","18/11/2013 16:09:01","Album58"
"590","2457316055","tb_album58","17/7/2012 18:13:15","18/11/2013 16:09:01","Album58"
"591","1192620813","tb_album59","17/7/2012 18:13:15","18/11/2013 16:09:01","Album59"
"592","2263474844","tb_album59","17/7/2012 18:13:15","18/11/2013 16:09:01","Album59"
"593","495060698","tb_album59","17/7/2012 18:13:15","18/11/2013 16:09:01","Album59"
"594","1688926567","tb_album59","17/7/2012 18:13:15","18/11/2013 16:09:01","Album59"
"595","3537117007","tb_album59","17/7/2012 18:13:15","18/11/2013 16:09:01","Album59"
"596","219376912","tb_album59","17/7/2012 18:13:15","18/11/2013 16:09:01","Album59"
"597","4214773751","tb_album59","17/7/2012 18:13:15","18/11/2013 16:09:01","Album59"
"598","3081544670","tb_album59","17/7/2012 18:13:15","18/11/2013 16:09:01","Album59"
"599","2238355295","tb_album59","17/7/2012 18:13:15","18/11/2013 16:09:01","Album59"
"600","830882378","tb_album59","17/7/2012 18:13:15","18/11/2013 16:09:01","Album59"
"601","2023799748","tb_album60","17/7/2012 18:13:15","18/11/2013 16:09:01","Album60"
"602","3266397820","tb_album60","17/7/2012 18:13:15","18/11/2013 16:09:01","Album60"
"603","2096727909","tb_album60","17/7/2012 18:13:15","18/11/2013 16:09:01","Album60"
"604","2787301227","tb_album60","17/7/2012 18:13:15","18/11/2013 16:09:01","Album60"
"605","3584478405","tb_album60","17/7/2012 18:13:15","18/11/2013 16:09:01","Album60"
"606","3788783294","tb_album60","17/7/2012 18:13:15","18/11/2013 16:09:01","Album60"
"607","3877689365","tb_album60","17/7/2012 18:13:15","18/11/2013 16:09:01","Album60"
"608","1703551969","tb_album60","17/7/2012 18:13:15","18/11/2013 16:09:01","Album60"
"609","3820591226","tb_album60","17/7/2012 18:13:15","18/11/2013 16:09:01","Album60"
"610","1049522585","tb_album60","17/7/2012 18:13:15","18/11/2013 16:09:01","Album60"
"611","607319696","tb_album61","17/7/2012 18:13:15","18/11/2013 16:09:01","Album61"
"612","2681184768","tb_album61","17/7/2012 18:13:15","18/11/2013 16:09:01","Album61"
"613","1415402522","tb_album61","17/7/2012 18:13:15","18/11/2013 16:09:01","Album61"
"614","164003915","tb_album61","17/7/2012 18:13:15","18/11/2013 16:09:01","Album61"
"615","1939371522","tb_album61","17/7/2012 18:13:15","18/11/2013 16:09:01","Album61"
"616","691151053","tb_album61","17/7/2012 18:13:15","18/11/2013 16:09:01","Album61"
"617","3070588445","tb_album61","17/7/2012 18:13:15","18/11/2013 16:09:01","Album61"
"618","127906201","tb_album61","17/7/2012 18:13:15","18/11/2013 16:09:01","Album61"
"619","3244401328","tb_album61","17/7/2012 18:13:15","18/11/2013 16:09:01","Album61"
"620","1433754261","tb_album61","17/7/2012 18:13:15","18/11/2013 16:09:01","Album61"
"621","236270022","tb_album62","17/7/2012 18:13:15","18/11/2013 16:09:01","Album62"
"622","1706027538","tb_album62","17/7/2012 18:13:15","18/11/2013 16:09:01","Album62"
"623","925407073","tb_album62","17/7/2012 18:13:15","18/11/2013 16:09:01","Album62"
"624","1497313461","tb_album62","17/7/2012 18:13:15","18/11/2013 16:09:01","Album62"
"625","1068827966","tb_album62","17/7/2012 18:13:15","18/11/2013 16:09:01","Album62"
"626","2867725315","tb_album62","17/7/2012 18:13:15","18/11/2013 16:09:01","Album62"
"627","3840354177","tb_album62","17/7/2012 18:13:15","18/11/2013 16:09:01","Album62"
"628","1115456794","tb_album62","17/7/2012 18:13:15","18/11/2013 16:09:01","Album62"
"629","1850108815","tb_album62","17/7/2012 18:13:15","18/11/2013 16:09:01","Album62"
"630","1894876152","tb_album62","17/7/2012 18:13:15","18/11/2013 16:09:01","Album62"
"631","3805164670","tb_album63","17/7/2012 18:13:15","18/11/2013 16:09:01","Album63"
"632","4028282867","tb_album63","17/7/2012 18:13:15","18/11/2013 16:09:01","Album63"
"633","3803485368","tb_album63","17/7/2012 18:13:15","18/11/2013 16:09:01","Album63"
"634","2735303309","tb_album63","17/7/2012 18:13:15","18/11/2013 16:09:01","Album63"
"635","3084287950","tb_album63","17/7/2012 18:13:15","18/11/2013 16:09:01","Album63"
"636","2327424309","tb_album63","17/7/2012 18:13:15","18/11/2013 16:09:01","Album63"
"637","333267304","tb_album63","17/7/2012 18:13:15","18/11/2013 16:09:01","Album63"
"638","2085448283","tb_album63","17/7/2012 18:13:15","18/11/2013 16:09:01","Album63"
"639","3880015990","tb_album63","17/7/2012 18:13:15","18/11/2013 16:09:01","Album63"
"640","3785850410","tb_album63","17/7/2012 18:13:15","18/11/2013 16:09:01","Album63"
"641","3729482234","tb_album64","17/7/2012 18:13:15","18/11/2013 16:09:01","Album64"
"642","2619789337","tb_album64","17/7/2012 18:13:15","18/11/2013 16:09:01","Album64"
"643","1938382577","tb_album64","17/7/2012 18:13:15","18/11/2013 16:09:01","Album64"
"644","929708293","tb_album64","17/7/2012 18:13:15","18/11/2013 16:09:01","Album64"
"645","3036179990","tb_album64","17/7/2012 18:13:15","18/11/2013 16:09:01","Album64"
"646","3929549934","tb_album64","17/7/2012 18:13:15","18/11/2013 16:09:01","Album64"
"647","3460337835","tb_album64","17/7/2012 18:13:15","18/11/2013 16:09:01","Album64"
"648","3676046264","tb_album64","17/7/2012 18:13:15","18/11/2013 16:09:01","Album64"
"649","4156885223","tb_album64","17/7/2012 18:13:15","18/11/2013 16:09:01","Album64"
"650","966659165","tb_album64","17/7/2012 18:13:15","18/11/2013 16:09:01","Album64"
"651","3443562673","tb_album65","17/7/2012 18:13:15","18/11/2013 16:09:01","Album65"
"652","904907329","tb_album65","17/7/2012 18:13:15","18/11/2013 16:09:01","Album65"
"653","817152591","tb_album65","17/7/2012 18:13:15","18/11/2013 16:09:01","Album65"
"654","1687334875","tb_album65","17/7/2012 18:13:15","18/11/2013 16:09:01","Album65"
"655","1912095701","tb_album65","17/7/2012 18:13:15","18/11/2013 16:09:01","Album65"
"656","2223548210","tb_album65","17/7/2012 18:13:15","18/11/2013 16:09:01","Album65"
"657","3687365355","tb_album65","17/7/2012 18:13:15","18/11/2013 16:09:01","Album65"
"658","209423170","tb_album65","17/7/2012 18:13:15","18/11/2013 16:09:01","Album65"
"659","332859907","tb_album65","17/7/2012 18:13:15","18/11/2013 16:09:01","Album65"
"660","1487904998","tb_album65","17/7/2012 18:13:15","18/11/2013 16:09:01","Album65"
"661","2252517879","tb_album66","17/7/2012 18:13:15","18/11/2013 16:09:01","Album66"
"662","3659287506","tb_album66","17/7/2012 18:13:15","18/11/2013 16:09:01","Album66"
"663","213910506","tb_album66","17/7/2012 18:13:15","18/11/2013 16:09:01","Album66"
"664","3406477276","tb_album66","17/7/2012 18:13:15","18/11/2013 16:09:01","Album66"
"665","1080324183","tb_album66","17/7/2012 18:13:15","18/11/2013 16:09:01","Album66"
"666","2151849442","tb_album66","17/7/2012 18:13:15","18/11/2013 16:09:01","Album66"
"667","3759844768","tb_album66","17/7/2012 18:13:15","18/11/2013 16:09:01","Album66"
"668","2701897907","tb_album66","17/7/2012 18:13:15","18/11/2013 16:09:01","Album66"
"669","284592882","tb_album66","17/7/2012 18:13:15","18/11/2013 16:09:01","Album66"
"670","1445299697","tb_album66","17/7/2012 18:13:15","18/11/2013 16:09:01","Album66"
"671","2371395668","tb_album67","17/7/2012 18:13:15","18/11/2013 16:09:01","Album67"
"672","1274603659","tb_album67","17/7/2012 18:13:15","18/11/2013 16:09:01","Album67"
"673","3307332670","tb_album67","17/7/2012 18:13:15","18/11/2013 16:09:01","Album67"
"674","515382070","tb_album67","17/7/2012 18:13:15","18/11/2013 16:09:01","Album67"
"675","4251197673","tb_album67","17/7/2012 18:13:15","18/11/2013 16:09:01","Album67"
"676","14771276","tb_album67","17/7/2012 18:13:15","18/11/2013 16:09:01","Album67"
"677","3395682082","tb_album67","17/7/2012 18:13:15","18/11/2013 16:09:01","Album67"
"678","1504510249","tb_album67","17/7/2012 18:13:15","18/11/2013 16:09:01","Album67"
"679","2603513098","tb_album67","17/7/2012 18:13:15","18/11/2013 16:09:01","Album67"
"680","2258183535","tb_album67","17/7/2012 18:13:15","18/11/2013 16:09:01","Album67"
"681","691764034","tb_album68","17/7/2012 18:13:15","18/11/2013 16:09:01","Album68"
"682","4243123808","tb_album68","17/7/2012 18:13:15","18/11/2013 16:09:01","Album68"
"683","4133417963","tb_album68","17/7/2012 18:13:15","18/11/2013 16:09:01","Album68"
"684","418379569","tb_album68","17/7/2012 18:13:15","18/11/2013 16:09:01","Album68"
"685","3264760522","tb_album68","17/7/2012 18:13:15","18/11/2013 16:09:01","Album68"
"686","3537811428","tb_album68","17/7/2012 18:13:15","18/11/2013 16:09:01","Album68"
"687","3956378755","tb_album68","17/7/2012 18:13:15","18/11/2013 16:09:01","Album68"
"688","1047556139","tb_album68","17/7/2012 18:13:15","18/11/2013 16:09:01","Album68"
"689","1832987161","tb_album68","17/7/2012 18:13:15","18/11/2013 16:09:01","Album68"
"690","1821962863","tb_album68","17/7/2012 18:13:15","18/11/2013 16:09:01","Album68"
"691","4027392232","tb_album69","17/7/2012 18:13:15","18/11/2013 16:09:01","Album69"
"692","2907006040","tb_album69","17/7/2012 18:13:15","18/11/2013 16:09:01","Album69"
"693","2284831907","tb_album69","17/7/2012 18:13:15","18/11/2013 16:09:01","Album69"
"694","456565761","tb_album69","17/7/2012 18:13:15","18/11/2013 16:09:01","Album69"
"695","2162610257","tb_album69","17/7/2012 18:13:15","18/11/2013 16:09:01","Album69"
"696","3227862588","tb_album69","17/7/2012 18:13:15","18/11/2013 16:09:01","Album69"
"697","2194654537","tb_album69","17/7/2012 18:13:15","18/11/2013 16:09:01","Album69"
"698","1726866150","tb_album69","17/7/2012 18:13:15","18/11/2013 16:09:01","Album69"
"699","496484819","tb_album69","17/7/2012 18:13:15","18/11/2013 16:09:01","Album69"
"700","1503926638","tb_album69","17/7/2012 18:13:15","18/11/2013 16:09:01","Album69"
"701","2390103999","tb_album70","17/7/2012 18:13:15","18/11/2013 16:09:01","Album70"
"702","2017144239","tb_album70","17/7/2012 18:13:15","18/11/2013 16:09:01","Album70"
"703","1859692614","tb_album70","17/7/2012 18:13:15","18/11/2013 16:09:01","Album70"
"704","3875009884","tb_album70","17/7/2012 18:13:15","18/11/2013 16:09:01","Album70"
"705","466320286","tb_album70","17/7/2012 18:13:15","18/11/2013 16:09:01","Album70"
"706","4040121516","tb_album70","17/7/2012 18:13:15","18/11/2013 16:09:01","Album70"
"707","380320539","tb_album70","17/7/2012 18:13:15","18/11/2013 16:09:01","Album70"
"708","3898078400","tb_album70","17/7/2012 18:13:15","18/11/2013 16:09:01","Album70"
"709","2592158181","tb_album70","17/7/2012 18:13:15","18/11/2013 16:09:01","Album70"
"710","1073854075","tb_album70","17/7/2012 18:13:15","18/11/2013 16:09:01","Album70"
"711","3688015536","tb_album71","17/7/2012 18:13:15","18/11/2013 16:09:01","Album71"
"712","1956441949","tb_album71","17/7/2012 18:13:15","18/11/2013 16:09:01","Album71"
"713","1058709676","tb_album71","17/7/2012 18:13:15","18/11/2013 16:09:01","Album71"
"714","4116156995","tb_album71","17/7/2012 18:13:15","18/11/2013 16:09:01","Album71"
"715","460871654","tb_album71","17/7/2012 18:13:15","18/11/2013 16:09:01","Album71"
"716","1818544461","tb_album71","17/7/2012 18:13:15","18/11/2013 16:09:01","Album71"
"717","3535147881","tb_album71","17/7/2012 18:13:15","18/11/2013 16:09:01","Album71"
"718","2644114818","tb_album71","17/7/2012 18:13:15","18/11/2013 16:09:01","Album71"
"719","3155932774","tb_album71","17/7/2012 18:13:15","18/11/2013 16:09:01","Album71"
"720","1400473218","tb_album71","17/7/2012 18:13:15","18/11/2013 16:09:01","Album71"
"721","1217062170","tb_album72","17/7/2012 18:13:15","18/11/2013 16:09:01","Album72"
"722","3095482302","tb_album72","17/7/2012 18:13:15","18/11/2013 16:09:01","Album72"
"723","1845055924","tb_album72","17/7/2012 18:13:15","18/11/2013 16:09:01","Album72"
"724","290788381","tb_album72","17/7/2012 18:13:15","18/11/2013 16:09:01","Album72"
"725","2567317741","tb_album72","17/7/2012 18:13:15","18/11/2013 16:09:01","Album72"
"726","1261338823","tb_album72","17/7/2012 18:13:15","18/11/2013 16:09:01","Album72"
"727","2151082599","tb_album72","17/7/2012 18:13:15","18/11/2013 16:09:01","Album72"
"728","740407357","tb_album72","17/7/2012 18:13:15","18/11/2013 16:09:01","Album72"
"729","1575285210","tb_album72","17/7/2012 18:13:15","18/11/2013 16:09:02","Album72"
"730","3125567772","tb_album72","17/7/2012 18:13:15","18/11/2013 16:09:02","Album72"
"731","1720682308","tb_album73","17/7/2012 18:13:15","18/11/2013 16:09:02","Album73"
"732","3604400393","tb_album73","17/7/2012 18:13:15","18/11/2013 16:09:02","Album73"
"733","3450538931","tb_album73","17/7/2012 18:13:15","18/11/2013 16:09:02","Album73"
"734","1456706869","tb_album73","17/7/2012 18:13:15","18/11/2013 16:09:02","Album73"
"735","1770908646","tb_album73","17/7/2012 18:13:15","18/11/2013 16:09:02","Album73"
"736","2010853816","tb_album73","17/7/2012 18:13:15","18/11/2013 16:09:02","Album73"
"737","740092607","tb_album73","17/7/2012 18:13:15","18/11/2013 16:09:02","Album73"
"738","2609451954","tb_album73","17/7/2012 18:13:15","18/11/2013 16:09:02","Album73"
"739","1123146959","tb_album73","17/7/2012 18:13:15","18/11/2013 16:09:02","Album73"
"740","1213615843","tb_album73","17/7/2012 18:13:15","18/11/2013 16:09:02","Album73"
"741","1075550873","tb_album74","17/7/2012 18:13:15","18/11/2013 16:09:02","Album74"
"742","1838797109","tb_album74","17/7/2012 18:13:15","18/11/2013 16:09:02","Album74"
"743","2509575643","tb_album74","17/7/2012 18:13:15","18/11/2013 16:09:02","Album74"
"744","980817386","tb_album74","17/7/2012 18:13:15","18/11/2013 16:09:02","Album74"
"745","2661017134","tb_album74","17/7/2012 18:13:15","18/11/2013 16:09:02","Album74"
"746","4035499735","tb_album74","17/7/2012 18:13:15","18/11/2013 16:09:02","Album74"
"747","1439774388","tb_album74","17/7/2012 18:13:15","18/11/2013 16:09:02","Album74"
"748","47465176","tb_album74","17/7/2012 18:13:15","18/11/2013 16:09:02","Album74"
"749","1934482814","tb_album74","17/7/2012 18:13:15","18/11/2013 16:09:02","Album74"
"750","797267853","tb_album74","17/7/2012 18:13:15","18/11/2013 16:09:02","Album74"
"751","2774996239","tb_album75","17/7/2012 18:13:15","18/11/2013 16:09:02","Album75"
"752","3807109742","tb_album75","17/7/2012 18:13:15","18/11/2013 16:09:02","Album75"
"753","3097313188","tb_album75","17/7/2012 18:13:15","18/11/2013 16:09:02","Album75"
"754","622332887","tb_album75","17/7/2012 18:13:15","18/11/2013 16:09:02","Album75"
"755","1868080083","tb_album75","17/7/2012 18:13:15","18/11/2013 16:09:02","Album75"
"756","247646164","tb_album75","17/7/2012 18:13:15","18/11/2013 16:09:02","Album75"
"757","2472633668","tb_album75","17/7/2012 18:13:15","18/11/2013 16:09:02","Album75"
"758","1811052190","tb_album75","17/7/2012 18:13:15","18/11/2013 16:09:02","Album75"
"759","3479859984","tb_album75","17/7/2012 18:13:15","18/11/2013 16:09:02","Album75"
"760","2872000915","tb_album75","17/7/2012 18:13:15","18/11/2013 16:09:02","Album75"
"761","3455509958","tb_album76","17/7/2012 18:13:15","18/11/2013 16:09:02","Album76"
"762","1368655210","tb_album76","17/7/2012 18:13:15","18/11/2013 16:09:02","Album76"
"763","1491702246","tb_album76","17/7/2012 18:13:15","18/11/2013 16:09:02","Album76"
"764","2947156513","tb_album76","17/7/2012 18:13:15","18/11/2013 16:09:02","Album76"
"765","2501788920","tb_album76","17/7/2012 18:13:15","18/11/2013 16:09:02","Album76"
"766","2756836453","tb_album76","17/7/2012 18:13:15","18/11/2013 16:09:02","Album76"
"767","1326066978","tb_album76","17/7/2012 18:13:15","18/11/2013 16:09:02","Album76"
"768","3124746704","tb_album76","17/7/2012 18:13:15","18/11/2013 16:09:02","Album76"
"769","2377459685","tb_album76","17/7/2012 18:13:15","18/11/2013 16:09:02","Album76"
"770","2000813551","tb_album76","17/7/2012 18:13:15","18/11/2013 16:09:02","Album76"
"771","1941468299","tb_album77","17/7/2012 18:13:15","18/11/2013 16:09:02","Album77"
"772","1666112054","tb_album77","17/7/2012 18:13:15","18/11/2013 16:09:02","Album77"
"773","2434365795","tb_album77","17/7/2012 18:13:15","18/11/2013 16:09:02","Album77"
"774","3604998840","tb_album77","17/7/2012 18:13:15","18/11/2013 16:09:02","Album77"
"775","3865573361","tb_album77","17/7/2012 18:13:15","18/11/2013 16:09:02","Album77"
"776","3671291406","tb_album77","17/7/2012 18:13:15","18/11/2013 16:09:02","Album77"
"777","1072300178","tb_album77","17/7/2012 18:13:15","18/11/2013 16:09:02","Album77"
"778","677631582","tb_album77","17/7/2012 18:13:15","18/11/2013 16:09:02","Album77"
"779","284683376","tb_album77","17/7/2012 18:13:15","18/11/2013 16:09:02","Album77"
"780","500563812","tb_album77","17/7/2012 18:13:15","18/11/2013 16:09:02","Album77"
"781","4094339682","tb_album78","17/7/2012 18:13:15","18/11/2013 16:09:02","Album78"
"782","3169066760","tb_album78","17/7/2012 18:13:15","18/11/2013 16:09:02","Album78"
"783","4037337622","tb_album78","17/7/2012 18:13:15","18/11/2013 16:09:02","Album78"
"784","1523206526","tb_album78","17/7/2012 18:13:15","18/11/2013 16:09:02","Album78"
"785","1561112529","tb_album78","17/7/2012 18:13:15","18/11/2013 16:09:02","Album78"
"786","3857056429","tb_album78","17/7/2012 18:13:15","18/11/2013 16:09:02","Album78"
"787","23764222","tb_album78","17/7/2012 18:13:15","18/11/2013 16:09:02","Album78"
"788","1649584799","tb_album78","17/7/2012 18:13:15","18/11/2013 16:09:02","Album78"
"789","4197099402","tb_album78","17/7/2012 18:13:15","18/11/2013 16:09:02","Album78"
"790","1018973633","tb_album78","17/7/2012 18:13:15","18/11/2013 16:09:02","Album78"
"791","3345502821","tb_album79","17/7/2012 18:13:15","18/11/2013 16:09:02","Album79"
"792","3511724416","tb_album79","17/7/2012 18:13:15","18/11/2013 16:09:02","Album79"
"793","3867935229","tb_album79","17/7/2012 18:13:15","18/11/2013 16:09:02","Album79"
"794","1681753007","tb_album79","17/7/2012 18:13:15","18/11/2013 16:09:02","Album79"
"795","3207557035","tb_album79","17/7/2012 18:13:15","18/11/2013 16:09:02","Album79"
"796","3613674056","tb_album79","17/7/2012 18:13:15","18/11/2013 16:09:02","Album79"
"797","3260153802","tb_album79","17/7/2012 18:13:15","18/11/2013 16:09:02","Album79"
"798","357915719","tb_album79","17/7/2012 18:13:15","18/11/2013 16:09:02","Album79"
"799","2029606996","tb_album79","17/7/2012 18:13:15","18/11/2013 16:09:02","Album79"
"800","3970158696","tb_album79","17/7/2012 18:13:15","18/11/2013 16:09:02","Album79"
"801","1187356512","tb_album80","17/7/2012 18:13:15","18/11/2013 16:09:02","Album80"
"802","3480949446","tb_album80","17/7/2012 18:13:15","18/11/2013 16:09:02","Album80"
"803","3617842872","tb_album80","17/7/2012 18:13:15","18/11/2013 16:09:02","Album80"
"804","3638652491","tb_album80","17/7/2012 18:13:15","18/11/2013 16:09:02","Album80"
"805","2725934223","tb_album80","17/7/2012 18:13:15","18/11/2013 16:09:02","Album80"
"806","4144793646","tb_album80","17/7/2012 18:13:15","18/11/2013 16:09:02","Album80"
"807","921790325","tb_album80","17/7/2012 18:13:15","18/11/2013 16:09:02","Album80"
"808","2326708948","tb_album80","17/7/2012 18:13:15","18/11/2013 16:09:02","Album80"
"809","4120150115","tb_album80","17/7/2012 18:13:15","18/11/2013 16:09:02","Album80"
"810","731253262","tb_album80","17/7/2012 18:13:15","18/11/2013 16:09:02","Album80"
"811","1299999249","tb_album81","17/7/2012 18:13:15","18/11/2013 16:09:02","Album81"
"812","1105715552","tb_album81","17/7/2012 18:13:15","18/11/2013 16:09:02","Album81"
"813","825843903","tb_album81","17/7/2012 18:13:15","18/11/2013 16:09:02","Album81"
"814","165777035","tb_album81","17/7/2012 18:13:15","18/11/2013 16:09:02","Album81"
"815","1592181724","tb_album81","17/7/2012 18:13:15","18/11/2013 16:09:02","Album81"
"816","2846784197","tb_album81","17/7/2012 18:13:15","18/11/2013 16:09:02","Album81"
"817","1308608641","tb_album81","17/7/2012 18:13:15","18/11/2013 16:09:02","Album81"
"818","2273306447","tb_album81","17/7/2012 18:13:15","18/11/2013 16:09:02","Album81"
"819","593738789","tb_album81","17/7/2012 18:13:15","18/11/2013 16:09:02","Album81"
"820","1363856818","tb_album81","17/7/2012 18:13:15","18/11/2013 16:09:02","Album81"
"821","1111796757","tb_album82","17/7/2012 18:13:15","18/11/2013 16:09:02","Album82"
"822","3830597816","tb_album82","17/7/2012 18:13:15","18/11/2013 16:09:02","Album82"
"823","2003320970","tb_album82","17/7/2012 18:13:15","18/11/2013 16:09:02","Album82"
"824","1869588962","tb_album82","17/7/2012 18:13:15","18/11/2013 16:09:02","Album82"
"825","2119338500","tb_album82","17/7/2012 18:13:15","18/11/2013 16:09:02","Album82"
"826","3888603980","tb_album82","17/7/2012 18:13:15","18/11/2013 16:09:02","Album82"
"827","1097685595","tb_album82","17/7/2012 18:13:15","18/11/2013 16:09:02","Album82"
"828","1151590690","tb_album82","17/7/2012 18:13:15","18/11/2013 16:09:02","Album82"
"829","4132476281","tb_album82","17/7/2012 18:13:15","18/11/2013 16:09:02","Album82"
"830","1198791078","tb_album82","17/7/2012 18:13:15","18/11/2013 16:09:02","Album82"
"831","2313245586","tb_album83","17/7/2012 18:13:15","18/11/2013 16:09:02","Album83"
"832","3727278692","tb_album83","17/7/2012 18:13:15","18/11/2013 16:09:02","Album83"
"833","3611160048","tb_album83","17/7/2012 18:13:15","18/11/2013 16:09:02","Album83"
"834","1954725799","tb_album83","17/7/2012 18:13:15","18/11/2013 16:09:02","Album83"
"835","2114528277","tb_album83","17/7/2012 18:13:15","18/11/2013 16:09:02","Album83"
"836","1484013071","tb_album83","17/7/2012 18:13:15","18/11/2013 16:09:02","Album83"
"837","1011896909","tb_album83","17/7/2012 18:13:15","18/11/2013 16:09:02","Album83"
"838","3493854810","tb_album83","17/7/2012 18:13:15","18/11/2013 16:09:02","Album83"
"839","3563541463","tb_album83","17/7/2012 18:13:15","18/11/2013 16:09:02","Album83"
"840","2415239819","tb_album83","17/7/2012 18:13:15","18/11/2013 16:09:02","Album83"
"841","873005032","tb_album84","17/7/2012 18:13:15","18/11/2013 16:09:02","Album84"
"842","2671237409","tb_album84","17/7/2012 18:13:15","18/11/2013 16:09:02","Album84"
"843","12662020","tb_album84","17/7/2012 18:13:15","18/11/2013 16:09:02","Album84"
"844","1726154875","tb_album84","17/7/2012 18:13:15","18/11/2013 16:09:02","Album84"
"845","3174208751","tb_album84","17/7/2012 18:13:15","18/11/2013 16:09:02","Album84"
"846","3665478596","tb_album84","17/7/2012 18:13:15","18/11/2013 16:09:02","Album84"
"847","3600817996","tb_album84","17/7/2012 18:13:15","18/11/2013 16:09:02","Album84"
"848","13606004","tb_album84","17/7/2012 18:13:15","18/11/2013 16:09:02","Album84"
"849","942092171","tb_album84","17/7/2012 18:13:15","18/11/2013 16:09:02","Album84"
"850","2922231146","tb_album84","17/7/2012 18:13:15","18/11/2013 16:09:02","Album84"
"851","3408049933","tb_album85","17/7/2012 18:13:15","18/11/2013 16:09:02","Album85"
"852","2835210370","tb_album85","17/7/2012 18:13:15","18/11/2013 16:09:02","Album85"
"853","2906059005","tb_album85","17/7/2012 18:13:15","18/11/2013 16:09:02","Album85"
"854","1068119695","tb_album85","17/7/2012 18:13:15","18/11/2013 16:09:02","Album85"
"855","23721494","tb_album85","17/7/2012 18:13:15","18/11/2013 16:09:02","Album85"
"856","3586431232","tb_album85","17/7/2012 18:13:15","18/11/2013 16:09:02","Album85"
"857","2013558939","tb_album85","17/7/2012 18:13:15","18/11/2013 16:09:02","Album85"
"858","2379440781","tb_album85","17/7/2012 18:13:15","18/11/2013 16:09:02","Album85"
"859","3725462445","tb_album85","17/7/2012 18:13:15","18/11/2013 16:09:02","Album85"
"860","2884613416","tb_album85","17/7/2012 18:13:15","18/11/2013 16:09:02","Album85"
"861","2113932790","tb_album86","17/7/2012 18:13:15","18/11/2013 16:09:02","Album86"
"862","455835805","tb_album86","17/7/2012 18:13:15","18/11/2013 16:09:02","Album86"
"863","997148108","tb_album86","17/7/2012 18:13:15","18/11/2013 16:09:02","Album86"
"864","1495099804","tb_album86","17/7/2012 18:13:15","18/11/2013 16:09:02","Album86"
"865","2896765403","tb_album86","17/7/2012 18:13:15","18/11/2013 16:09:02","Album86"
"866","3240246410","tb_album86","17/7/2012 18:13:15","18/11/2013 16:09:02","Album86"
"867","1097180271","tb_album86","17/7/2012 18:13:15","18/11/2013 16:09:02","Album86"
"868","999260749","tb_album86","17/7/2012 18:13:15","18/11/2013 16:09:02","Album86"
"869","3582645988","tb_album86","17/7/2012 18:13:15","18/11/2013 16:09:02","Album86"
"870","639337958","tb_album86","17/7/2012 18:13:15","18/11/2013 16:09:02","Album86"
"871","4097902134","tb_album87","17/7/2012 18:13:15","18/11/2013 16:09:02","Album87"
"872","1660720114","tb_album87","17/7/2012 18:13:15","18/11/2013 16:09:02","Album87"
"873","3576675461","tb_album87","17/7/2012 18:13:15","18/11/2013 16:09:02","Album87"
"874","712845460","tb_album87","17/7/2012 18:13:15","18/11/2013 16:09:02","Album87"
"875","3537462868","tb_album87","17/7/2012 18:13:15","18/11/2013 16:09:02","Album87"
"876","1811816007","tb_album87","17/7/2012 18:13:15","18/11/2013 16:09:02","Album87"
"877","2396237633","tb_album87","17/7/2012 18:13:15","18/11/2013 16:09:02","Album87"
"878","2872903023","tb_album87","17/7/2012 18:13:15","18/11/2013 16:09:02","Album87"
"879","3551034399","tb_album87","17/7/2012 18:13:15","18/11/2013 16:09:02","Album87"
"880","13790999","tb_album87","17/7/2012 18:13:15","18/11/2013 16:09:02","Album87"
"881","639399130","tb_album88","17/7/2012 18:13:15","18/11/2013 16:09:02","Album88"
"882","3070035033","tb_album88","17/7/2012 18:13:15","18/11/2013 16:09:02","Album88"
"883","819810872","tb_album88","17/7/2012 18:13:15","18/11/2013 16:09:02","Album88"
"884","830365268","tb_album88","17/7/2012 18:13:15","18/11/2013 16:09:02","Album88"
"885","2089771346","tb_album88","17/7/2012 18:13:15","18/11/2013 16:09:02","Album88"
"886","2284353995","tb_album88","17/7/2012 18:13:15","18/11/2013 16:09:02","Album88"
"887","3492493548","tb_album88","17/7/2012 18:13:15","18/11/2013 16:09:02","Album88"
"888","4147341509","tb_album88","17/7/2012 18:13:15","18/11/2013 16:09:02","Album88"
"889","2199688229","tb_album88","17/7/2012 18:13:15","18/11/2013 16:09:02","Album88"
"890","2804276902","tb_album88","17/7/2012 18:13:15","18/11/2013 16:09:02","Album88"
"891","664407307","tb_album89","17/7/2012 18:13:15","18/11/2013 16:09:02","Album89"
"892","2899991976","tb_album89","17/7/2012 18:13:15","18/11/2013 16:09:02","Album89"
"893","3502362867","tb_album89","17/7/2012 18:13:15","18/11/2013 16:09:02","Album89"
"894","2538868695","tb_album89","17/7/2012 18:13:15","18/11/2013 16:09:02","Album89"
"895","2750173044","tb_album89","17/7/2012 18:13:15","18/11/2013 16:09:02","Album89"
"896","349152292","tb_album89","17/7/2012 18:13:15","18/11/2013 16:09:02","Album89"
"897","2787562047","tb_album89","17/7/2012 18:13:15","18/11/2013 16:09:02","Album89"
"898","1619058173","tb_album89","17/7/2012 18:13:15","18/11/2013 16:09:02","Album89"
"899","887052919","tb_album89","17/7/2012 18:13:15","18/11/2013 16:09:02","Album89"
"900","2610258911","tb_album89","17/7/2012 18:13:15","18/11/2013 16:09:02","Album89"
"901","3560915874","tb_album90","17/7/2012 18:13:15","18/11/2013 16:09:02","Album90"
"902","4032380602","tb_album90","17/7/2012 18:13:15","18/11/2013 16:09:02","Album90"
"903","3060683819","tb_album90","17/7/2012 18:13:15","18/11/2013 16:09:02","Album90"
"904","542948280","tb_album90","17/7/2012 18:13:15","18/11/2013 16:09:03","Album90"
"905","578761990","tb_album90","17/7/2012 18:13:15","18/11/2013 16:09:03","Album90"
"906","243960518","tb_album90","17/7/2012 18:13:15","18/11/2013 16:09:03","Album90"
"907","686808988","tb_album90","17/7/2012 18:13:15","18/11/2013 16:09:03","Album90"
"908","3607367409","tb_album90","17/7/2012 18:13:15","18/11/2013 16:09:03","Album90"
"909","559202950","tb_album90","17/7/2012 18:13:15","18/11/2013 16:09:03","Album90"
"910","1200539152","tb_album90","17/7/2012 18:13:15","18/11/2013 16:09:03","Album90"
"911","3811548647","tb_album91","17/7/2012 18:13:15","18/11/2013 16:09:03","Album91"
"912","2331055428","tb_album91","17/7/2012 18:13:15","18/11/2013 16:09:03","Album91"
"913","496965641","tb_album91","17/7/2012 18:13:15","18/11/2013 16:09:03","Album91"
"914","1745285524","tb_album91","17/7/2012 18:13:15","18/11/2013 16:09:03","Album91"
"915","2998597433","tb_album91","17/7/2012 18:13:15","18/11/2013 16:09:03","Album91"
"916","2254398187","tb_album91","17/7/2012 18:13:15","18/11/2013 16:09:03","Album91"
"917","3355990026","tb_album91","17/7/2012 18:13:15","18/11/2013 16:09:03","Album91"
"918","408795729","tb_album91","17/7/2012 18:13:15","18/11/2013 16:09:03","Album91"
"919","1028795295","tb_album91","17/7/2012 18:13:15","18/11/2013 16:09:03","Album91"
"920","4088711904","tb_album91","17/7/2012 18:13:15","18/11/2013 16:09:03","Album91"
"921","2274549965","tb_album92","17/7/2012 18:13:15","18/11/2013 16:09:03","Album92"
"922","4089201594","tb_album92","17/7/2012 18:13:15","18/11/2013 16:09:03","Album92"
"923","1246714889","tb_album92","17/7/2012 18:13:15","18/11/2013 16:09:03","Album92"
"924","2534365404","tb_album92","17/7/2012 18:13:15","18/11/2013 16:09:03","Album92"
"925","1473522421","tb_album92","17/7/2012 18:13:15","18/11/2013 16:09:03","Album92"
"926","1022324211","tb_album92","17/7/2012 18:13:15","18/11/2013 16:09:03","Album92"
"927","2293332235","tb_album92","17/7/2012 18:13:15","18/11/2013 16:09:03","Album92"
"928","102919809","tb_album92","17/7/2012 18:13:15","18/11/2013 16:09:03","Album92"
"929","4041728891","tb_album92","17/7/2012 18:13:15","18/11/2013 16:09:03","Album92"
"930","2818842636","tb_album92","17/7/2012 18:13:15","18/11/2013 16:09:03","Album92"
"931","2028738911","tb_album93","17/7/2012 18:13:15","18/11/2013 16:09:03","Album93"
"932","1017790406","tb_album93","17/7/2012 18:13:15","18/11/2013 16:09:03","Album93"
"933","756674920","tb_album93","17/7/2012 18:13:15","18/11/2013 16:09:03","Album93"
"934","468778571","tb_album93","17/7/2012 18:13:15","18/11/2013 16:09:03","Album93"
"935","3886049094","tb_album93","17/7/2012 18:13:15","18/11/2013 16:09:03","Album93"
"936","574463945","tb_album93","17/7/2012 18:13:15","18/11/2013 16:09:03","Album93"
"937","479363029","tb_album93","17/7/2012 18:13:15","18/11/2013 16:09:03","Album93"
"938","3495123893","tb_album93","17/7/2012 18:13:15","18/11/2013 16:09:03","Album93"
"939","1836486946","tb_album93","17/7/2012 18:13:15","18/11/2013 16:09:03","Album93"
"940","2335195101","tb_album93","17/7/2012 18:13:15","18/11/2013 16:09:03","Album93"
"941","4087779019","tb_album94","17/7/2012 18:13:15","18/11/2013 16:09:03","Album94"
"942","748332216","tb_album94","17/7/2012 18:13:15","18/11/2013 16:09:03","Album94"
"943","520052302","tb_album94","17/7/2012 18:13:15","18/11/2013 16:09:03","Album94"
"944","885463302","tb_album94","17/7/2012 18:13:15","18/11/2013 16:09:03","Album94"
"945","4191663876","tb_album94","17/7/2012 18:13:15","18/11/2013 16:09:03","Album94"
"946","2361878047","tb_album94","17/7/2012 18:13:15","18/11/2013 16:09:03","Album94"
"947","1743535691","tb_album94","17/7/2012 18:13:15","18/11/2013 16:09:03","Album94"
"948","1688078454","tb_album94","17/7/2012 18:13:15","18/11/2013 16:09:03","Album94"
"949","1731289261","tb_album94","17/7/2012 18:13:15","18/11/2013 16:09:03","Album94"
"950","2825209140","tb_album94","17/7/2012 18:13:15","18/11/2013 16:09:03","Album94"
"951","3257895582","tb_album95","17/7/2012 18:13:15","18/11/2013 16:09:03","Album95"
"952","3572153271","tb_album95","17/7/2012 18:13:15","18/11/2013 16:09:03","Album95"
"953","1261850436","tb_album95","17/7/2012 18:13:15","18/11/2013 16:09:03","Album95"
"954","1835398104","tb_album95","17/7/2012 18:13:15","18/11/2013 16:09:03","Album95"
"955","2315639833","tb_album95","17/7/2012 18:13:15","18/11/2013 16:09:03","Album95"
"956","2531278717","tb_album95","17/7/2012 18:13:15","18/11/2013 16:09:03","Album95"
"957","1674550815","tb_album95","17/7/2012 18:13:15","18/11/2013 16:09:03","Album95"
"958","3143287987","tb_album95","17/7/2012 18:13:15","18/11/2013 16:09:03","Album95"
"959","1547994839","tb_album95","17/7/2012 18:13:15","18/11/2013 16:09:03","Album95"
"960","881679799","tb_album95","17/7/2012 18:13:15","18/11/2013 16:09:03","Album95"
"961","858590057","tb_album96","17/7/2012 18:13:15","18/11/2013 16:09:03","Album96"
"962","2630609412","tb_album96","17/7/2012 18:13:15","18/11/2013 16:09:03","Album96"
"963","2085263782","tb_album96","17/7/2012 18:13:15","18/11/2013 16:09:03","Album96"
"964","4290336893","tb_album96","17/7/2012 18:13:15","18/11/2013 16:09:03","Album96"
"965","606103642","tb_album96","17/7/2012 18:13:15","18/11/2013 16:09:03","Album96"
"966","41895141","tb_album96","17/7/2012 18:13:15","18/11/2013 16:09:03","Album96"
"967","2821715919","tb_album96","17/7/2012 18:13:15","18/11/2013 16:09:03","Album96"
"968","621238181","tb_album96","17/7/2012 18:13:15","18/11/2013 16:09:03","Album96"
"969","425305331","tb_album96","17/7/2012 18:13:15","18/11/2013 16:09:03","Album96"
"970","806988691","tb_album96","17/7/2012 18:13:15","18/11/2013 16:09:03","Album96"
"971","1194688633","tb_album97","17/7/2012 18:13:15","18/11/2013 16:09:03","Album97"
"972","2422898077","tb_album97","17/7/2012 18:13:15","18/11/2013 16:09:03","Album97"
"973","1784309368","tb_album97","17/7/2012 18:13:15","18/11/2013 16:09:03","Album97"
"974","3088463372","tb_album97","17/7/2012 18:13:15","18/11/2013 16:09:03","Album97"
"975","3142303186","tb_album97","17/7/2012 18:13:15","18/11/2013 16:09:03","Album97"
"976","2871406463","tb_album97","17/7/2012 18:13:15","18/11/2013 16:09:03","Album97"
"977","1656047483","tb_album97","17/7/2012 18:13:15","18/11/2013 16:09:03","Album97"
"978","3024919870","tb_album97","17/7/2012 18:13:15","18/11/2013 16:09:03","Album97"
"979","3881903569","tb_album97","17/7/2012 18:13:15","18/11/2013 16:09:03","Album97"
"980","1667690068","tb_album97","17/7/2012 18:13:15","18/11/2013 16:09:03","Album97"
"981","2853651483","tb_album98","17/7/2012 18:13:15","18/11/2013 16:09:03","Album98"
"982","2962564290","tb_album98","17/7/2012 18:13:15","18/11/2013 16:09:03","Album98"
"983","1740778620","tb_album98","17/7/2012 18:13:15","18/11/2013 16:09:03","Album98"
"984","2179201266","tb_album98","17/7/2012 18:13:15","18/11/2013 16:09:03","Album98"
"985","2905135611","tb_album98","17/7/2012 18:13:15","18/11/2013 16:09:03","Album98"
"986","403097514","tb_album98","17/7/2012 18:13:15","18/11/2013 16:09:03","Album98"
"987","2699005175","tb_album98","17/7/2012 18:13:15","18/11/2013 16:09:03","Album98"
"988","1208272163","tb_album98","17/7/2012 18:13:15","18/11/2013 16:09:03","Album98"
"989","3520156632","tb_album98","17/7/2012 18:13:15","18/11/2013 16:09:03","Album98"
"990","1929081352","tb_album98","17/7/2012 18:13:15","18/11/2013 16:09:03","Album98"
"991","1274280299","tb_album99","17/7/2012 18:13:15","18/11/2013 16:09:03","Album99"
"992","1964080375","tb_album99","17/7/2012 18:13:15","18/11/2013 16:09:03","Album99"
"993","153187196","tb_album99","17/7/2012 18:13:15","18/11/2013 16:09:03","Album99"
"994","1692395415","tb_album99","17/7/2012 18:13:15","18/11/2013 16:09:03","Album99"
"995","3592461764","tb_album99","17/7/2012 18:13:15","18/11/2013 16:09:03","Album99"
"996","598281616","tb_album99","17/7/2012 18:13:15","18/11/2013 16:09:03","Album99"
"997","1594389604","tb_album99","17/7/2012 18:13:15","18/11/2013 16:09:03","Album99"
"998","819442182","tb_album99","17/7/2012 18:13:15","18/11/2013 16:09:03","Album99"
"999","2418249300","tb_album99","17/7/2012 18:13:15","18/11/2013 16:09:03","Album99"
"1000","3515304878","tb_album99","17/7/2012 18:13:15","18/11/2013 16:09:03","Album99"
