"1","4115508032","tb_track_set0","13/8/2012 16:59:17","28/11/2013 17:47:58","TrackSet0"
"2","2318155990","tb_track_set0","13/8/2012 16:59:17","28/11/2013 17:47:58","TrackSet0"
"3","2417167664","tb_track_set0","13/8/2012 16:59:17","28/11/2013 17:47:58","TrackSet0"
"4","448426238","tb_track_set0","13/8/2012 16:59:17","28/11/2013 17:47:58","TrackSet0"
"5","1113621601","tb_track_set0","13/8/2012 16:59:17","28/11/2013 17:47:58","TrackSet0"
"6","151844934","tb_track_set0","13/8/2012 16:59:17","28/11/2013 17:47:58","TrackSet0"
"7","1228384929","tb_track_set0","13/8/2012 16:59:17","28/11/2013 17:47:58","TrackSet0"
"8","246183827","tb_track_set0","13/8/2012 16:59:17","28/11/2013 17:47:58","TrackSet0"
"9","3707297030","tb_track_set0","13/8/2012 16:59:17","28/11/2013 17:47:58","TrackSet0"
"10","1079254832","tb_track_set0","13/8/2012 16:59:17","28/11/2013 17:47:58","TrackSet0"
"11","602247552","tb_track_set1","13/8/2012 16:59:17","28/11/2013 17:47:58","TrackSet1"
"12","4124992055","tb_track_set1","13/8/2012 16:59:17","28/11/2013 17:47:58","TrackSet1"
"13","1484590586","tb_track_set1","13/8/2012 16:59:17","28/11/2013 17:47:58","TrackSet1"
"14","1233518065","tb_track_set1","13/8/2012 16:59:17","28/11/2013 17:47:58","TrackSet1"
"15","2635878964","tb_track_set1","13/8/2012 16:59:17","28/11/2013 17:47:58","TrackSet1"
"16","2841035597","tb_track_set1","13/8/2012 16:59:17","28/11/2013 17:47:58","TrackSet1"
"17","1362919670","tb_track_set1","13/8/2012 16:59:17","28/11/2013 17:47:58","TrackSet1"
"18","1743566695","tb_track_set1","13/8/2012 16:59:17","28/11/2013 17:47:58","TrackSet1"
"19","2486424984","tb_track_set1","13/8/2012 16:59:17","28/11/2013 17:47:58","TrackSet1"
"20","1204104229","tb_track_set1","13/8/2012 16:59:17","28/11/2013 17:47:58","TrackSet1"
"21","2536721716","tb_track_set2","13/8/2012 16:59:17","28/11/2013 17:47:58","TrackSet2"
"22","3647926936","tb_track_set2","13/8/2012 16:59:17","28/11/2013 17:47:58","TrackSet2"
"23","1913028990","tb_track_set2","13/8/2012 16:59:17","28/11/2013 17:47:58","TrackSet2"
"24","2678083302","tb_track_set2","13/8/2012 16:59:17","28/11/2013 17:47:58","TrackSet2"
"25","548666650","tb_track_set2","13/8/2012 16:59:17","28/11/2013 17:47:58","TrackSet2"
"26","3230669909","tb_track_set2","13/8/2012 16:59:17","28/11/2013 17:47:58","TrackSet2"
"27","3140904767","tb_track_set2","13/8/2012 16:59:17","28/11/2013 17:47:58","TrackSet2"
"28","3174629568","tb_track_set2","13/8/2012 16:59:17","28/11/2013 17:47:58","TrackSet2"
"29","629349683","tb_track_set2","13/8/2012 16:59:17","28/11/2013 17:47:58","TrackSet2"
"30","3931494910","tb_track_set2","13/8/2012 16:59:17","28/11/2013 17:47:58","TrackSet2"
"31","1208448814","tb_track_set3","13/8/2012 16:59:17","28/11/2013 17:47:58","TrackSet3"
"32","731502182","tb_track_set3","13/8/2012 16:59:17","28/11/2013 17:47:58","TrackSet3"
"33","3113874802","tb_track_set3","13/8/2012 16:59:17","28/11/2013 17:47:58","TrackSet3"
"34","1553701591","tb_track_set3","13/8/2012 16:59:17","28/11/2013 17:47:58","TrackSet3"
"35","2526360281","tb_track_set3","13/8/2012 16:59:17","28/11/2013 17:47:58","TrackSet3"
"36","3971311767","tb_track_set3","13/8/2012 16:59:17","28/11/2013 17:47:58","TrackSet3"
"37","3829359615","tb_track_set3","13/8/2012 16:59:17","28/11/2013 17:47:58","TrackSet3"
"38","2321163653","tb_track_set3","13/8/2012 16:59:17","28/11/2013 17:47:58","TrackSet3"
"39","2942984777","tb_track_set3","13/8/2012 16:59:17","28/11/2013 17:47:58","TrackSet3"
"40","3266600167","tb_track_set3","13/8/2012 16:59:17","28/11/2013 17:47:58","TrackSet3"
"41","482937747","tb_track_set4","13/8/2012 16:59:17","28/11/2013 17:47:58","TrackSet4"
"42","3477716686","tb_track_set4","13/8/2012 16:59:17","28/11/2013 17:47:58","TrackSet4"
"43","2210688869","tb_track_set4","13/8/2012 16:59:17","28/11/2013 17:47:58","TrackSet4"
"44","813388923","tb_track_set4","13/8/2012 16:59:17","28/11/2013 17:47:58","TrackSet4"
"45","2709287703","tb_track_set4","13/8/2012 16:59:17","28/11/2013 17:47:58","TrackSet4"
"46","721131134","tb_track_set4","13/8/2012 16:59:17","28/11/2013 17:47:58","TrackSet4"
"47","2573827477","tb_track_set4","13/8/2012 16:59:17","28/11/2013 17:47:58","TrackSet4"
"48","3835847499","tb_track_set4","13/8/2012 16:59:17","28/11/2013 17:47:58","TrackSet4"
"49","331477635","tb_track_set4","13/8/2012 16:59:17","28/11/2013 17:47:58","TrackSet4"
"50","1316147411","tb_track_set4","13/8/2012 16:59:17","28/11/2013 17:47:58","TrackSet4"
"51","2742054070","tb_track_set5","13/8/2012 16:59:17","28/11/2013 17:47:58","TrackSet5"
"52","3762383598","tb_track_set5","13/8/2012 16:59:17","28/11/2013 17:47:58","TrackSet5"
"53","1555217843","tb_track_set5","13/8/2012 16:59:17","28/11/2013 17:47:58","TrackSet5"
"54","2088391795","tb_track_set5","13/8/2012 16:59:17","28/11/2013 17:47:58","TrackSet5"
"55","3042397246","tb_track_set5","13/8/2012 16:59:17","28/11/2013 17:47:58","TrackSet5"
"56","2480078665","tb_track_set5","13/8/2012 16:59:17","28/11/2013 17:47:58","TrackSet5"
"57","3578596387","tb_track_set5","13/8/2012 16:59:17","28/11/2013 17:47:58","TrackSet5"
"58","3814840426","tb_track_set5","13/8/2012 16:59:17","28/11/2013 17:47:58","TrackSet5"
"59","1005603714","tb_track_set5","13/8/2012 16:59:17","28/11/2013 17:47:58","TrackSet5"
"60","2879496677","tb_track_set5","13/8/2012 16:59:17","28/11/2013 17:47:58","TrackSet5"
"61","2191868519","tb_track_set6","13/8/2012 16:59:17","28/11/2013 17:47:58","TrackSet6"
"62","3186683412","tb_track_set6","13/8/2012 16:59:17","28/11/2013 17:47:58","TrackSet6"
"63","3700848222","tb_track_set6","13/8/2012 16:59:17","28/11/2013 17:47:58","TrackSet6"
"64","2952425335","tb_track_set6","13/8/2012 16:59:17","28/11/2013 17:47:58","TrackSet6"
"65","1026726960","tb_track_set6","13/8/2012 16:59:17","28/11/2013 17:47:58","TrackSet6"
"66","1950866842","tb_track_set6","13/8/2012 16:59:17","28/11/2013 17:47:58","TrackSet6"
"67","3298892924","tb_track_set6","13/8/2012 16:59:17","28/11/2013 17:47:58","TrackSet6"
"68","935204657","tb_track_set6","13/8/2012 16:59:17","28/11/2013 17:47:58","TrackSet6"
"69","2968349718","tb_track_set6","13/8/2012 16:59:17","28/11/2013 17:47:58","TrackSet6"
"70","1633834055","tb_track_set6","13/8/2012 16:59:17","28/11/2013 17:47:58","TrackSet6"
"71","45475247","tb_track_set7","13/8/2012 16:59:17","28/11/2013 17:47:58","TrackSet7"
"72","2304267388","tb_track_set7","13/8/2012 16:59:17","28/11/2013 17:47:58","TrackSet7"
"73","1091667039","tb_track_set7","13/8/2012 16:59:17","28/11/2013 17:47:58","TrackSet7"
"74","2166782390","tb_track_set7","13/8/2012 16:59:17","28/11/2013 17:47:58","TrackSet7"
"75","1146658466","tb_track_set7","13/8/2012 16:59:17","28/11/2013 17:47:58","TrackSet7"
"76","960450848","tb_track_set7","13/8/2012 16:59:17","28/11/2013 17:47:58","TrackSet7"
"77","1975597232","tb_track_set7","13/8/2012 16:59:17","28/11/2013 17:47:58","TrackSet7"
"78","3004282139","tb_track_set7","13/8/2012 16:59:17","28/11/2013 17:47:58","TrackSet7"
"79","928394073","tb_track_set7","13/8/2012 16:59:17","28/11/2013 17:47:58","TrackSet7"
"80","3690293946","tb_track_set7","13/8/2012 16:59:17","28/11/2013 17:47:58","TrackSet7"
"81","861104011","tb_track_set8","13/8/2012 16:59:17","28/11/2013 17:47:58","TrackSet8"
"82","1411902778","tb_track_set8","13/8/2012 16:59:17","28/11/2013 17:47:58","TrackSet8"
"83","168957358","tb_track_set8","13/8/2012 16:59:17","28/11/2013 17:47:58","TrackSet8"
"84","59043767","tb_track_set8","13/8/2012 16:59:17","28/11/2013 17:47:58","TrackSet8"
"85","3345105421","tb_track_set8","13/8/2012 16:59:17","28/11/2013 17:47:58","TrackSet8"
"86","1682872275","tb_track_set8","13/8/2012 16:59:17","28/11/2013 17:47:58","TrackSet8"
"87","674959805","tb_track_set8","13/8/2012 16:59:17","28/11/2013 17:47:58","TrackSet8"
"88","3027688683","tb_track_set8","13/8/2012 16:59:17","28/11/2013 17:47:58","TrackSet8"
"89","4056754960","tb_track_set8","13/8/2012 16:59:17","28/11/2013 17:47:58","TrackSet8"
"90","1282515394","tb_track_set8","13/8/2012 16:59:17","28/11/2013 17:47:58","TrackSet8"
"91","3141658079","tb_track_set9","13/8/2012 16:59:17","28/11/2013 17:47:58","TrackSet9"
"92","220355218","tb_track_set9","13/8/2012 16:59:17","28/11/2013 17:47:58","TrackSet9"
"93","4263823856","tb_track_set9","13/8/2012 16:59:17","28/11/2013 17:47:58","TrackSet9"
"94","3312989817","tb_track_set9","13/8/2012 16:59:17","28/11/2013 17:47:58","TrackSet9"
"95","273060369","tb_track_set9","13/8/2012 16:59:17","28/11/2013 17:47:58","TrackSet9"
"96","2896178631","tb_track_set9","13/8/2012 16:59:17","28/11/2013 17:47:58","TrackSet9"
"97","1780886621","tb_track_set9","13/8/2012 16:59:17","28/11/2013 17:47:58","TrackSet9"
"98","3900553769","tb_track_set9","13/8/2012 16:59:17","28/11/2013 17:47:58","TrackSet9"
"99","1046327349","tb_track_set9","13/8/2012 16:59:17","28/11/2013 17:47:58","TrackSet9"
"100","3511453105","tb_track_set9","13/8/2012 16:59:17","28/11/2013 17:47:58","TrackSet9"
"101","2087348891","tb_track_set10","13/8/2012 16:59:17","28/11/2013 17:47:58","TrackSet10"
"102","2994200740","tb_track_set10","13/8/2012 16:59:17","28/11/2013 17:47:58","TrackSet10"
"103","2830732780","tb_track_set10","13/8/2012 16:59:17","28/11/2013 17:47:58","TrackSet10"
"104","2764626596","tb_track_set10","13/8/2012 16:59:17","28/11/2013 17:47:58","TrackSet10"
"105","720144885","tb_track_set10","13/8/2012 16:59:17","28/11/2013 17:47:58","TrackSet10"
"106","1733739948","tb_track_set10","13/8/2012 16:59:17","28/11/2013 17:47:58","TrackSet10"
"107","3501858627","tb_track_set10","13/8/2012 16:59:17","28/11/2013 17:47:58","TrackSet10"
"108","1553279900","tb_track_set10","13/8/2012 16:59:17","28/11/2013 17:47:58","TrackSet10"
"109","51021318","tb_track_set10","13/8/2012 16:59:17","28/11/2013 17:47:58","TrackSet10"
"110","2221635344","tb_track_set10","13/8/2012 16:59:17","28/11/2013 17:47:58","TrackSet10"
"111","4264405409","tb_track_set11","13/8/2012 16:59:17","28/11/2013 17:47:58","TrackSet11"
"112","2209329227","tb_track_set11","13/8/2012 16:59:17","28/11/2013 17:47:58","TrackSet11"
"113","1113024735","tb_track_set11","13/8/2012 16:59:17","28/11/2013 17:47:58","TrackSet11"
"114","2763605587","tb_track_set11","13/8/2012 16:59:17","28/11/2013 17:47:58","TrackSet11"
"115","2263910866","tb_track_set11","13/8/2012 16:59:17","28/11/2013 17:47:58","TrackSet11"
"116","2610234481","tb_track_set11","13/8/2012 16:59:17","28/11/2013 17:47:58","TrackSet11"
"117","3914305256","tb_track_set11","13/8/2012 16:59:17","28/11/2013 17:47:58","TrackSet11"
"118","1907744309","tb_track_set11","13/8/2012 16:59:17","28/11/2013 17:47:58","TrackSet11"
"119","4136595533","tb_track_set11","13/8/2012 16:59:17","28/11/2013 17:47:58","TrackSet11"
"120","3681214626","tb_track_set11","13/8/2012 16:59:17","28/11/2013 17:47:58","TrackSet11"
"121","2929965465","tb_track_set12","13/8/2012 16:59:17","28/11/2013 17:47:58","TrackSet12"
"122","355702768","tb_track_set12","13/8/2012 16:59:17","28/11/2013 17:47:58","TrackSet12"
"123","762113845","tb_track_set12","13/8/2012 16:59:17","28/11/2013 17:47:58","TrackSet12"
"124","4272962738","tb_track_set12","13/8/2012 16:59:17","28/11/2013 17:47:58","TrackSet12"
"125","1248802015","tb_track_set12","13/8/2012 16:59:17","28/11/2013 17:47:58","TrackSet12"
"126","2662808469","tb_track_set12","13/8/2012 16:59:17","28/11/2013 17:47:58","TrackSet12"
"127","551797556","tb_track_set12","13/8/2012 16:59:17","28/11/2013 17:47:58","TrackSet12"
"128","2217591006","tb_track_set12","13/8/2012 16:59:17","28/11/2013 17:47:58","TrackSet12"
"129","332122718","tb_track_set12","13/8/2012 16:59:17","28/11/2013 17:47:58","TrackSet12"
"130","2876854833","tb_track_set12","13/8/2012 16:59:17","28/11/2013 17:47:58","TrackSet12"
"131","2871571495","tb_track_set13","13/8/2012 16:59:17","28/11/2013 17:47:58","TrackSet13"
"132","1490780984","tb_track_set13","13/8/2012 16:59:17","28/11/2013 17:47:58","TrackSet13"
"133","1615273737","tb_track_set13","13/8/2012 16:59:17","28/11/2013 17:47:58","TrackSet13"
"134","3361389005","tb_track_set13","13/8/2012 16:59:17","28/11/2013 17:47:58","TrackSet13"
"135","36971285","tb_track_set13","13/8/2012 16:59:17","28/11/2013 17:47:58","TrackSet13"
"136","3523261019","tb_track_set13","13/8/2012 16:59:17","28/11/2013 17:47:58","TrackSet13"
"137","835625534","tb_track_set13","13/8/2012 16:59:17","28/11/2013 17:47:58","TrackSet13"
"138","1951759770","tb_track_set13","13/8/2012 16:59:17","28/11/2013 17:47:58","TrackSet13"
"139","2302533671","tb_track_set13","13/8/2012 16:59:17","28/11/2013 17:47:58","TrackSet13"
"140","3126347099","tb_track_set13","13/8/2012 16:59:17","28/11/2013 17:47:58","TrackSet13"
"141","1414907537","tb_track_set14","13/8/2012 16:59:17","28/11/2013 17:47:58","TrackSet14"
"142","3639974345","tb_track_set14","13/8/2012 16:59:17","28/11/2013 17:47:58","TrackSet14"
"143","1758395766","tb_track_set14","13/8/2012 16:59:17","28/11/2013 17:47:58","TrackSet14"
"144","1796670150","tb_track_set14","13/8/2012 16:59:17","28/11/2013 17:47:58","TrackSet14"
"145","189496712","tb_track_set14","13/8/2012 16:59:17","28/11/2013 17:47:58","TrackSet14"
"146","2748558907","tb_track_set14","13/8/2012 16:59:17","28/11/2013 17:47:58","TrackSet14"
"147","706590265","tb_track_set14","13/8/2012 16:59:17","28/11/2013 17:47:58","TrackSet14"
"148","207114639","tb_track_set14","13/8/2012 16:59:17","28/11/2013 17:47:58","TrackSet14"
"149","2842391795","tb_track_set14","13/8/2012 16:59:17","28/11/2013 17:47:58","TrackSet14"
"150","3762567095","tb_track_set14","13/8/2012 16:59:17","28/11/2013 17:47:58","TrackSet14"
"151","625416028","tb_track_set15","13/8/2012 16:59:17","28/11/2013 17:47:58","TrackSet15"
"152","3005444744","tb_track_set15","13/8/2012 16:59:17","28/11/2013 17:47:58","TrackSet15"
"153","1817377627","tb_track_set15","13/8/2012 16:59:17","28/11/2013 17:47:58","TrackSet15"
"154","798120166","tb_track_set15","13/8/2012 16:59:17","28/11/2013 17:47:58","TrackSet15"
"155","1355767222","tb_track_set15","13/8/2012 16:59:17","28/11/2013 17:47:58","TrackSet15"
"156","1138845169","tb_track_set15","13/8/2012 16:59:17","28/11/2013 17:47:58","TrackSet15"
"157","1620806486","tb_track_set15","13/8/2012 16:59:17","28/11/2013 17:47:58","TrackSet15"
"158","2605029478","tb_track_set15","13/8/2012 16:59:17","28/11/2013 17:47:58","TrackSet15"
"159","417184110","tb_track_set15","13/8/2012 16:59:17","28/11/2013 17:47:58","TrackSet15"
"160","2927417133","tb_track_set15","13/8/2012 16:59:17","28/11/2013 17:47:58","TrackSet15"
"161","3327109054","tb_track_set16","13/8/2012 16:59:17","28/11/2013 17:47:58","TrackSet16"
"162","667018662","tb_track_set16","13/8/2012 16:59:17","28/11/2013 17:47:58","TrackSet16"
"163","329278170","tb_track_set16","13/8/2012 16:59:17","28/11/2013 17:47:58","TrackSet16"
"164","1489835940","tb_track_set16","13/8/2012 16:59:17","28/11/2013 17:47:58","TrackSet16"
"165","2704121481","tb_track_set16","13/8/2012 16:59:17","28/11/2013 17:47:58","TrackSet16"
"166","509008030","tb_track_set16","13/8/2012 16:59:17","28/11/2013 17:47:58","TrackSet16"
"167","389726523","tb_track_set16","13/8/2012 16:59:17","28/11/2013 17:47:58","TrackSet16"
"168","1842572943","tb_track_set16","13/8/2012 16:59:17","28/11/2013 17:47:58","TrackSet16"
"169","4166615426","tb_track_set16","13/8/2012 16:59:17","28/11/2013 17:47:58","TrackSet16"
"170","808711275","tb_track_set16","13/8/2012 16:59:17","28/11/2013 17:47:58","TrackSet16"
"171","1336844996","tb_track_set17","13/8/2012 16:59:17","28/11/2013 17:47:58","TrackSet17"
"172","3469830016","tb_track_set17","13/8/2012 16:59:17","28/11/2013 17:47:58","TrackSet17"
"173","2966379983","tb_track_set17","13/8/2012 16:59:17","28/11/2013 17:47:58","TrackSet17"
"174","2649486133","tb_track_set17","13/8/2012 16:59:17","28/11/2013 17:47:58","TrackSet17"
"175","3988026659","tb_track_set17","13/8/2012 16:59:17","28/11/2013 17:47:58","TrackSet17"
"176","1387289549","tb_track_set17","13/8/2012 16:59:17","28/11/2013 17:47:58","TrackSet17"
"177","1130530947","tb_track_set17","13/8/2012 16:59:17","28/11/2013 17:47:58","TrackSet17"
"178","4258024028","tb_track_set17","13/8/2012 16:59:17","28/11/2013 17:47:58","TrackSet17"
"179","3547816971","tb_track_set17","13/8/2012 16:59:17","28/11/2013 17:47:58","TrackSet17"
"180","4154871559","tb_track_set17","13/8/2012 16:59:17","28/11/2013 17:47:58","TrackSet17"
"181","1727623779","tb_track_set18","13/8/2012 16:59:17","28/11/2013 17:47:58","TrackSet18"
"182","3943387167","tb_track_set18","13/8/2012 16:59:17","28/11/2013 17:47:58","TrackSet18"
"183","3413699170","tb_track_set18","13/8/2012 16:59:17","28/11/2013 17:47:58","TrackSet18"
"184","340268316","tb_track_set18","13/8/2012 16:59:17","28/11/2013 17:47:58","TrackSet18"
"185","4098515079","tb_track_set18","13/8/2012 16:59:17","28/11/2013 17:47:58","TrackSet18"
"186","3044617524","tb_track_set18","13/8/2012 16:59:17","28/11/2013 17:47:58","TrackSet18"
"187","1292544613","tb_track_set18","13/8/2012 16:59:17","28/11/2013 17:47:58","TrackSet18"
"188","4287440798","tb_track_set18","13/8/2012 16:59:17","28/11/2013 17:47:58","TrackSet18"
"189","1678105010","tb_track_set18","13/8/2012 16:59:17","28/11/2013 17:47:58","TrackSet18"
"190","1128141599","tb_track_set18","13/8/2012 16:59:17","28/11/2013 17:47:58","TrackSet18"
"191","2617179584","tb_track_set19","13/8/2012 16:59:17","28/11/2013 17:47:58","TrackSet19"
"192","343177947","tb_track_set19","13/8/2012 16:59:17","28/11/2013 17:47:58","TrackSet19"
"193","1360999585","tb_track_set19","13/8/2012 16:59:17","28/11/2013 17:47:58","TrackSet19"
"194","1365795092","tb_track_set19","13/8/2012 16:59:17","28/11/2013 17:47:58","TrackSet19"
"195","812329112","tb_track_set19","13/8/2012 16:59:17","28/11/2013 17:47:58","TrackSet19"
"196","2115807335","tb_track_set19","13/8/2012 16:59:17","28/11/2013 17:47:58","TrackSet19"
"197","651381083","tb_track_set19","13/8/2012 16:59:17","28/11/2013 17:47:58","TrackSet19"
"198","4241970557","tb_track_set19","13/8/2012 16:59:17","28/11/2013 17:47:58","TrackSet19"
"199","694577787","tb_track_set19","13/8/2012 16:59:17","28/11/2013 17:47:58","TrackSet19"
"200","2930451635","tb_track_set19","13/8/2012 16:59:17","28/11/2013 17:47:58","TrackSet19"
"201","3464317674","tb_track_set20","13/8/2012 16:59:17","28/11/2013 17:47:58","TrackSet20"
"202","1498064334","tb_track_set20","13/8/2012 16:59:17","28/11/2013 17:47:58","TrackSet20"
"203","4294239987","tb_track_set20","13/8/2012 16:59:17","28/11/2013 17:47:58","TrackSet20"
"204","2461867616","tb_track_set20","13/8/2012 16:59:17","28/11/2013 17:47:58","TrackSet20"
"205","99961943","tb_track_set20","13/8/2012 16:59:17","28/11/2013 17:47:58","TrackSet20"
"206","3933808030","tb_track_set20","13/8/2012 16:59:17","28/11/2013 17:47:58","TrackSet20"
"207","3429626379","tb_track_set20","13/8/2012 16:59:17","28/11/2013 17:47:58","TrackSet20"
"208","2912265958","tb_track_set20","13/8/2012 16:59:17","28/11/2013 17:47:58","TrackSet20"
"209","3816123133","tb_track_set20","13/8/2012 16:59:17","28/11/2013 17:47:58","TrackSet20"
"210","4167134960","tb_track_set20","13/8/2012 16:59:17","28/11/2013 17:47:58","TrackSet20"
"211","3852624848","tb_track_set21","13/8/2012 16:59:17","28/11/2013 17:47:58","TrackSet21"
"212","89983042","tb_track_set21","13/8/2012 16:59:17","28/11/2013 17:47:58","TrackSet21"
"213","2458265312","tb_track_set21","13/8/2012 16:59:17","28/11/2013 17:47:58","TrackSet21"
"214","1682800115","tb_track_set21","13/8/2012 16:59:17","28/11/2013 17:47:58","TrackSet21"
"215","4074412034","tb_track_set21","13/8/2012 16:59:17","28/11/2013 17:47:58","TrackSet21"
"216","582172998","tb_track_set21","13/8/2012 16:59:17","28/11/2013 17:47:58","TrackSet21"
"217","416752402","tb_track_set21","13/8/2012 16:59:17","28/11/2013 17:47:58","TrackSet21"
"218","684723845","tb_track_set21","13/8/2012 16:59:17","28/11/2013 17:47:58","TrackSet21"
"219","890615280","tb_track_set21","13/8/2012 16:59:17","28/11/2013 17:47:58","TrackSet21"
"220","885342103","tb_track_set21","13/8/2012 16:59:17","28/11/2013 17:47:58","TrackSet21"
"221","418585143","tb_track_set22","13/8/2012 16:59:17","28/11/2013 17:47:58","TrackSet22"
"222","930119943","tb_track_set22","13/8/2012 16:59:17","28/11/2013 17:47:58","TrackSet22"
"223","758724556","tb_track_set22","13/8/2012 16:59:17","28/11/2013 17:47:58","TrackSet22"
"224","405246090","tb_track_set22","13/8/2012 16:59:17","28/11/2013 17:47:58","TrackSet22"
"225","2837561099","tb_track_set22","13/8/2012 16:59:17","28/11/2013 17:47:58","TrackSet22"
"226","1294818373","tb_track_set22","13/8/2012 16:59:17","28/11/2013 17:47:58","TrackSet22"
"227","3570945402","tb_track_set22","13/8/2012 16:59:17","28/11/2013 17:47:58","TrackSet22"
"228","3465023884","tb_track_set22","13/8/2012 16:59:17","28/11/2013 17:47:58","TrackSet22"
"229","393057992","tb_track_set22","13/8/2012 16:59:17","28/11/2013 17:47:58","TrackSet22"
"230","4128799554","tb_track_set22","13/8/2012 16:59:17","28/11/2013 17:47:58","TrackSet22"
"231","3821728659","tb_track_set23","13/8/2012 16:59:17","28/11/2013 17:47:58","TrackSet23"
"232","82972310","tb_track_set23","13/8/2012 16:59:17","28/11/2013 17:47:58","TrackSet23"
"233","597141992","tb_track_set23","13/8/2012 16:59:17","28/11/2013 17:47:58","TrackSet23"
"234","1929983703","tb_track_set23","13/8/2012 16:59:17","28/11/2013 17:47:58","TrackSet23"
"235","1096486646","tb_track_set23","13/8/2012 16:59:17","28/11/2013 17:47:58","TrackSet23"
"236","553393807","tb_track_set23","13/8/2012 16:59:17","28/11/2013 17:47:58","TrackSet23"
"237","2525083836","tb_track_set23","13/8/2012 16:59:17","28/11/2013 17:47:58","TrackSet23"
"238","3398232474","tb_track_set23","13/8/2012 16:59:17","28/11/2013 17:47:58","TrackSet23"
"239","457984980","tb_track_set23","13/8/2012 16:59:17","28/11/2013 17:47:58","TrackSet23"
"240","115838705","tb_track_set23","13/8/2012 16:59:17","28/11/2013 17:47:58","TrackSet23"
"241","1294711400","tb_track_set24","13/8/2012 16:59:17","28/11/2013 17:47:58","TrackSet24"
"242","2694245055","tb_track_set24","13/8/2012 16:59:17","28/11/2013 17:47:58","TrackSet24"
"243","4037402092","tb_track_set24","13/8/2012 16:59:17","28/11/2013 17:47:58","TrackSet24"
"244","1171246998","tb_track_set24","13/8/2012 16:59:17","28/11/2013 17:47:58","TrackSet24"
"245","2214738915","tb_track_set24","13/8/2012 16:59:17","28/11/2013 17:47:58","TrackSet24"
"246","1430820687","tb_track_set24","13/8/2012 16:59:17","28/11/2013 17:47:58","TrackSet24"
"247","2777110817","tb_track_set24","13/8/2012 16:59:17","28/11/2013 17:47:58","TrackSet24"
"248","1602225222","tb_track_set24","13/8/2012 16:59:17","28/11/2013 17:47:58","TrackSet24"
"249","880398391","tb_track_set24","13/8/2012 16:59:17","28/11/2013 17:47:58","TrackSet24"
"250","3624953537","tb_track_set24","13/8/2012 16:59:17","28/11/2013 17:47:58","TrackSet24"
"251","3971045767","tb_track_set25","13/8/2012 16:59:17","28/11/2013 17:47:58","TrackSet25"
"252","1902128430","tb_track_set25","13/8/2012 16:59:17","28/11/2013 17:47:58","TrackSet25"
"253","2043041998","tb_track_set25","13/8/2012 16:59:17","28/11/2013 17:47:58","TrackSet25"
"254","3376231769","tb_track_set25","13/8/2012 16:59:17","28/11/2013 17:47:58","TrackSet25"
"255","594276218","tb_track_set25","13/8/2012 16:59:17","28/11/2013 17:47:58","TrackSet25"
"256","247351919","tb_track_set25","13/8/2012 16:59:17","28/11/2013 17:47:58","TrackSet25"
"257","516517541","tb_track_set25","13/8/2012 16:59:17","28/11/2013 17:47:58","TrackSet25"
"258","1306392405","tb_track_set25","13/8/2012 16:59:17","28/11/2013 17:47:58","TrackSet25"
"259","4242267899","tb_track_set25","13/8/2012 16:59:17","28/11/2013 17:47:58","TrackSet25"
"260","886478447","tb_track_set25","13/8/2012 16:59:17","28/11/2013 17:47:58","TrackSet25"
"261","3246631043","tb_track_set26","13/8/2012 16:59:17","28/11/2013 17:47:58","TrackSet26"
"262","3258781565","tb_track_set26","13/8/2012 16:59:17","28/11/2013 17:47:58","TrackSet26"
"263","2999586381","tb_track_set26","13/8/2012 16:59:17","28/11/2013 17:47:58","TrackSet26"
"264","986479167","tb_track_set26","13/8/2012 16:59:17","28/11/2013 17:47:58","TrackSet26"
"265","2917323622","tb_track_set26","13/8/2012 16:59:17","28/11/2013 17:47:58","TrackSet26"
"266","852826287","tb_track_set26","13/8/2012 16:59:17","28/11/2013 17:47:58","TrackSet26"
"267","3565901483","tb_track_set26","13/8/2012 16:59:17","28/11/2013 17:47:58","TrackSet26"
"268","3671099411","tb_track_set26","13/8/2012 16:59:17","28/11/2013 17:47:58","TrackSet26"
"269","204964850","tb_track_set26","13/8/2012 16:59:17","28/11/2013 17:47:58","TrackSet26"
"270","2621248552","tb_track_set26","13/8/2012 16:59:17","28/11/2013 17:47:58","TrackSet26"
"271","4064766954","tb_track_set27","13/8/2012 16:59:17","28/11/2013 17:47:58","TrackSet27"
"272","1684695276","tb_track_set27","13/8/2012 16:59:17","28/11/2013 17:47:58","TrackSet27"
"273","9892284","tb_track_set27","13/8/2012 16:59:17","28/11/2013 17:47:58","TrackSet27"
"274","1525825438","tb_track_set27","13/8/2012 16:59:17","28/11/2013 17:47:58","TrackSet27"
"275","1637081242","tb_track_set27","13/8/2012 16:59:17","28/11/2013 17:47:58","TrackSet27"
"276","3521783854","tb_track_set27","13/8/2012 16:59:17","28/11/2013 17:47:58","TrackSet27"
"277","4263407461","tb_track_set27","13/8/2012 16:59:17","28/11/2013 17:47:58","TrackSet27"
"278","1475338113","tb_track_set27","13/8/2012 16:59:17","28/11/2013 17:47:58","TrackSet27"
"279","1163614710","tb_track_set27","13/8/2012 16:59:17","28/11/2013 17:47:58","TrackSet27"
"280","1400286776","tb_track_set27","13/8/2012 16:59:17","28/11/2013 17:47:58","TrackSet27"
"281","2248262639","tb_track_set28","13/8/2012 16:59:17","28/11/2013 17:47:58","TrackSet28"
"282","1290114568","tb_track_set28","13/8/2012 16:59:17","28/11/2013 17:47:58","TrackSet28"
"283","1159757552","tb_track_set28","13/8/2012 16:59:17","28/11/2013 17:47:58","TrackSet28"
"284","2076425350","tb_track_set28","13/8/2012 16:59:17","28/11/2013 17:47:58","TrackSet28"
"285","2756973976","tb_track_set28","13/8/2012 16:59:17","28/11/2013 17:47:58","TrackSet28"
"286","2341721781","tb_track_set28","13/8/2012 16:59:17","28/11/2013 17:47:58","TrackSet28"
"287","4222698436","tb_track_set28","13/8/2012 16:59:17","28/11/2013 17:47:58","TrackSet28"
"288","673127976","tb_track_set28","13/8/2012 16:59:17","28/11/2013 17:47:58","TrackSet28"
"289","2775748121","tb_track_set28","13/8/2012 16:59:17","28/11/2013 17:47:58","TrackSet28"
"290","3292112978","tb_track_set28","13/8/2012 16:59:17","28/11/2013 17:47:58","TrackSet28"
"291","318951554","tb_track_set29","13/8/2012 16:59:17","28/11/2013 17:47:58","TrackSet29"
"292","3463877230","tb_track_set29","13/8/2012 16:59:17","28/11/2013 17:47:58","TrackSet29"
"293","1331045956","tb_track_set29","13/8/2012 16:59:17","28/11/2013 17:47:58","TrackSet29"
"294","1593293280","tb_track_set29","13/8/2012 16:59:17","28/11/2013 17:47:58","TrackSet29"
"295","165937324","tb_track_set29","13/8/2012 16:59:17","28/11/2013 17:47:58","TrackSet29"
"296","3197081197","tb_track_set29","13/8/2012 16:59:17","28/11/2013 17:47:58","TrackSet29"
"297","3212530236","tb_track_set29","13/8/2012 16:59:17","28/11/2013 17:47:58","TrackSet29"
"298","325120766","tb_track_set29","13/8/2012 16:59:17","28/11/2013 17:47:58","TrackSet29"
"299","3694926615","tb_track_set29","13/8/2012 16:59:17","28/11/2013 17:47:58","TrackSet29"
"300","2949975876","tb_track_set29","13/8/2012 16:59:17","28/11/2013 17:47:58","TrackSet29"
"301","3021720260","tb_track_set30","13/8/2012 16:59:17","28/11/2013 17:47:58","TrackSet30"
"302","1059591834","tb_track_set30","13/8/2012 16:59:17","28/11/2013 17:47:58","TrackSet30"
"303","1340013096","tb_track_set30","13/8/2012 16:59:17","28/11/2013 17:47:58","TrackSet30"
"304","3047665057","tb_track_set30","13/8/2012 16:59:17","28/11/2013 17:47:58","TrackSet30"
"305","335582522","tb_track_set30","13/8/2012 16:59:17","28/11/2013 17:47:58","TrackSet30"
"306","3472590063","tb_track_set30","13/8/2012 16:59:17","28/11/2013 17:47:58","TrackSet30"
"307","4265889151","tb_track_set30","13/8/2012 16:59:17","28/11/2013 17:47:58","TrackSet30"
"308","433584993","tb_track_set30","13/8/2012 16:59:17","28/11/2013 17:47:58","TrackSet30"
"309","454549863","tb_track_set30","13/8/2012 16:59:17","28/11/2013 17:47:58","TrackSet30"
"310","3333092985","tb_track_set30","13/8/2012 16:59:17","28/11/2013 17:47:58","TrackSet30"
"311","2219407356","tb_track_set31","13/8/2012 16:59:17","28/11/2013 17:47:58","TrackSet31"
"312","2248110195","tb_track_set31","13/8/2012 16:59:17","28/11/2013 17:47:58","TrackSet31"
"313","1946357513","tb_track_set31","13/8/2012 16:59:17","28/11/2013 17:47:58","TrackSet31"
"314","476858324","tb_track_set31","13/8/2012 16:59:17","28/11/2013 17:47:58","TrackSet31"
"315","3631075174","tb_track_set31","13/8/2012 16:59:17","28/11/2013 17:47:58","TrackSet31"
"316","4007772006","tb_track_set31","13/8/2012 16:59:17","28/11/2013 17:47:58","TrackSet31"
"317","1052370468","tb_track_set31","13/8/2012 16:59:17","28/11/2013 17:47:58","TrackSet31"
"318","454556770","tb_track_set31","13/8/2012 16:59:17","28/11/2013 17:47:58","TrackSet31"
"319","1543250737","tb_track_set31","13/8/2012 16:59:17","28/11/2013 17:47:58","TrackSet31"
"320","1643773691","tb_track_set31","13/8/2012 16:59:17","28/11/2013 17:47:58","TrackSet31"
"321","140079947","tb_track_set32","13/8/2012 16:59:17","28/11/2013 17:47:58","TrackSet32"
"322","1450519226","tb_track_set32","13/8/2012 16:59:17","28/11/2013 17:47:58","TrackSet32"
"323","2744993483","tb_track_set32","13/8/2012 16:59:17","28/11/2013 17:47:58","TrackSet32"
"324","2055227261","tb_track_set32","13/8/2012 16:59:17","28/11/2013 17:47:58","TrackSet32"
"325","1493714472","tb_track_set32","13/8/2012 16:59:17","28/11/2013 17:47:58","TrackSet32"
"326","663523941","tb_track_set32","13/8/2012 16:59:17","28/11/2013 17:47:58","TrackSet32"
"327","858790535","tb_track_set32","13/8/2012 16:59:17","28/11/2013 17:47:58","TrackSet32"
"328","1057780043","tb_track_set32","13/8/2012 16:59:17","28/11/2013 17:47:58","TrackSet32"
"329","1315800288","tb_track_set32","13/8/2012 16:59:17","28/11/2013 17:47:58","TrackSet32"
"330","157590541","tb_track_set32","13/8/2012 16:59:17","28/11/2013 17:47:58","TrackSet32"
"331","1761049632","tb_track_set33","13/8/2012 16:59:17","28/11/2013 17:47:58","TrackSet33"
"332","1454433924","tb_track_set33","13/8/2012 16:59:17","28/11/2013 17:47:58","TrackSet33"
"333","2842068818","tb_track_set33","13/8/2012 16:59:17","28/11/2013 17:47:58","TrackSet33"
"334","3668310107","tb_track_set33","13/8/2012 16:59:17","28/11/2013 17:47:58","TrackSet33"
"335","2668475179","tb_track_set33","13/8/2012 16:59:17","28/11/2013 17:47:58","TrackSet33"
"336","3780502893","tb_track_set33","13/8/2012 16:59:17","28/11/2013 17:47:58","TrackSet33"
"337","992896017","tb_track_set33","13/8/2012 16:59:17","28/11/2013 17:47:58","TrackSet33"
"338","2819291489","tb_track_set33","13/8/2012 16:59:17","28/11/2013 17:47:58","TrackSet33"
"339","1888790742","tb_track_set33","13/8/2012 16:59:17","28/11/2013 17:47:58","TrackSet33"
"340","385494815","tb_track_set33","13/8/2012 16:59:17","28/11/2013 17:47:58","TrackSet33"
"341","1167999566","tb_track_set34","13/8/2012 16:59:17","28/11/2013 17:47:58","TrackSet34"
"342","4203006926","tb_track_set34","13/8/2012 16:59:17","28/11/2013 17:47:58","TrackSet34"
"343","962529705","tb_track_set34","13/8/2012 16:59:17","28/11/2013 17:47:58","TrackSet34"
"344","518197414","tb_track_set34","13/8/2012 16:59:17","28/11/2013 17:47:58","TrackSet34"
"345","1584043980","tb_track_set34","13/8/2012 16:59:17","28/11/2013 17:47:58","TrackSet34"
"346","1745653631","tb_track_set34","13/8/2012 16:59:17","28/11/2013 17:47:58","TrackSet34"
"347","2570377659","tb_track_set34","13/8/2012 16:59:17","28/11/2013 17:47:58","TrackSet34"
"348","2031963504","tb_track_set34","13/8/2012 16:59:17","28/11/2013 17:47:58","TrackSet34"
"349","4200386548","tb_track_set34","13/8/2012 16:59:17","28/11/2013 17:47:58","TrackSet34"
"350","2266267095","tb_track_set34","13/8/2012 16:59:17","28/11/2013 17:47:58","TrackSet34"
"351","772628761","tb_track_set35","13/8/2012 16:59:17","28/11/2013 17:47:58","TrackSet35"
"352","3633155404","tb_track_set35","13/8/2012 16:59:17","28/11/2013 17:47:58","TrackSet35"
"353","2812043125","tb_track_set35","13/8/2012 16:59:17","28/11/2013 17:47:58","TrackSet35"
"354","600854283","tb_track_set35","13/8/2012 16:59:17","28/11/2013 17:47:58","TrackSet35"
"355","475164452","tb_track_set35","13/8/2012 16:59:17","28/11/2013 17:47:58","TrackSet35"
"356","4170140026","tb_track_set35","13/8/2012 16:59:17","28/11/2013 17:47:58","TrackSet35"
"357","2546133030","tb_track_set35","13/8/2012 16:59:17","28/11/2013 17:47:58","TrackSet35"
"358","2138306558","tb_track_set35","13/8/2012 16:59:17","28/11/2013 17:47:58","TrackSet35"
"359","2483224451","tb_track_set35","13/8/2012 16:59:17","28/11/2013 17:47:58","TrackSet35"
"360","3053935043","tb_track_set35","13/8/2012 16:59:17","28/11/2013 17:47:58","TrackSet35"
"361","4137273587","tb_track_set36","13/8/2012 16:59:17","28/11/2013 17:47:58","TrackSet36"
"362","3694890078","tb_track_set36","13/8/2012 16:59:17","28/11/2013 17:47:58","TrackSet36"
"363","1586743428","tb_track_set36","13/8/2012 16:59:17","28/11/2013 17:47:58","TrackSet36"
"364","3439892584","tb_track_set36","13/8/2012 16:59:17","28/11/2013 17:47:58","TrackSet36"
"365","4133356210","tb_track_set36","13/8/2012 16:59:17","28/11/2013 17:47:58","TrackSet36"
"366","1202395316","tb_track_set36","13/8/2012 16:59:17","28/11/2013 17:47:58","TrackSet36"
"367","2978864424","tb_track_set36","13/8/2012 16:59:17","28/11/2013 17:47:58","TrackSet36"
"368","1593962878","tb_track_set36","13/8/2012 16:59:17","28/11/2013 17:47:58","TrackSet36"
"369","3178845572","tb_track_set36","13/8/2012 16:59:17","28/11/2013 17:47:58","TrackSet36"
"370","4096000831","tb_track_set36","13/8/2012 16:59:17","28/11/2013 17:47:58","TrackSet36"
"371","3229542633","tb_track_set37","13/8/2012 16:59:17","28/11/2013 17:47:58","TrackSet37"
"372","2891105700","tb_track_set37","13/8/2012 16:59:17","28/11/2013 17:47:58","TrackSet37"
"373","1314324993","tb_track_set37","13/8/2012 16:59:17","28/11/2013 17:47:58","TrackSet37"
"374","1479984644","tb_track_set37","13/8/2012 16:59:17","28/11/2013 17:47:58","TrackSet37"
"375","3384193855","tb_track_set37","13/8/2012 16:59:17","28/11/2013 17:47:58","TrackSet37"
"376","1266811477","tb_track_set37","13/8/2012 16:59:17","28/11/2013 17:47:58","TrackSet37"
"377","1598498955","tb_track_set37","13/8/2012 16:59:17","28/11/2013 17:47:58","TrackSet37"
"378","4182657273","tb_track_set37","13/8/2012 16:59:17","28/11/2013 17:47:58","TrackSet37"
"379","1078150060","tb_track_set37","13/8/2012 16:59:17","28/11/2013 17:47:58","TrackSet37"
"380","3279414766","tb_track_set37","13/8/2012 16:59:17","28/11/2013 17:47:58","TrackSet37"
"381","3639566535","tb_track_set38","13/8/2012 16:59:17","28/11/2013 17:47:58","TrackSet38"
"382","2729766867","tb_track_set38","13/8/2012 16:59:17","28/11/2013 17:47:58","TrackSet38"
"383","660444313","tb_track_set38","13/8/2012 16:59:17","28/11/2013 17:47:58","TrackSet38"
"384","1151281010","tb_track_set38","13/8/2012 16:59:17","28/11/2013 17:47:58","TrackSet38"
"385","2730018715","tb_track_set38","13/8/2012 16:59:17","28/11/2013 17:47:58","TrackSet38"
"386","978681881","tb_track_set38","13/8/2012 16:59:17","28/11/2013 17:47:58","TrackSet38"
"387","2534248312","tb_track_set38","13/8/2012 16:59:17","28/11/2013 17:47:58","TrackSet38"
"388","986108975","tb_track_set38","13/8/2012 16:59:17","28/11/2013 17:47:58","TrackSet38"
"389","2444047918","tb_track_set38","13/8/2012 16:59:17","28/11/2013 17:47:58","TrackSet38"
"390","334556853","tb_track_set38","13/8/2012 16:59:17","28/11/2013 17:47:58","TrackSet38"
"391","2149516993","tb_track_set39","13/8/2012 16:59:17","28/11/2013 17:47:58","TrackSet39"
"392","2536331609","tb_track_set39","13/8/2012 16:59:17","28/11/2013 17:47:58","TrackSet39"
"393","3250686950","tb_track_set39","13/8/2012 16:59:17","28/11/2013 17:47:58","TrackSet39"
"394","2832011872","tb_track_set39","13/8/2012 16:59:17","28/11/2013 17:47:58","TrackSet39"
"395","4115892685","tb_track_set39","13/8/2012 16:59:17","28/11/2013 17:47:58","TrackSet39"
"396","582354293","tb_track_set39","13/8/2012 16:59:17","28/11/2013 17:47:58","TrackSet39"
"397","1025647960","tb_track_set39","13/8/2012 16:59:17","28/11/2013 17:47:58","TrackSet39"
"398","3287690771","tb_track_set39","13/8/2012 16:59:17","28/11/2013 17:47:58","TrackSet39"
"399","2225830075","tb_track_set39","13/8/2012 16:59:17","28/11/2013 17:47:58","TrackSet39"
"400","490530569","tb_track_set39","13/8/2012 16:59:17","28/11/2013 17:47:58","TrackSet39"
"401","3331992307","tb_track_set40","13/8/2012 16:59:17","28/11/2013 17:47:58","TrackSet40"
"402","117032952","tb_track_set40","13/8/2012 16:59:17","28/11/2013 17:47:58","TrackSet40"
"403","3647862080","tb_track_set40","13/8/2012 16:59:17","28/11/2013 17:47:58","TrackSet40"
"404","888645185","tb_track_set40","13/8/2012 16:59:17","28/11/2013 17:47:58","TrackSet40"
"405","1743408120","tb_track_set40","13/8/2012 16:59:17","28/11/2013 17:47:58","TrackSet40"
"406","1671908215","tb_track_set40","13/8/2012 16:59:17","28/11/2013 17:47:58","TrackSet40"
"407","171746596","tb_track_set40","13/8/2012 16:59:17","28/11/2013 17:47:58","TrackSet40"
"408","2923315685","tb_track_set40","13/8/2012 16:59:17","28/11/2013 17:47:58","TrackSet40"
"409","3769710478","tb_track_set40","13/8/2012 16:59:17","28/11/2013 17:47:58","TrackSet40"
"410","3948279296","tb_track_set40","13/8/2012 16:59:17","28/11/2013 17:47:58","TrackSet40"
"411","619195953","tb_track_set41","13/8/2012 16:59:17","28/11/2013 17:47:58","TrackSet41"
"412","480183830","tb_track_set41","13/8/2012 16:59:17","28/11/2013 17:47:58","TrackSet41"
"413","2180036078","tb_track_set41","13/8/2012 16:59:17","28/11/2013 17:47:58","TrackSet41"
"414","171215181","tb_track_set41","13/8/2012 16:59:17","28/11/2013 17:47:58","TrackSet41"
"415","1291538646","tb_track_set41","13/8/2012 16:59:17","28/11/2013 17:47:58","TrackSet41"
"416","4199788705","tb_track_set41","13/8/2012 16:59:17","28/11/2013 17:47:58","TrackSet41"
"417","48413096","tb_track_set41","13/8/2012 16:59:17","28/11/2013 17:47:58","TrackSet41"
"418","4073412635","tb_track_set41","13/8/2012 16:59:17","28/11/2013 17:47:58","TrackSet41"
"419","2496234710","tb_track_set41","13/8/2012 16:59:17","28/11/2013 17:47:58","TrackSet41"
"420","467235524","tb_track_set41","13/8/2012 16:59:17","28/11/2013 17:47:58","TrackSet41"
"421","3041924065","tb_track_set42","13/8/2012 16:59:17","28/11/2013 17:47:58","TrackSet42"
"422","94464224","tb_track_set42","13/8/2012 16:59:17","28/11/2013 17:47:58","TrackSet42"
"423","3631782491","tb_track_set42","13/8/2012 16:59:17","28/11/2013 17:47:58","TrackSet42"
"424","2558615320","tb_track_set42","13/8/2012 16:59:17","28/11/2013 17:47:58","TrackSet42"
"425","3184361301","tb_track_set42","13/8/2012 16:59:17","28/11/2013 17:47:58","TrackSet42"
"426","2172644670","tb_track_set42","13/8/2012 16:59:17","28/11/2013 17:47:58","TrackSet42"
"427","2899191707","tb_track_set42","13/8/2012 16:59:17","28/11/2013 17:47:58","TrackSet42"
"428","2036125179","tb_track_set42","13/8/2012 16:59:17","28/11/2013 17:47:58","TrackSet42"
"429","3461695410","tb_track_set42","13/8/2012 16:59:17","28/11/2013 17:47:58","TrackSet42"
"430","3836819266","tb_track_set42","13/8/2012 16:59:17","28/11/2013 17:47:58","TrackSet42"
"431","576884164","tb_track_set43","13/8/2012 16:59:17","28/11/2013 17:47:58","TrackSet43"
"432","4221844923","tb_track_set43","13/8/2012 16:59:17","28/11/2013 17:47:58","TrackSet43"
"433","2941008912","tb_track_set43","13/8/2012 16:59:17","28/11/2013 17:47:58","TrackSet43"
"434","1931212548","tb_track_set43","13/8/2012 16:59:17","28/11/2013 17:47:58","TrackSet43"
"435","2777650470","tb_track_set43","13/8/2012 16:59:17","28/11/2013 17:47:58","TrackSet43"
"436","3984852648","tb_track_set43","13/8/2012 16:59:17","28/11/2013 17:47:58","TrackSet43"
"437","3672633960","tb_track_set43","13/8/2012 16:59:17","28/11/2013 17:47:58","TrackSet43"
"438","3891831221","tb_track_set43","13/8/2012 16:59:17","28/11/2013 17:47:58","TrackSet43"
"439","2149569324","tb_track_set43","13/8/2012 16:59:17","28/11/2013 17:47:58","TrackSet43"
"440","1702120389","tb_track_set43","13/8/2012 16:59:17","28/11/2013 17:47:58","TrackSet43"
"441","1177569732","tb_track_set44","13/8/2012 16:59:17","28/11/2013 17:47:58","TrackSet44"
"442","3479212466","tb_track_set44","13/8/2012 16:59:17","28/11/2013 17:47:58","TrackSet44"
"443","3394395629","tb_track_set44","13/8/2012 16:59:17","28/11/2013 17:47:58","TrackSet44"
"444","3528443932","tb_track_set44","13/8/2012 16:59:17","28/11/2013 17:47:58","TrackSet44"
"445","1881840054","tb_track_set44","13/8/2012 16:59:17","28/11/2013 17:47:58","TrackSet44"
"446","3302834323","tb_track_set44","13/8/2012 16:59:17","28/11/2013 17:47:58","TrackSet44"
"447","3735535288","tb_track_set44","13/8/2012 16:59:17","28/11/2013 17:47:58","TrackSet44"
"448","4045384210","tb_track_set44","13/8/2012 16:59:17","28/11/2013 17:47:58","TrackSet44"
"449","1861741302","tb_track_set44","13/8/2012 16:59:17","28/11/2013 17:47:58","TrackSet44"
"450","436435919","tb_track_set44","13/8/2012 16:59:17","28/11/2013 17:47:58","TrackSet44"
"451","4000066602","tb_track_set45","13/8/2012 16:59:17","28/11/2013 17:47:58","TrackSet45"
"452","2743056757","tb_track_set45","13/8/2012 16:59:17","28/11/2013 17:47:58","TrackSet45"
"453","3860969059","tb_track_set45","13/8/2012 16:59:17","28/11/2013 17:47:58","TrackSet45"
"454","2932042794","tb_track_set45","13/8/2012 16:59:17","28/11/2013 17:47:58","TrackSet45"
"455","839658906","tb_track_set45","13/8/2012 16:59:17","28/11/2013 17:47:58","TrackSet45"
"456","1681024674","tb_track_set45","13/8/2012 16:59:17","28/11/2013 17:47:58","TrackSet45"
"457","2047720140","tb_track_set45","13/8/2012 16:59:17","28/11/2013 17:47:58","TrackSet45"
"458","1876921525","tb_track_set45","13/8/2012 16:59:17","28/11/2013 17:47:58","TrackSet45"
"459","2403349474","tb_track_set45","13/8/2012 16:59:17","28/11/2013 17:47:58","TrackSet45"
"460","1737760699","tb_track_set45","13/8/2012 16:59:17","28/11/2013 17:47:58","TrackSet45"
"461","701564144","tb_track_set46","13/8/2012 16:59:17","28/11/2013 17:47:58","TrackSet46"
"462","3527544800","tb_track_set46","13/8/2012 16:59:17","28/11/2013 17:47:58","TrackSet46"
"463","4285956494","tb_track_set46","13/8/2012 16:59:17","28/11/2013 17:47:58","TrackSet46"
"464","4093634694","tb_track_set46","13/8/2012 16:59:17","28/11/2013 17:47:58","TrackSet46"
"465","1479143085","tb_track_set46","13/8/2012 16:59:17","28/11/2013 17:47:58","TrackSet46"
"466","984338843","tb_track_set46","13/8/2012 16:59:17","28/11/2013 17:47:58","TrackSet46"
"467","2731347788","tb_track_set46","13/8/2012 16:59:17","28/11/2013 17:47:58","TrackSet46"
"468","335026399","tb_track_set46","13/8/2012 16:59:17","28/11/2013 17:47:58","TrackSet46"
"469","1479375193","tb_track_set46","13/8/2012 16:59:17","28/11/2013 17:47:58","TrackSet46"
"470","2922882060","tb_track_set46","13/8/2012 16:59:17","28/11/2013 17:47:58","TrackSet46"
"471","3469071170","tb_track_set47","13/8/2012 16:59:17","28/11/2013 17:47:58","TrackSet47"
"472","1565286471","tb_track_set47","13/8/2012 16:59:17","28/11/2013 17:47:58","TrackSet47"
"473","4130728735","tb_track_set47","13/8/2012 16:59:17","28/11/2013 17:47:58","TrackSet47"
"474","3815023869","tb_track_set47","13/8/2012 16:59:17","28/11/2013 17:47:59","TrackSet47"
"475","1790465943","tb_track_set47","13/8/2012 16:59:17","28/11/2013 17:47:59","TrackSet47"
"476","22181997","tb_track_set47","13/8/2012 16:59:17","28/11/2013 17:47:59","TrackSet47"
"477","2513369265","tb_track_set47","13/8/2012 16:59:17","28/11/2013 17:47:59","TrackSet47"
"478","2450773335","tb_track_set47","13/8/2012 16:59:17","28/11/2013 17:47:59","TrackSet47"
"479","3981925492","tb_track_set47","13/8/2012 16:59:17","28/11/2013 17:47:59","TrackSet47"
"480","2562019867","tb_track_set47","13/8/2012 16:59:17","28/11/2013 17:47:59","TrackSet47"
"481","3480959478","tb_track_set48","13/8/2012 16:59:17","28/11/2013 17:47:59","TrackSet48"
"482","3982510181","tb_track_set48","13/8/2012 16:59:17","28/11/2013 17:47:59","TrackSet48"
"483","2368628533","tb_track_set48","13/8/2012 16:59:17","28/11/2013 17:47:59","TrackSet48"
"484","1616816772","tb_track_set48","13/8/2012 16:59:17","28/11/2013 17:47:59","TrackSet48"
"485","3798160743","tb_track_set48","13/8/2012 16:59:17","28/11/2013 17:47:59","TrackSet48"
"486","4002571829","tb_track_set48","13/8/2012 16:59:17","28/11/2013 17:47:59","TrackSet48"
"487","1159689927","tb_track_set48","13/8/2012 16:59:17","28/11/2013 17:47:59","TrackSet48"
"488","179365708","tb_track_set48","13/8/2012 16:59:17","28/11/2013 17:47:59","TrackSet48"
"489","3044306684","tb_track_set48","13/8/2012 16:59:17","28/11/2013 17:47:59","TrackSet48"
"490","1501084027","tb_track_set48","13/8/2012 16:59:17","28/11/2013 17:47:59","TrackSet48"
"491","737203574","tb_track_set49","13/8/2012 16:59:17","28/11/2013 17:47:59","TrackSet49"
"492","3651293634","tb_track_set49","13/8/2012 16:59:17","28/11/2013 17:47:59","TrackSet49"
"493","3011999375","tb_track_set49","13/8/2012 16:59:17","28/11/2013 17:47:59","TrackSet49"
"494","3398775496","tb_track_set49","13/8/2012 16:59:17","28/11/2013 17:47:59","TrackSet49"
"495","2329963135","tb_track_set49","13/8/2012 16:59:17","28/11/2013 17:47:59","TrackSet49"
"496","1250221254","tb_track_set49","13/8/2012 16:59:17","28/11/2013 17:47:59","TrackSet49"
"497","456824670","tb_track_set49","13/8/2012 16:59:17","28/11/2013 17:47:59","TrackSet49"
"498","2401898388","tb_track_set49","13/8/2012 16:59:17","28/11/2013 17:47:59","TrackSet49"
"499","1996164003","tb_track_set49","13/8/2012 16:59:17","28/11/2013 17:47:59","TrackSet49"
"500","3196862615","tb_track_set49","13/8/2012 16:59:17","28/11/2013 17:47:59","TrackSet49"
"501","1250940127","tb_track_set50","13/8/2012 16:59:17","28/11/2013 17:47:59","TrackSet50"
"502","4209888989","tb_track_set50","13/8/2012 16:59:17","28/11/2013 17:47:59","TrackSet50"
"503","945621109","tb_track_set50","13/8/2012 16:59:17","28/11/2013 17:47:59","TrackSet50"
"504","1751305681","tb_track_set50","13/8/2012 16:59:17","28/11/2013 17:47:59","TrackSet50"
"505","289354853","tb_track_set50","13/8/2012 16:59:17","28/11/2013 17:47:59","TrackSet50"
"506","476055501","tb_track_set50","13/8/2012 16:59:17","28/11/2013 17:47:59","TrackSet50"
"507","749564567","tb_track_set50","13/8/2012 16:59:17","28/11/2013 17:47:59","TrackSet50"
"508","678505032","tb_track_set50","13/8/2012 16:59:17","28/11/2013 17:47:59","TrackSet50"
"509","783124833","tb_track_set50","13/8/2012 16:59:17","28/11/2013 17:47:59","TrackSet50"
"510","1206429222","tb_track_set50","13/8/2012 16:59:17","28/11/2013 17:47:59","TrackSet50"
"511","4171309546","tb_track_set51","13/8/2012 16:59:17","28/11/2013 17:47:59","TrackSet51"
"512","2203539423","tb_track_set51","13/8/2012 16:59:17","28/11/2013 17:47:59","TrackSet51"
"513","372386796","tb_track_set51","13/8/2012 16:59:17","28/11/2013 17:47:59","TrackSet51"
"514","114176794","tb_track_set51","13/8/2012 16:59:17","28/11/2013 17:47:59","TrackSet51"
"515","2265194179","tb_track_set51","13/8/2012 16:59:17","28/11/2013 17:47:59","TrackSet51"
"516","8408953","tb_track_set51","13/8/2012 16:59:17","28/11/2013 17:47:59","TrackSet51"
"517","2247773317","tb_track_set51","13/8/2012 16:59:17","28/11/2013 17:47:59","TrackSet51"
"518","2808276624","tb_track_set51","13/8/2012 16:59:17","28/11/2013 17:47:59","TrackSet51"
"519","2533711226","tb_track_set51","13/8/2012 16:59:17","28/11/2013 17:47:59","TrackSet51"
"520","3479742897","tb_track_set51","13/8/2012 16:59:17","28/11/2013 17:47:59","TrackSet51"
"521","1659687863","tb_track_set52","13/8/2012 16:59:17","28/11/2013 17:47:59","TrackSet52"
"522","786262879","tb_track_set52","13/8/2012 16:59:17","28/11/2013 17:47:59","TrackSet52"
"523","2327174904","tb_track_set52","13/8/2012 16:59:17","28/11/2013 17:47:59","TrackSet52"
"524","2898194987","tb_track_set52","13/8/2012 16:59:17","28/11/2013 17:47:59","TrackSet52"
"525","3963762511","tb_track_set52","13/8/2012 16:59:17","28/11/2013 17:47:59","TrackSet52"
"526","1801027157","tb_track_set52","13/8/2012 16:59:17","28/11/2013 17:47:59","TrackSet52"
"527","816600327","tb_track_set52","13/8/2012 16:59:17","28/11/2013 17:47:59","TrackSet52"
"528","2989444484","tb_track_set52","13/8/2012 16:59:17","28/11/2013 17:47:59","TrackSet52"
"529","1580389518","tb_track_set52","13/8/2012 16:59:17","28/11/2013 17:47:59","TrackSet52"
"530","3788725410","tb_track_set52","13/8/2012 16:59:17","28/11/2013 17:47:59","TrackSet52"
"531","335764719","tb_track_set53","13/8/2012 16:59:17","28/11/2013 17:47:59","TrackSet53"
"532","2369981764","tb_track_set53","13/8/2012 16:59:17","28/11/2013 17:47:59","TrackSet53"
"533","504457375","tb_track_set53","13/8/2012 16:59:17","28/11/2013 17:47:59","TrackSet53"
"534","2210896708","tb_track_set53","13/8/2012 16:59:17","28/11/2013 17:47:59","TrackSet53"
"535","1809995161","tb_track_set53","13/8/2012 16:59:17","28/11/2013 17:47:59","TrackSet53"
"536","1244779734","tb_track_set53","13/8/2012 16:59:17","28/11/2013 17:47:59","TrackSet53"
"537","1109471618","tb_track_set53","13/8/2012 16:59:17","28/11/2013 17:47:59","TrackSet53"
"538","807521366","tb_track_set53","13/8/2012 16:59:17","28/11/2013 17:47:59","TrackSet53"
"539","4086048085","tb_track_set53","13/8/2012 16:59:17","28/11/2013 17:47:59","TrackSet53"
"540","1973748348","tb_track_set53","13/8/2012 16:59:17","28/11/2013 17:47:59","TrackSet53"
"541","1283873253","tb_track_set54","13/8/2012 16:59:17","28/11/2013 17:47:59","TrackSet54"
"542","3223788504","tb_track_set54","13/8/2012 16:59:17","28/11/2013 17:47:59","TrackSet54"
"543","4207211515","tb_track_set54","13/8/2012 16:59:17","28/11/2013 17:47:59","TrackSet54"
"544","2097693583","tb_track_set54","13/8/2012 16:59:17","28/11/2013 17:47:59","TrackSet54"
"545","1024383567","tb_track_set54","13/8/2012 16:59:17","28/11/2013 17:47:59","TrackSet54"
"546","120174569","tb_track_set54","13/8/2012 16:59:17","28/11/2013 17:47:59","TrackSet54"
"547","2490326840","tb_track_set54","13/8/2012 16:59:17","28/11/2013 17:47:59","TrackSet54"
"548","3554630734","tb_track_set54","13/8/2012 16:59:17","28/11/2013 17:47:59","TrackSet54"
"549","3472425538","tb_track_set54","13/8/2012 16:59:17","28/11/2013 17:47:59","TrackSet54"
"550","2767401595","tb_track_set54","13/8/2012 16:59:17","28/11/2013 17:47:59","TrackSet54"
"551","3627799789","tb_track_set55","13/8/2012 16:59:17","28/11/2013 17:47:59","TrackSet55"
"552","86978736","tb_track_set55","13/8/2012 16:59:17","28/11/2013 17:47:59","TrackSet55"
"553","2984787332","tb_track_set55","13/8/2012 16:59:17","28/11/2013 17:47:59","TrackSet55"
"554","1733199305","tb_track_set55","13/8/2012 16:59:17","28/11/2013 17:47:59","TrackSet55"
"555","1550141541","tb_track_set55","13/8/2012 16:59:17","28/11/2013 17:47:59","TrackSet55"
"556","2673966069","tb_track_set55","13/8/2012 16:59:17","28/11/2013 17:47:59","TrackSet55"
"557","1887947011","tb_track_set55","13/8/2012 16:59:17","28/11/2013 17:47:59","TrackSet55"
"558","995738170","tb_track_set55","13/8/2012 16:59:17","28/11/2013 17:47:59","TrackSet55"
"559","2034758383","tb_track_set55","13/8/2012 16:59:17","28/11/2013 17:47:59","TrackSet55"
"560","1357438268","tb_track_set55","13/8/2012 16:59:17","28/11/2013 17:47:59","TrackSet55"
"561","4040477667","tb_track_set56","13/8/2012 16:59:17","28/11/2013 17:47:59","TrackSet56"
"562","2886853422","tb_track_set56","13/8/2012 16:59:17","28/11/2013 17:47:59","TrackSet56"
"563","1421507479","tb_track_set56","13/8/2012 16:59:17","28/11/2013 17:47:59","TrackSet56"
"564","1911802249","tb_track_set56","13/8/2012 16:59:17","28/11/2013 17:47:59","TrackSet56"
"565","477765462","tb_track_set56","13/8/2012 16:59:17","28/11/2013 17:47:59","TrackSet56"
"566","2383820546","tb_track_set56","13/8/2012 16:59:17","28/11/2013 17:47:59","TrackSet56"
"567","881610697","tb_track_set56","13/8/2012 16:59:17","28/11/2013 17:47:59","TrackSet56"
"568","54750513","tb_track_set56","13/8/2012 16:59:17","28/11/2013 17:47:59","TrackSet56"
"569","1578756497","tb_track_set56","13/8/2012 16:59:17","28/11/2013 17:47:59","TrackSet56"
"570","2501645264","tb_track_set56","13/8/2012 16:59:17","28/11/2013 17:47:59","TrackSet56"
"571","2315231450","tb_track_set57","13/8/2012 16:59:17","28/11/2013 17:47:59","TrackSet57"
"572","1945763897","tb_track_set57","13/8/2012 16:59:17","28/11/2013 17:47:59","TrackSet57"
"573","825781951","tb_track_set57","13/8/2012 16:59:17","28/11/2013 17:47:59","TrackSet57"
"574","3563234017","tb_track_set57","13/8/2012 16:59:17","28/11/2013 17:47:59","TrackSet57"
"575","2382610039","tb_track_set57","13/8/2012 16:59:17","28/11/2013 17:47:59","TrackSet57"
"576","2321337723","tb_track_set57","13/8/2012 16:59:17","28/11/2013 17:47:59","TrackSet57"
"577","735500531","tb_track_set57","13/8/2012 16:59:17","28/11/2013 17:47:59","TrackSet57"
"578","1020718041","tb_track_set57","13/8/2012 16:59:17","28/11/2013 17:47:59","TrackSet57"
"579","4146802206","tb_track_set57","13/8/2012 16:59:17","28/11/2013 17:47:59","TrackSet57"
"580","3391098766","tb_track_set57","13/8/2012 16:59:17","28/11/2013 17:47:59","TrackSet57"
"581","3350339269","tb_track_set58","13/8/2012 16:59:17","28/11/2013 17:47:59","TrackSet58"
"582","277975522","tb_track_set58","13/8/2012 16:59:17","28/11/2013 17:47:59","TrackSet58"
"583","2713344557","tb_track_set58","13/8/2012 16:59:17","28/11/2013 17:47:59","TrackSet58"
"584","2653388999","tb_track_set58","13/8/2012 16:59:17","28/11/2013 17:47:59","TrackSet58"
"585","3271999757","tb_track_set58","13/8/2012 16:59:17","28/11/2013 17:47:59","TrackSet58"
"586","924721932","tb_track_set58","13/8/2012 16:59:17","28/11/2013 17:47:59","TrackSet58"
"587","818779559","tb_track_set58","13/8/2012 16:59:17","28/11/2013 17:47:59","TrackSet58"
"588","492169220","tb_track_set58","13/8/2012 16:59:17","28/11/2013 17:47:59","TrackSet58"
"589","3293103885","tb_track_set58","13/8/2012 16:59:17","28/11/2013 17:47:59","TrackSet58"
"590","4055392965","tb_track_set58","13/8/2012 16:59:17","28/11/2013 17:47:59","TrackSet58"
"591","4158136609","tb_track_set59","13/8/2012 16:59:17","28/11/2013 17:47:59","TrackSet59"
"592","4231868187","tb_track_set59","13/8/2012 16:59:17","28/11/2013 17:47:59","TrackSet59"
"593","2991340877","tb_track_set59","13/8/2012 16:59:17","28/11/2013 17:47:59","TrackSet59"
"594","3115859513","tb_track_set59","13/8/2012 16:59:17","28/11/2013 17:47:59","TrackSet59"
"595","540588810","tb_track_set59","13/8/2012 16:59:17","28/11/2013 17:47:59","TrackSet59"
"596","2586043605","tb_track_set59","13/8/2012 16:59:17","28/11/2013 17:47:59","TrackSet59"
"597","696199248","tb_track_set59","13/8/2012 16:59:17","28/11/2013 17:47:59","TrackSet59"
"598","868893337","tb_track_set59","13/8/2012 16:59:17","28/11/2013 17:47:59","TrackSet59"
"599","1602249286","tb_track_set59","13/8/2012 16:59:17","28/11/2013 17:47:59","TrackSet59"
"600","2368037771","tb_track_set59","13/8/2012 16:59:17","28/11/2013 17:47:59","TrackSet59"
"601","1401529842","tb_track_set60","13/8/2012 16:59:17","28/11/2013 17:47:59","TrackSet60"
"602","2543159570","tb_track_set60","13/8/2012 16:59:17","28/11/2013 17:47:59","TrackSet60"
"603","3511808955","tb_track_set60","13/8/2012 16:59:17","28/11/2013 17:47:59","TrackSet60"
"604","1478665350","tb_track_set60","13/8/2012 16:59:17","28/11/2013 17:47:59","TrackSet60"
"605","87816488","tb_track_set60","13/8/2012 16:59:17","28/11/2013 17:47:59","TrackSet60"
"606","960961589","tb_track_set60","13/8/2012 16:59:17","28/11/2013 17:47:59","TrackSet60"
"607","2839361930","tb_track_set60","13/8/2012 16:59:17","28/11/2013 17:47:59","TrackSet60"
"608","2042399202","tb_track_set60","13/8/2012 16:59:17","28/11/2013 17:47:59","TrackSet60"
"609","3675437651","tb_track_set60","13/8/2012 16:59:17","28/11/2013 17:47:59","TrackSet60"
"610","4208095086","tb_track_set60","13/8/2012 16:59:17","28/11/2013 17:47:59","TrackSet60"
"611","3976616933","tb_track_set61","13/8/2012 16:59:17","28/11/2013 17:47:59","TrackSet61"
"612","2602040019","tb_track_set61","13/8/2012 16:59:17","28/11/2013 17:47:59","TrackSet61"
"613","2164033258","tb_track_set61","13/8/2012 16:59:17","28/11/2013 17:47:59","TrackSet61"
"614","983740085","tb_track_set61","13/8/2012 16:59:17","28/11/2013 17:47:59","TrackSet61"
"615","201633015","tb_track_set61","13/8/2012 16:59:17","28/11/2013 17:47:59","TrackSet61"
"616","243297469","tb_track_set61","13/8/2012 16:59:17","28/11/2013 17:47:59","TrackSet61"
"617","1805110487","tb_track_set61","13/8/2012 16:59:17","28/11/2013 17:47:59","TrackSet61"
"618","2109026033","tb_track_set61","13/8/2012 16:59:17","28/11/2013 17:47:59","TrackSet61"
"619","407724427","tb_track_set61","13/8/2012 16:59:17","28/11/2013 17:47:59","TrackSet61"
"620","904246070","tb_track_set61","13/8/2012 16:59:17","28/11/2013 17:47:59","TrackSet61"
"621","2780952730","tb_track_set62","13/8/2012 16:59:17","28/11/2013 17:47:59","TrackSet62"
"622","2833518432","tb_track_set62","13/8/2012 16:59:17","28/11/2013 17:47:59","TrackSet62"
"623","2265429331","tb_track_set62","13/8/2012 16:59:17","28/11/2013 17:47:59","TrackSet62"
"624","3729243441","tb_track_set62","13/8/2012 16:59:17","28/11/2013 17:47:59","TrackSet62"
"625","237446473","tb_track_set62","13/8/2012 16:59:17","28/11/2013 17:47:59","TrackSet62"
"626","2229991571","tb_track_set62","13/8/2012 16:59:17","28/11/2013 17:47:59","TrackSet62"
"627","3125574410","tb_track_set62","13/8/2012 16:59:17","28/11/2013 17:47:59","TrackSet62"
"628","2961646700","tb_track_set62","13/8/2012 16:59:17","28/11/2013 17:47:59","TrackSet62"
"629","3998247334","tb_track_set62","13/8/2012 16:59:17","28/11/2013 17:47:59","TrackSet62"
"630","1220863711","tb_track_set62","13/8/2012 16:59:17","28/11/2013 17:47:59","TrackSet62"
"631","2179662639","tb_track_set63","13/8/2012 16:59:17","28/11/2013 17:47:59","TrackSet63"
"632","692390830","tb_track_set63","13/8/2012 16:59:17","28/11/2013 17:47:59","TrackSet63"
"633","403269898","tb_track_set63","13/8/2012 16:59:17","28/11/2013 17:47:59","TrackSet63"
"634","3140293944","tb_track_set63","13/8/2012 16:59:17","28/11/2013 17:47:59","TrackSet63"
"635","1106567885","tb_track_set63","13/8/2012 16:59:17","28/11/2013 17:47:59","TrackSet63"
"636","2650784956","tb_track_set63","13/8/2012 16:59:17","28/11/2013 17:47:59","TrackSet63"
"637","136561281","tb_track_set63","13/8/2012 16:59:17","28/11/2013 17:47:59","TrackSet63"
"638","4188141420","tb_track_set63","13/8/2012 16:59:17","28/11/2013 17:47:59","TrackSet63"
"639","493161975","tb_track_set63","13/8/2012 16:59:17","28/11/2013 17:47:59","TrackSet63"
"640","376886351","tb_track_set63","13/8/2012 16:59:17","28/11/2013 17:47:59","TrackSet63"
"641","2485813345","tb_track_set64","13/8/2012 16:59:17","28/11/2013 17:47:59","TrackSet64"
"642","3254080802","tb_track_set64","13/8/2012 16:59:17","28/11/2013 17:47:59","TrackSet64"
"643","3758917052","tb_track_set64","13/8/2012 16:59:17","28/11/2013 17:47:59","TrackSet64"
"644","4207597636","tb_track_set64","13/8/2012 16:59:17","28/11/2013 17:47:59","TrackSet64"
"645","2620476277","tb_track_set64","13/8/2012 16:59:17","28/11/2013 17:47:59","TrackSet64"
"646","1438066355","tb_track_set64","13/8/2012 16:59:17","28/11/2013 17:47:59","TrackSet64"
"647","3709852283","tb_track_set64","13/8/2012 16:59:17","28/11/2013 17:47:59","TrackSet64"
"648","1887046633","tb_track_set64","13/8/2012 16:59:17","28/11/2013 17:47:59","TrackSet64"
"649","2787962812","tb_track_set64","13/8/2012 16:59:17","28/11/2013 17:47:59","TrackSet64"
"650","296382025","tb_track_set64","13/8/2012 16:59:17","28/11/2013 17:47:59","TrackSet64"
"651","773660216","tb_track_set65","13/8/2012 16:59:17","28/11/2013 17:47:59","TrackSet65"
"652","2083636717","tb_track_set65","13/8/2012 16:59:17","28/11/2013 17:47:59","TrackSet65"
"653","2913160778","tb_track_set65","13/8/2012 16:59:17","28/11/2013 17:47:59","TrackSet65"
"654","789512285","tb_track_set65","13/8/2012 16:59:17","28/11/2013 17:47:59","TrackSet65"
"655","3867316426","tb_track_set65","13/8/2012 16:59:17","28/11/2013 17:47:59","TrackSet65"
"656","585842939","tb_track_set65","13/8/2012 16:59:17","28/11/2013 17:47:59","TrackSet65"
"657","4010865067","tb_track_set65","13/8/2012 16:59:17","28/11/2013 17:47:59","TrackSet65"
"658","842248844","tb_track_set65","13/8/2012 16:59:17","28/11/2013 17:47:59","TrackSet65"
"659","99055330","tb_track_set65","13/8/2012 16:59:17","28/11/2013 17:47:59","TrackSet65"
"660","2848393219","tb_track_set65","13/8/2012 16:59:17","28/11/2013 17:47:59","TrackSet65"
"661","2180709375","tb_track_set66","13/8/2012 16:59:17","28/11/2013 17:47:59","TrackSet66"
"662","3963522925","tb_track_set66","13/8/2012 16:59:17","28/11/2013 17:47:59","TrackSet66"
"663","3098501060","tb_track_set66","13/8/2012 16:59:17","28/11/2013 17:47:59","TrackSet66"
"664","4194703959","tb_track_set66","13/8/2012 16:59:17","28/11/2013 17:47:59","TrackSet66"
"665","204764152","tb_track_set66","13/8/2012 16:59:17","28/11/2013 17:47:59","TrackSet66"
"666","4127224760","tb_track_set66","13/8/2012 16:59:17","28/11/2013 17:47:59","TrackSet66"
"667","1299583002","tb_track_set66","13/8/2012 16:59:17","28/11/2013 17:47:59","TrackSet66"
"668","604264958","tb_track_set66","13/8/2012 16:59:17","28/11/2013 17:47:59","TrackSet66"
"669","1399650997","tb_track_set66","13/8/2012 16:59:17","28/11/2013 17:47:59","TrackSet66"
"670","472010659","tb_track_set66","13/8/2012 16:59:17","28/11/2013 17:47:59","TrackSet66"
"671","455164284","tb_track_set67","13/8/2012 16:59:17","28/11/2013 17:47:59","TrackSet67"
"672","3601215097","tb_track_set67","13/8/2012 16:59:17","28/11/2013 17:47:59","TrackSet67"
"673","3077157621","tb_track_set67","13/8/2012 16:59:17","28/11/2013 17:47:59","TrackSet67"
"674","2079329823","tb_track_set67","13/8/2012 16:59:17","28/11/2013 17:47:59","TrackSet67"
"675","4141625690","tb_track_set67","13/8/2012 16:59:17","28/11/2013 17:47:59","TrackSet67"
"676","3793165694","tb_track_set67","13/8/2012 16:59:17","28/11/2013 17:47:59","TrackSet67"
"677","14961058","tb_track_set67","13/8/2012 16:59:17","28/11/2013 17:47:59","TrackSet67"
"678","4182217287","tb_track_set67","13/8/2012 16:59:17","28/11/2013 17:47:59","TrackSet67"
"679","477245086","tb_track_set67","13/8/2012 16:59:17","28/11/2013 17:47:59","TrackSet67"
"680","4113985454","tb_track_set67","13/8/2012 16:59:17","28/11/2013 17:47:59","TrackSet67"
"681","1588955963","tb_track_set68","13/8/2012 16:59:17","28/11/2013 17:47:59","TrackSet68"
"682","1468752607","tb_track_set68","13/8/2012 16:59:17","28/11/2013 17:47:59","TrackSet68"
"683","3579525556","tb_track_set68","13/8/2012 16:59:17","28/11/2013 17:47:59","TrackSet68"
"684","1257813137","tb_track_set68","13/8/2012 16:59:17","28/11/2013 17:47:59","TrackSet68"
"685","3419741271","tb_track_set68","13/8/2012 16:59:17","28/11/2013 17:47:59","TrackSet68"
"686","2908558207","tb_track_set68","13/8/2012 16:59:17","28/11/2013 17:47:59","TrackSet68"
"687","1719448969","tb_track_set68","13/8/2012 16:59:17","28/11/2013 17:47:59","TrackSet68"
"688","3257873738","tb_track_set68","13/8/2012 16:59:17","28/11/2013 17:47:59","TrackSet68"
"689","164741529","tb_track_set68","13/8/2012 16:59:17","28/11/2013 17:47:59","TrackSet68"
"690","3099940436","tb_track_set68","13/8/2012 16:59:17","28/11/2013 17:47:59","TrackSet68"
"691","1722987963","tb_track_set69","13/8/2012 16:59:17","28/11/2013 17:47:59","TrackSet69"
"692","1642805401","tb_track_set69","13/8/2012 16:59:17","28/11/2013 17:47:59","TrackSet69"
"693","1581007070","tb_track_set69","13/8/2012 16:59:17","28/11/2013 17:47:59","TrackSet69"
"694","2573701197","tb_track_set69","13/8/2012 16:59:17","28/11/2013 17:47:59","TrackSet69"
"695","1851400436","tb_track_set69","13/8/2012 16:59:17","28/11/2013 17:47:59","TrackSet69"
"696","965895549","tb_track_set69","13/8/2012 16:59:17","28/11/2013 17:47:59","TrackSet69"
"697","420736703","tb_track_set69","13/8/2012 16:59:17","28/11/2013 17:47:59","TrackSet69"
"698","3623352362","tb_track_set69","13/8/2012 16:59:17","28/11/2013 17:47:59","TrackSet69"
"699","2394311738","tb_track_set69","13/8/2012 16:59:17","28/11/2013 17:47:59","TrackSet69"
"700","927896129","tb_track_set69","13/8/2012 16:59:17","28/11/2013 17:47:59","TrackSet69"
"701","2731440699","tb_track_set70","13/8/2012 16:59:17","28/11/2013 17:47:59","TrackSet70"
"702","3179808905","tb_track_set70","13/8/2012 16:59:17","28/11/2013 17:47:59","TrackSet70"
"703","1787126207","tb_track_set70","13/8/2012 16:59:17","28/11/2013 17:47:59","TrackSet70"
"704","2667715451","tb_track_set70","13/8/2012 16:59:17","28/11/2013 17:47:59","TrackSet70"
"705","492122403","tb_track_set70","13/8/2012 16:59:17","28/11/2013 17:47:59","TrackSet70"
"706","2145157711","tb_track_set70","13/8/2012 16:59:17","28/11/2013 17:47:59","TrackSet70"
"707","1605495591","tb_track_set70","13/8/2012 16:59:17","28/11/2013 17:47:59","TrackSet70"
"708","2209666714","tb_track_set70","13/8/2012 16:59:17","28/11/2013 17:47:59","TrackSet70"
"709","1894495664","tb_track_set70","13/8/2012 16:59:17","28/11/2013 17:47:59","TrackSet70"
"710","1628031274","tb_track_set70","13/8/2012 16:59:17","28/11/2013 17:47:59","TrackSet70"
"711","2520847274","tb_track_set71","13/8/2012 16:59:17","28/11/2013 17:47:59","TrackSet71"
"712","274012881","tb_track_set71","13/8/2012 16:59:17","28/11/2013 17:47:59","TrackSet71"
"713","2483492829","tb_track_set71","13/8/2012 16:59:17","28/11/2013 17:47:59","TrackSet71"
"714","3471306189","tb_track_set71","13/8/2012 16:59:17","28/11/2013 17:47:59","TrackSet71"
"715","446547751","tb_track_set71","13/8/2012 16:59:17","28/11/2013 17:47:59","TrackSet71"
"716","2903656453","tb_track_set71","13/8/2012 16:59:17","28/11/2013 17:47:59","TrackSet71"
"717","209365848","tb_track_set71","13/8/2012 16:59:17","28/11/2013 17:47:59","TrackSet71"
"718","4195513539","tb_track_set71","13/8/2012 16:59:17","28/11/2013 17:47:59","TrackSet71"
"719","2467843492","tb_track_set71","13/8/2012 16:59:17","28/11/2013 17:47:59","TrackSet71"
"720","4181531250","tb_track_set71","13/8/2012 16:59:17","28/11/2013 17:47:59","TrackSet71"
"721","3726183203","tb_track_set72","13/8/2012 16:59:17","28/11/2013 17:47:59","TrackSet72"
"722","3152848681","tb_track_set72","13/8/2012 16:59:17","28/11/2013 17:47:59","TrackSet72"
"723","722371701","tb_track_set72","13/8/2012 16:59:17","28/11/2013 17:47:59","TrackSet72"
"724","1573907964","tb_track_set72","13/8/2012 16:59:17","28/11/2013 17:47:59","TrackSet72"
"725","1963480366","tb_track_set72","13/8/2012 16:59:17","28/11/2013 17:47:59","TrackSet72"
"726","3841426844","tb_track_set72","13/8/2012 16:59:17","28/11/2013 17:47:59","TrackSet72"
"727","3885088485","tb_track_set72","13/8/2012 16:59:17","28/11/2013 17:47:59","TrackSet72"
"728","1730506368","tb_track_set72","13/8/2012 16:59:17","28/11/2013 17:47:59","TrackSet72"
"729","2724802783","tb_track_set72","13/8/2012 16:59:17","28/11/2013 17:47:59","TrackSet72"
"730","1967764647","tb_track_set72","13/8/2012 16:59:17","28/11/2013 17:47:59","TrackSet72"
"731","1263844620","tb_track_set73","13/8/2012 16:59:17","28/11/2013 17:47:59","TrackSet73"
"732","810886110","tb_track_set73","13/8/2012 16:59:17","28/11/2013 17:47:59","TrackSet73"
"733","484942176","tb_track_set73","13/8/2012 16:59:17","28/11/2013 17:47:59","TrackSet73"
"734","1803380253","tb_track_set73","13/8/2012 16:59:17","28/11/2013 17:47:59","TrackSet73"
"735","800488518","tb_track_set73","13/8/2012 16:59:17","28/11/2013 17:47:59","TrackSet73"
"736","3786874852","tb_track_set73","13/8/2012 16:59:17","28/11/2013 17:47:59","TrackSet73"
"737","3305940566","tb_track_set73","13/8/2012 16:59:17","28/11/2013 17:47:59","TrackSet73"
"738","3958821580","tb_track_set73","13/8/2012 16:59:17","28/11/2013 17:47:59","TrackSet73"
"739","3267068043","tb_track_set73","13/8/2012 16:59:17","28/11/2013 17:47:59","TrackSet73"
"740","1668175998","tb_track_set73","13/8/2012 16:59:17","28/11/2013 17:47:59","TrackSet73"
"741","3736932497","tb_track_set74","13/8/2012 16:59:17","28/11/2013 17:47:59","TrackSet74"
"742","2822670863","tb_track_set74","13/8/2012 16:59:17","28/11/2013 17:47:59","TrackSet74"
"743","638672663","tb_track_set74","13/8/2012 16:59:17","28/11/2013 17:47:59","TrackSet74"
"744","2123167967","tb_track_set74","13/8/2012 16:59:17","28/11/2013 17:47:59","TrackSet74"
"745","1334716630","tb_track_set74","13/8/2012 16:59:17","28/11/2013 17:47:59","TrackSet74"
"746","2847615","tb_track_set74","13/8/2012 16:59:17","28/11/2013 17:47:59","TrackSet74"
"747","3143614635","tb_track_set74","13/8/2012 16:59:17","28/11/2013 17:47:59","TrackSet74"
"748","2054563220","tb_track_set74","13/8/2012 16:59:17","28/11/2013 17:47:59","TrackSet74"
"749","387449777","tb_track_set74","13/8/2012 16:59:17","28/11/2013 17:47:59","TrackSet74"
"750","2892787383","tb_track_set74","13/8/2012 16:59:17","28/11/2013 17:47:59","TrackSet74"
"751","2018233220","tb_track_set75","13/8/2012 16:59:17","28/11/2013 17:47:59","TrackSet75"
"752","942210353","tb_track_set75","13/8/2012 16:59:17","28/11/2013 17:47:59","TrackSet75"
"753","3622285851","tb_track_set75","13/8/2012 16:59:17","28/11/2013 17:47:59","TrackSet75"
"754","1995879491","tb_track_set75","13/8/2012 16:59:17","28/11/2013 17:47:59","TrackSet75"
"755","4261633615","tb_track_set75","13/8/2012 16:59:17","28/11/2013 17:47:59","TrackSet75"
"756","3397538474","tb_track_set75","13/8/2012 16:59:17","28/11/2013 17:47:59","TrackSet75"
"757","415381798","tb_track_set75","13/8/2012 16:59:17","28/11/2013 17:47:59","TrackSet75"
"758","1875767340","tb_track_set75","13/8/2012 16:59:17","28/11/2013 17:47:59","TrackSet75"
"759","3393283423","tb_track_set75","13/8/2012 16:59:17","28/11/2013 17:47:59","TrackSet75"
"760","2134765166","tb_track_set75","13/8/2012 16:59:17","28/11/2013 17:47:59","TrackSet75"
"761","1520500615","tb_track_set76","13/8/2012 16:59:17","28/11/2013 17:47:59","TrackSet76"
"762","3662927700","tb_track_set76","13/8/2012 16:59:17","28/11/2013 17:47:59","TrackSet76"
"763","117138220","tb_track_set76","13/8/2012 16:59:17","28/11/2013 17:47:59","TrackSet76"
"764","3769139753","tb_track_set76","13/8/2012 16:59:17","28/11/2013 17:47:59","TrackSet76"
"765","2866904601","tb_track_set76","13/8/2012 16:59:17","28/11/2013 17:47:59","TrackSet76"
"766","3971606848","tb_track_set76","13/8/2012 16:59:17","28/11/2013 17:47:59","TrackSet76"
"767","1264761036","tb_track_set76","13/8/2012 16:59:17","28/11/2013 17:47:59","TrackSet76"
"768","1630470124","tb_track_set76","13/8/2012 16:59:17","28/11/2013 17:47:59","TrackSet76"
"769","3077640706","tb_track_set76","13/8/2012 16:59:17","28/11/2013 17:47:59","TrackSet76"
"770","2890585463","tb_track_set76","13/8/2012 16:59:17","28/11/2013 17:47:59","TrackSet76"
"771","3493106517","tb_track_set77","13/8/2012 16:59:17","28/11/2013 17:47:59","TrackSet77"
"772","1532767912","tb_track_set77","13/8/2012 16:59:17","28/11/2013 17:47:59","TrackSet77"
"773","3563375683","tb_track_set77","13/8/2012 16:59:17","28/11/2013 17:47:59","TrackSet77"
"774","3134256670","tb_track_set77","13/8/2012 16:59:17","28/11/2013 17:47:59","TrackSet77"
"775","4216362815","tb_track_set77","13/8/2012 16:59:17","28/11/2013 17:47:59","TrackSet77"
"776","3034297320","tb_track_set77","13/8/2012 16:59:17","28/11/2013 17:47:59","TrackSet77"
"777","1709306929","tb_track_set77","13/8/2012 16:59:17","28/11/2013 17:47:59","TrackSet77"
"778","3113128487","tb_track_set77","13/8/2012 16:59:17","28/11/2013 17:47:59","TrackSet77"
"779","64762767","tb_track_set77","13/8/2012 16:59:17","28/11/2013 17:47:59","TrackSet77"
"780","3478770950","tb_track_set77","13/8/2012 16:59:17","28/11/2013 17:47:59","TrackSet77"
"781","983949458","tb_track_set78","13/8/2012 16:59:17","28/11/2013 17:47:59","TrackSet78"
"782","2537374107","tb_track_set78","13/8/2012 16:59:17","28/11/2013 17:47:59","TrackSet78"
"783","2010512095","tb_track_set78","13/8/2012 16:59:17","28/11/2013 17:47:59","TrackSet78"
"784","476913220","tb_track_set78","13/8/2012 16:59:17","28/11/2013 17:47:59","TrackSet78"
"785","4121431350","tb_track_set78","13/8/2012 16:59:17","28/11/2013 17:47:59","TrackSet78"
"786","2572058405","tb_track_set78","13/8/2012 16:59:17","28/11/2013 17:47:59","TrackSet78"
"787","646880627","tb_track_set78","13/8/2012 16:59:17","28/11/2013 17:47:59","TrackSet78"
"788","1465162158","tb_track_set78","13/8/2012 16:59:17","28/11/2013 17:47:59","TrackSet78"
"789","2118228143","tb_track_set78","13/8/2012 16:59:17","28/11/2013 17:47:59","TrackSet78"
"790","3436838774","tb_track_set78","13/8/2012 16:59:17","28/11/2013 17:47:59","TrackSet78"
"791","2839942404","tb_track_set79","13/8/2012 16:59:17","28/11/2013 17:47:59","TrackSet79"
"792","1111179072","tb_track_set79","13/8/2012 16:59:17","28/11/2013 17:47:59","TrackSet79"
"793","1820436030","tb_track_set79","13/8/2012 16:59:17","28/11/2013 17:47:59","TrackSet79"
"794","2708086335","tb_track_set79","13/8/2012 16:59:17","28/11/2013 17:47:59","TrackSet79"
"795","888916626","tb_track_set79","13/8/2012 16:59:17","28/11/2013 17:47:59","TrackSet79"
"796","173742461","tb_track_set79","13/8/2012 16:59:17","28/11/2013 17:47:59","TrackSet79"
"797","1703260352","tb_track_set79","13/8/2012 16:59:17","28/11/2013 17:47:59","TrackSet79"
"798","3926814838","tb_track_set79","13/8/2012 16:59:17","28/11/2013 17:47:59","TrackSet79"
"799","1266597552","tb_track_set79","13/8/2012 16:59:17","28/11/2013 17:47:59","TrackSet79"
"800","1337748313","tb_track_set79","13/8/2012 16:59:17","28/11/2013 17:47:59","TrackSet79"
"801","1574750538","tb_track_set80","13/8/2012 16:59:17","28/11/2013 17:47:59","TrackSet80"
"802","383033241","tb_track_set80","13/8/2012 16:59:17","28/11/2013 17:47:59","TrackSet80"
"803","2650508421","tb_track_set80","13/8/2012 16:59:17","28/11/2013 17:47:59","TrackSet80"
"804","2834394758","tb_track_set80","13/8/2012 16:59:17","28/11/2013 17:47:59","TrackSet80"
"805","1420766472","tb_track_set80","13/8/2012 16:59:17","28/11/2013 17:47:59","TrackSet80"
"806","407384030","tb_track_set80","13/8/2012 16:59:17","28/11/2013 17:47:59","TrackSet80"
"807","4016768325","tb_track_set80","13/8/2012 16:59:17","28/11/2013 17:47:59","TrackSet80"
"808","546517999","tb_track_set80","13/8/2012 16:59:17","28/11/2013 17:47:59","TrackSet80"
"809","3341309922","tb_track_set80","13/8/2012 16:59:17","28/11/2013 17:47:59","TrackSet80"
"810","4164848882","tb_track_set80","13/8/2012 16:59:17","28/11/2013 17:47:59","TrackSet80"
"811","1208581366","tb_track_set81","13/8/2012 16:59:17","28/11/2013 17:47:59","TrackSet81"
"812","1186066867","tb_track_set81","13/8/2012 16:59:17","28/11/2013 17:47:59","TrackSet81"
"813","2324051108","tb_track_set81","13/8/2012 16:59:17","28/11/2013 17:47:59","TrackSet81"
"814","3999681970","tb_track_set81","13/8/2012 16:59:17","28/11/2013 17:47:59","TrackSet81"
"815","4075578991","tb_track_set81","13/8/2012 16:59:17","28/11/2013 17:47:59","TrackSet81"
"816","3537160885","tb_track_set81","13/8/2012 16:59:17","28/11/2013 17:47:59","TrackSet81"
"817","1813954028","tb_track_set81","13/8/2012 16:59:17","28/11/2013 17:47:59","TrackSet81"
"818","102967578","tb_track_set81","13/8/2012 16:59:17","28/11/2013 17:47:59","TrackSet81"
"819","3370704197","tb_track_set81","13/8/2012 16:59:17","28/11/2013 17:47:59","TrackSet81"
"820","1203472236","tb_track_set81","13/8/2012 16:59:17","28/11/2013 17:47:59","TrackSet81"
"821","3764551981","tb_track_set82","13/8/2012 16:59:17","28/11/2013 17:47:59","TrackSet82"
"822","4159163676","tb_track_set82","13/8/2012 16:59:17","28/11/2013 17:47:59","TrackSet82"
"823","424107699","tb_track_set82","13/8/2012 16:59:17","28/11/2013 17:47:59","TrackSet82"
"824","1709273709","tb_track_set82","13/8/2012 16:59:17","28/11/2013 17:47:59","TrackSet82"
"825","3675164721","tb_track_set82","13/8/2012 16:59:17","28/11/2013 17:47:59","TrackSet82"
"826","578164059","tb_track_set82","13/8/2012 16:59:17","28/11/2013 17:47:59","TrackSet82"
"827","1011820034","tb_track_set82","13/8/2012 16:59:17","28/11/2013 17:47:59","TrackSet82"
"828","2773698824","tb_track_set82","13/8/2012 16:59:17","28/11/2013 17:47:59","TrackSet82"
"829","3033741400","tb_track_set82","13/8/2012 16:59:17","28/11/2013 17:47:59","TrackSet82"
"830","2939614967","tb_track_set82","13/8/2012 16:59:17","28/11/2013 17:47:59","TrackSet82"
"831","2391848509","tb_track_set83","13/8/2012 16:59:17","28/11/2013 17:47:59","TrackSet83"
"832","1320165100","tb_track_set83","13/8/2012 16:59:17","28/11/2013 17:47:59","TrackSet83"
"833","1354015027","tb_track_set83","13/8/2012 16:59:17","28/11/2013 17:47:59","TrackSet83"
"834","4137859868","tb_track_set83","13/8/2012 16:59:17","28/11/2013 17:47:59","TrackSet83"
"835","792262675","tb_track_set83","13/8/2012 16:59:17","28/11/2013 17:47:59","TrackSet83"
"836","4099951460","tb_track_set83","13/8/2012 16:59:17","28/11/2013 17:47:59","TrackSet83"
"837","4120747665","tb_track_set83","13/8/2012 16:59:17","28/11/2013 17:47:59","TrackSet83"
"838","2489733986","tb_track_set83","13/8/2012 16:59:17","28/11/2013 17:47:59","TrackSet83"
"839","3796790092","tb_track_set83","13/8/2012 16:59:17","28/11/2013 17:47:59","TrackSet83"
"840","969327128","tb_track_set83","13/8/2012 16:59:17","28/11/2013 17:47:59","TrackSet83"
"841","3896584739","tb_track_set84","13/8/2012 16:59:17","28/11/2013 17:47:59","TrackSet84"
"842","46309984","tb_track_set84","13/8/2012 16:59:17","28/11/2013 17:47:59","TrackSet84"
"843","3888999570","tb_track_set84","13/8/2012 16:59:17","28/11/2013 17:47:59","TrackSet84"
"844","1779397792","tb_track_set84","13/8/2012 16:59:17","28/11/2013 17:47:59","TrackSet84"
"845","454901092","tb_track_set84","13/8/2012 16:59:17","28/11/2013 17:47:59","TrackSet84"
"846","3402951343","tb_track_set84","13/8/2012 16:59:17","28/11/2013 17:47:59","TrackSet84"
"847","2112922773","tb_track_set84","13/8/2012 16:59:17","28/11/2013 17:47:59","TrackSet84"
"848","3579084971","tb_track_set84","13/8/2012 16:59:17","28/11/2013 17:47:59","TrackSet84"
"849","1463996927","tb_track_set84","13/8/2012 16:59:17","28/11/2013 17:47:59","TrackSet84"
"850","501203401","tb_track_set84","13/8/2012 16:59:17","28/11/2013 17:47:59","TrackSet84"
"851","1912784014","tb_track_set85","13/8/2012 16:59:17","28/11/2013 17:47:59","TrackSet85"
"852","4226063832","tb_track_set85","13/8/2012 16:59:17","28/11/2013 17:47:59","TrackSet85"
"853","2519900571","tb_track_set85","13/8/2012 16:59:17","28/11/2013 17:47:59","TrackSet85"
"854","836231659","tb_track_set85","13/8/2012 16:59:17","28/11/2013 17:47:59","TrackSet85"
"855","4267154601","tb_track_set85","13/8/2012 16:59:17","28/11/2013 17:47:59","TrackSet85"
"856","17657233","tb_track_set85","13/8/2012 16:59:17","28/11/2013 17:47:59","TrackSet85"
"857","4060639088","tb_track_set85","13/8/2012 16:59:17","28/11/2013 17:47:59","TrackSet85"
"858","2595787","tb_track_set85","13/8/2012 16:59:17","28/11/2013 17:47:59","TrackSet85"
"859","1903753460","tb_track_set85","13/8/2012 16:59:17","28/11/2013 17:47:59","TrackSet85"
"860","2723572786","tb_track_set85","13/8/2012 16:59:17","28/11/2013 17:47:59","TrackSet85"
"861","3861488685","tb_track_set86","13/8/2012 16:59:17","28/11/2013 17:47:59","TrackSet86"
"862","4166938279","tb_track_set86","13/8/2012 16:59:17","28/11/2013 17:47:59","TrackSet86"
"863","2618731908","tb_track_set86","13/8/2012 16:59:17","28/11/2013 17:47:59","TrackSet86"
"864","1695340371","tb_track_set86","13/8/2012 16:59:17","28/11/2013 17:47:59","TrackSet86"
"865","3950896778","tb_track_set86","13/8/2012 16:59:17","28/11/2013 17:47:59","TrackSet86"
"866","2169614688","tb_track_set86","13/8/2012 16:59:17","28/11/2013 17:47:59","TrackSet86"
"867","3396241391","tb_track_set86","13/8/2012 16:59:17","28/11/2013 17:47:59","TrackSet86"
"868","2429371681","tb_track_set86","13/8/2012 16:59:17","28/11/2013 17:47:59","TrackSet86"
"869","3071186590","tb_track_set86","13/8/2012 16:59:17","28/11/2013 17:47:59","TrackSet86"
"870","3448757880","tb_track_set86","13/8/2012 16:59:17","28/11/2013 17:47:59","TrackSet86"
"871","989732653","tb_track_set87","13/8/2012 16:59:17","28/11/2013 17:47:59","TrackSet87"
"872","3240468580","tb_track_set87","13/8/2012 16:59:17","28/11/2013 17:47:59","TrackSet87"
"873","3524436003","tb_track_set87","13/8/2012 16:59:17","28/11/2013 17:47:59","TrackSet87"
"874","3526117500","tb_track_set87","13/8/2012 16:59:17","28/11/2013 17:47:59","TrackSet87"
"875","508906684","tb_track_set87","13/8/2012 16:59:17","28/11/2013 17:47:59","TrackSet87"
"876","2245375193","tb_track_set87","13/8/2012 16:59:17","28/11/2013 17:47:59","TrackSet87"
"877","1386617121","tb_track_set87","13/8/2012 16:59:17","28/11/2013 17:47:59","TrackSet87"
"878","540097297","tb_track_set87","13/8/2012 16:59:17","28/11/2013 17:47:59","TrackSet87"
"879","3276877597","tb_track_set87","13/8/2012 16:59:17","28/11/2013 17:47:59","TrackSet87"
"880","2543813775","tb_track_set87","13/8/2012 16:59:17","28/11/2013 17:47:59","TrackSet87"
"881","2147382951","tb_track_set88","13/8/2012 16:59:17","28/11/2013 17:47:59","TrackSet88"
"882","848581896","tb_track_set88","13/8/2012 16:59:17","28/11/2013 17:47:59","TrackSet88"
"883","127694868","tb_track_set88","13/8/2012 16:59:17","28/11/2013 17:47:59","TrackSet88"
"884","2627270375","tb_track_set88","13/8/2012 16:59:17","28/11/2013 17:47:59","TrackSet88"
"885","3397511690","tb_track_set88","13/8/2012 16:59:17","28/11/2013 17:47:59","TrackSet88"
"886","2407964403","tb_track_set88","13/8/2012 16:59:17","28/11/2013 17:47:59","TrackSet88"
"887","1861011637","tb_track_set88","13/8/2012 16:59:17","28/11/2013 17:47:59","TrackSet88"
"888","2631680063","tb_track_set88","13/8/2012 16:59:17","28/11/2013 17:47:59","TrackSet88"
"889","1122902994","tb_track_set88","13/8/2012 16:59:17","28/11/2013 17:47:59","TrackSet88"
"890","195811643","tb_track_set88","13/8/2012 16:59:17","28/11/2013 17:47:59","TrackSet88"
"891","724201591","tb_track_set89","13/8/2012 16:59:17","28/11/2013 17:47:59","TrackSet89"
"892","3511088866","tb_track_set89","13/8/2012 16:59:17","28/11/2013 17:47:59","TrackSet89"
"893","1538709670","tb_track_set89","13/8/2012 16:59:17","28/11/2013 17:47:59","TrackSet89"
"894","4061951285","tb_track_set89","13/8/2012 16:59:17","28/11/2013 17:47:59","TrackSet89"
"895","4248614333","tb_track_set89","13/8/2012 16:59:17","28/11/2013 17:47:59","TrackSet89"
"896","515078201","tb_track_set89","13/8/2012 16:59:17","28/11/2013 17:47:59","TrackSet89"
"897","3628201273","tb_track_set89","13/8/2012 16:59:17","28/11/2013 17:47:59","TrackSet89"
"898","3299465708","tb_track_set89","13/8/2012 16:59:17","28/11/2013 17:47:59","TrackSet89"
"899","2569201935","tb_track_set89","13/8/2012 16:59:17","28/11/2013 17:47:59","TrackSet89"
"900","219062835","tb_track_set89","13/8/2012 16:59:17","28/11/2013 17:47:59","TrackSet89"
"901","1819853701","tb_track_set90","13/8/2012 16:59:17","28/11/2013 17:47:59","TrackSet90"
"902","627812826","tb_track_set90","13/8/2012 16:59:17","28/11/2013 17:47:59","TrackSet90"
"903","2641251424","tb_track_set90","13/8/2012 16:59:17","28/11/2013 17:47:59","TrackSet90"
"904","3346777709","tb_track_set90","13/8/2012 16:59:17","28/11/2013 17:47:59","TrackSet90"
"905","1087375751","tb_track_set90","13/8/2012 16:59:17","28/11/2013 17:47:59","TrackSet90"
"906","3744888787","tb_track_set90","13/8/2012 16:59:17","28/11/2013 17:47:59","TrackSet90"
"907","4057624981","tb_track_set90","13/8/2012 16:59:17","28/11/2013 17:47:59","TrackSet90"
"908","4248220544","tb_track_set90","13/8/2012 16:59:17","28/11/2013 17:47:59","TrackSet90"
"909","128425535","tb_track_set90","13/8/2012 16:59:17","28/11/2013 17:47:59","TrackSet90"
"910","2375972706","tb_track_set90","13/8/2012 16:59:17","28/11/2013 17:47:59","TrackSet90"
"911","2595168538","tb_track_set91","13/8/2012 16:59:17","28/11/2013 17:47:59","TrackSet91"
"912","483341172","tb_track_set91","13/8/2012 16:59:17","28/11/2013 17:47:59","TrackSet91"
"913","231756398","tb_track_set91","13/8/2012 16:59:17","28/11/2013 17:47:59","TrackSet91"
"914","2774870884","tb_track_set91","13/8/2012 16:59:17","28/11/2013 17:47:59","TrackSet91"
"915","3944858457","tb_track_set91","13/8/2012 16:59:17","28/11/2013 17:47:59","TrackSet91"
"916","2292350530","tb_track_set91","13/8/2012 16:59:17","28/11/2013 17:47:59","TrackSet91"
"917","830111869","tb_track_set91","13/8/2012 16:59:17","28/11/2013 17:47:59","TrackSet91"
"918","2865992517","tb_track_set91","13/8/2012 16:59:17","28/11/2013 17:47:59","TrackSet91"
"919","2368519499","tb_track_set91","13/8/2012 16:59:17","28/11/2013 17:47:59","TrackSet91"
"920","1375910226","tb_track_set91","13/8/2012 16:59:17","28/11/2013 17:47:59","TrackSet91"
"921","1374997595","tb_track_set92","13/8/2012 16:59:17","28/11/2013 17:47:59","TrackSet92"
"922","4026570043","tb_track_set92","13/8/2012 16:59:17","28/11/2013 17:47:59","TrackSet92"
"923","2164134111","tb_track_set92","13/8/2012 16:59:17","28/11/2013 17:47:59","TrackSet92"
"924","2323959305","tb_track_set92","13/8/2012 16:59:17","28/11/2013 17:47:59","TrackSet92"
"925","123685853","tb_track_set92","13/8/2012 16:59:17","28/11/2013 17:47:59","TrackSet92"
"926","1971923485","tb_track_set92","13/8/2012 16:59:17","28/11/2013 17:47:59","TrackSet92"
"927","1223662770","tb_track_set92","13/8/2012 16:59:17","28/11/2013 17:47:59","TrackSet92"
"928","3356185272","tb_track_set92","13/8/2012 16:59:17","28/11/2013 17:47:59","TrackSet92"
"929","2839070806","tb_track_set92","13/8/2012 16:59:17","28/11/2013 17:47:59","TrackSet92"
"930","4038853142","tb_track_set92","13/8/2012 16:59:17","28/11/2013 17:47:59","TrackSet92"
"931","1226998595","tb_track_set93","13/8/2012 16:59:17","28/11/2013 17:47:59","TrackSet93"
"932","750352979","tb_track_set93","13/8/2012 16:59:17","28/11/2013 17:47:59","TrackSet93"
"933","3694076288","tb_track_set93","13/8/2012 16:59:17","28/11/2013 17:47:59","TrackSet93"
"934","1565995322","tb_track_set93","13/8/2012 16:59:17","28/11/2013 17:47:59","TrackSet93"
"935","3561393832","tb_track_set93","13/8/2012 16:59:17","28/11/2013 17:47:59","TrackSet93"
"936","852169923","tb_track_set93","13/8/2012 16:59:17","28/11/2013 17:47:59","TrackSet93"
"937","3737389625","tb_track_set93","13/8/2012 16:59:17","28/11/2013 17:47:59","TrackSet93"
"938","1302266980","tb_track_set93","13/8/2012 16:59:17","28/11/2013 17:47:59","TrackSet93"
"939","4181806652","tb_track_set93","13/8/2012 16:59:17","28/11/2013 17:47:59","TrackSet93"
"940","2455764930","tb_track_set93","13/8/2012 16:59:17","28/11/2013 17:47:59","TrackSet93"
"941","3499283540","tb_track_set94","13/8/2012 16:59:17","28/11/2013 17:47:59","TrackSet94"
"942","954637576","tb_track_set94","13/8/2012 16:59:17","28/11/2013 17:47:59","TrackSet94"
"943","1401950813","tb_track_set94","13/8/2012 16:59:17","28/11/2013 17:47:59","TrackSet94"
"944","428373482","tb_track_set94","13/8/2012 16:59:17","28/11/2013 17:48:00","TrackSet94"
"945","2135254310","tb_track_set94","13/8/2012 16:59:17","28/11/2013 17:48:00","TrackSet94"
"946","4188411689","tb_track_set94","13/8/2012 16:59:17","28/11/2013 17:48:00","TrackSet94"
"947","900802642","tb_track_set94","13/8/2012 16:59:17","28/11/2013 17:48:00","TrackSet94"
"948","240099247","tb_track_set94","13/8/2012 16:59:17","28/11/2013 17:48:00","TrackSet94"
"949","416478370","tb_track_set94","13/8/2012 16:59:17","28/11/2013 17:48:00","TrackSet94"
"950","1747006815","tb_track_set94","13/8/2012 16:59:17","28/11/2013 17:48:00","TrackSet94"
"951","1583538220","tb_track_set95","13/8/2012 16:59:17","28/11/2013 17:48:00","TrackSet95"
"952","687573175","tb_track_set95","13/8/2012 16:59:17","28/11/2013 17:48:00","TrackSet95"
"953","2862504148","tb_track_set95","13/8/2012 16:59:17","28/11/2013 17:48:00","TrackSet95"
"954","2046783641","tb_track_set95","13/8/2012 16:59:17","28/11/2013 17:48:00","TrackSet95"
"955","3697015306","tb_track_set95","13/8/2012 16:59:17","28/11/2013 17:48:00","TrackSet95"
"956","1658122422","tb_track_set95","13/8/2012 16:59:17","28/11/2013 17:48:00","TrackSet95"
"957","3057539677","tb_track_set95","13/8/2012 16:59:17","28/11/2013 17:48:00","TrackSet95"
"958","1548083650","tb_track_set95","13/8/2012 16:59:17","28/11/2013 17:48:00","TrackSet95"
"959","709667069","tb_track_set95","13/8/2012 16:59:17","28/11/2013 17:48:00","TrackSet95"
"960","3198072725","tb_track_set95","13/8/2012 16:59:17","28/11/2013 17:48:00","TrackSet95"
"961","101428239","tb_track_set96","13/8/2012 16:59:17","28/11/2013 17:48:00","TrackSet96"
"962","1609957121","tb_track_set96","13/8/2012 16:59:17","28/11/2013 17:48:00","TrackSet96"
"963","1482674819","tb_track_set96","13/8/2012 16:59:17","28/11/2013 17:48:00","TrackSet96"
"964","3830289002","tb_track_set96","13/8/2012 16:59:17","28/11/2013 17:48:00","TrackSet96"
"965","2791457964","tb_track_set96","13/8/2012 16:59:17","28/11/2013 17:48:00","TrackSet96"
"966","2052974582","tb_track_set96","13/8/2012 16:59:17","28/11/2013 17:48:00","TrackSet96"
"967","620063979","tb_track_set96","13/8/2012 16:59:17","28/11/2013 17:48:00","TrackSet96"
"968","886978420","tb_track_set96","13/8/2012 16:59:17","28/11/2013 17:48:00","TrackSet96"
"969","281325271","tb_track_set96","13/8/2012 16:59:17","28/11/2013 17:48:00","TrackSet96"
"970","2506069736","tb_track_set96","13/8/2012 16:59:17","28/11/2013 17:48:00","TrackSet96"
"971","2052087853","tb_track_set97","13/8/2012 16:59:17","28/11/2013 17:48:00","TrackSet97"
"972","1763920421","tb_track_set97","13/8/2012 16:59:17","28/11/2013 17:48:00","TrackSet97"
"973","2383448037","tb_track_set97","13/8/2012 16:59:17","28/11/2013 17:48:00","TrackSet97"
"974","32957204","tb_track_set97","13/8/2012 16:59:17","28/11/2013 17:48:00","TrackSet97"
"975","1174097611","tb_track_set97","13/8/2012 16:59:17","28/11/2013 17:48:00","TrackSet97"
"976","2800625416","tb_track_set97","13/8/2012 16:59:17","28/11/2013 17:48:00","TrackSet97"
"977","4237300066","tb_track_set97","13/8/2012 16:59:17","28/11/2013 17:48:00","TrackSet97"
"978","1942490489","tb_track_set97","13/8/2012 16:59:17","28/11/2013 17:48:00","TrackSet97"
"979","3633283242","tb_track_set97","13/8/2012 16:59:17","28/11/2013 17:48:00","TrackSet97"
"980","255417272","tb_track_set97","13/8/2012 16:59:17","28/11/2013 17:48:00","TrackSet97"
"981","788747491","tb_track_set98","13/8/2012 16:59:17","28/11/2013 17:48:00","TrackSet98"
"982","2651847385","tb_track_set98","13/8/2012 16:59:17","28/11/2013 17:48:00","TrackSet98"
"983","1787921768","tb_track_set98","13/8/2012 16:59:17","28/11/2013 17:48:00","TrackSet98"
"984","4106980066","tb_track_set98","13/8/2012 16:59:17","28/11/2013 17:48:00","TrackSet98"
"985","2955212411","tb_track_set98","13/8/2012 16:59:17","28/11/2013 17:48:00","TrackSet98"
"986","3275228810","tb_track_set98","13/8/2012 16:59:17","28/11/2013 17:48:00","TrackSet98"
"987","817881457","tb_track_set98","13/8/2012 16:59:17","28/11/2013 17:48:00","TrackSet98"
"988","3502983137","tb_track_set98","13/8/2012 16:59:17","28/11/2013 17:48:00","TrackSet98"
"989","724566013","tb_track_set98","13/8/2012 16:59:17","28/11/2013 17:48:00","TrackSet98"
"990","1078175573","tb_track_set98","13/8/2012 16:59:17","28/11/2013 17:48:00","TrackSet98"
"991","3932890224","tb_track_set99","13/8/2012 16:59:17","28/11/2013 17:48:00","TrackSet99"
"992","2430507488","tb_track_set99","13/8/2012 16:59:17","28/11/2013 17:48:00","TrackSet99"
"993","661329537","tb_track_set99","13/8/2012 16:59:17","28/11/2013 17:48:00","TrackSet99"
"994","3080753442","tb_track_set99","13/8/2012 16:59:17","28/11/2013 17:48:00","TrackSet99"
"995","4217755294","tb_track_set99","13/8/2012 16:59:17","28/11/2013 17:48:00","TrackSet99"
"996","1504863092","tb_track_set99","13/8/2012 16:59:17","28/11/2013 17:48:00","TrackSet99"
"997","1791840013","tb_track_set99","13/8/2012 16:59:17","28/11/2013 17:48:00","TrackSet99"
"998","141924033","tb_track_set99","13/8/2012 16:59:17","28/11/2013 17:48:00","TrackSet99"
"999","1287623584","tb_track_set99","13/8/2012 16:59:17","28/11/2013 17:48:00","TrackSet99"
"1000","616339761","tb_track_set99","13/8/2012 16:59:17","28/11/2013 17:48:00","TrackSet99"
