"1","3987738273","tb_track_set_trace0","13/3/2015 10:08:10","13/3/2015 10:08:10"
"2","3292685649","tb_track_set_trace0","13/3/2015 10:08:10","13/3/2015 10:08:10"
"3","4197236904","tb_track_set_trace0","13/3/2015 10:08:10","13/3/2015 10:08:10"
"4","3914086693","tb_track_set_trace0","13/3/2015 10:08:10","13/3/2015 10:08:10"
"5","4068265789","tb_track_set_trace0","13/3/2015 10:08:10","13/3/2015 10:08:10"
"6","473344482","tb_track_set_trace0","13/3/2015 10:08:10","13/3/2015 10:08:10"
"7","3135288388","tb_track_set_trace0","13/3/2015 10:08:10","13/3/2015 10:08:10"
"8","2528585941","tb_track_set_trace0","13/3/2015 10:08:10","13/3/2015 10:08:10"
"9","260865884","tb_track_set_trace0","13/3/2015 10:08:10","13/3/2015 10:08:10"
"10","1981811436","tb_track_set_trace0","13/3/2015 10:08:10","13/3/2015 10:08:10"
"11","1104036895","tb_track_set_trace1","13/3/2015 10:08:10","13/3/2015 10:08:10"
"12","3556425104","tb_track_set_trace1","13/3/2015 10:08:10","13/3/2015 10:08:10"
"13","3989691799","tb_track_set_trace1","13/3/2015 10:08:10","13/3/2015 10:08:10"
"14","3808742449","tb_track_set_trace1","13/3/2015 10:08:10","13/3/2015 10:08:10"
"15","2930133654","tb_track_set_trace1","13/3/2015 10:08:10","13/3/2015 10:08:10"
"16","3927023377","tb_track_set_trace1","13/3/2015 10:08:10","13/3/2015 10:08:10"
"17","20201454","tb_track_set_trace1","13/3/2015 10:08:10","13/3/2015 10:08:10"
"18","3122695501","tb_track_set_trace1","13/3/2015 10:08:10","13/3/2015 10:08:10"
"19","3897823878","tb_track_set_trace1","13/3/2015 10:08:10","13/3/2015 10:08:10"
"20","539173014","tb_track_set_trace1","13/3/2015 10:08:10","13/3/2015 10:08:10"
"21","2934363308","tb_track_set_trace2","13/3/2015 10:08:10","13/3/2015 10:08:10"
"22","540771603","tb_track_set_trace2","13/3/2015 10:08:10","13/3/2015 10:08:10"
"23","91289692","tb_track_set_trace2","13/3/2015 10:08:10","13/3/2015 10:08:10"
"24","440245134","tb_track_set_trace2","13/3/2015 10:08:10","13/3/2015 10:08:10"
"25","3372847568","tb_track_set_trace2","13/3/2015 10:08:10","13/3/2015 10:08:10"
"26","3078976011","tb_track_set_trace2","13/3/2015 10:08:10","13/3/2015 10:08:10"
"27","2908320974","tb_track_set_trace2","13/3/2015 10:08:10","13/3/2015 10:08:10"
"28","4289839005","tb_track_set_trace2","13/3/2015 10:08:10","13/3/2015 10:08:10"
"29","74083892","tb_track_set_trace2","13/3/2015 10:08:10","13/3/2015 10:08:10"
"30","1791539205","tb_track_set_trace2","13/3/2015 10:08:10","13/3/2015 10:08:10"
"31","2231009403","tb_track_set_trace3","13/3/2015 10:08:10","13/3/2015 10:08:10"
"32","3589906986","tb_track_set_trace3","13/3/2015 10:08:10","13/3/2015 10:08:10"
"33","3533964160","tb_track_set_trace3","13/3/2015 10:08:10","13/3/2015 10:08:10"
"34","3345644648","tb_track_set_trace3","13/3/2015 10:08:10","13/3/2015 10:08:10"
"35","3281146296","tb_track_set_trace3","13/3/2015 10:08:10","13/3/2015 10:08:10"
"36","2342791586","tb_track_set_trace3","13/3/2015 10:08:10","13/3/2015 10:08:10"
"37","138965158","tb_track_set_trace3","13/3/2015 10:08:10","13/3/2015 10:08:10"
"38","3496050954","tb_track_set_trace3","13/3/2015 10:08:10","13/3/2015 10:08:10"
"39","1158568215","tb_track_set_trace3","13/3/2015 10:08:10","13/3/2015 10:08:10"
"40","1608551210","tb_track_set_trace3","13/3/2015 10:08:10","13/3/2015 10:08:10"
"41","1397854925","tb_track_set_trace4","13/3/2015 10:08:10","13/3/2015 10:08:10"
"42","3753886984","tb_track_set_trace4","13/3/2015 10:08:10","13/3/2015 10:08:10"
"43","2733956823","tb_track_set_trace4","13/3/2015 10:08:10","13/3/2015 10:08:10"
"44","870255272","tb_track_set_trace4","13/3/2015 10:08:10","13/3/2015 10:08:10"
"45","3318686201","tb_track_set_trace4","13/3/2015 10:08:10","13/3/2015 10:08:10"
"46","743024801","tb_track_set_trace4","13/3/2015 10:08:10","13/3/2015 10:08:10"
"47","1834304054","tb_track_set_trace4","13/3/2015 10:08:10","13/3/2015 10:08:10"
"48","2177650325","tb_track_set_trace4","13/3/2015 10:08:10","13/3/2015 10:08:10"
"49","3515861457","tb_track_set_trace4","13/3/2015 10:08:10","13/3/2015 10:08:10"
"50","444745805","tb_track_set_trace4","13/3/2015 10:08:10","13/3/2015 10:08:10"
"51","1045491257","tb_track_set_trace5","13/3/2015 10:08:10","13/3/2015 10:08:10"
"52","463169474","tb_track_set_trace5","13/3/2015 10:08:10","13/3/2015 10:08:10"
"53","450936969","tb_track_set_trace5","13/3/2015 10:08:10","13/3/2015 10:08:10"
"54","858419029","tb_track_set_trace5","13/3/2015 10:08:10","13/3/2015 10:08:10"
"55","2212881619","tb_track_set_trace5","13/3/2015 10:08:10","13/3/2015 10:08:10"
"56","1046938079","tb_track_set_trace5","13/3/2015 10:08:10","13/3/2015 10:08:10"
"57","2177434256","tb_track_set_trace5","13/3/2015 10:08:10","13/3/2015 10:08:10"
"58","6619997","tb_track_set_trace5","13/3/2015 10:08:10","13/3/2015 10:08:10"
"59","127908794","tb_track_set_trace5","13/3/2015 10:08:10","13/3/2015 10:08:10"
"60","2940859815","tb_track_set_trace5","13/3/2015 10:08:10","13/3/2015 10:08:10"
"61","1659144691","tb_track_set_trace6","13/3/2015 10:08:10","13/3/2015 10:08:10"
"62","3894433965","tb_track_set_trace6","13/3/2015 10:08:10","13/3/2015 10:08:10"
"63","3419683246","tb_track_set_trace6","13/3/2015 10:08:10","13/3/2015 10:08:10"
"64","291211650","tb_track_set_trace6","13/3/2015 10:08:10","13/3/2015 10:08:10"
"65","2655943518","tb_track_set_trace6","13/3/2015 10:08:10","13/3/2015 10:08:10"
"66","885138774","tb_track_set_trace6","13/3/2015 10:08:10","13/3/2015 10:08:10"
"67","2533701636","tb_track_set_trace6","13/3/2015 10:08:10","13/3/2015 10:08:10"
"68","915276928","tb_track_set_trace6","13/3/2015 10:08:10","13/3/2015 10:08:10"
"69","2636012060","tb_track_set_trace6","13/3/2015 10:08:10","13/3/2015 10:08:10"
"70","1209961049","tb_track_set_trace6","13/3/2015 10:08:10","13/3/2015 10:08:10"
"71","3621900557","tb_track_set_trace7","13/3/2015 10:08:10","13/3/2015 10:08:10"
"72","3879230208","tb_track_set_trace7","13/3/2015 10:08:10","13/3/2015 10:08:10"
"73","484693287","tb_track_set_trace7","13/3/2015 10:08:10","13/3/2015 10:08:10"
"74","3662206377","tb_track_set_trace7","13/3/2015 10:08:10","13/3/2015 10:08:10"
"75","3467820260","tb_track_set_trace7","13/3/2015 10:08:10","13/3/2015 10:08:10"
"76","671390854","tb_track_set_trace7","13/3/2015 10:08:10","13/3/2015 10:08:10"
"77","4007744479","tb_track_set_trace7","13/3/2015 10:08:10","13/3/2015 10:08:10"
"78","92699890","tb_track_set_trace7","13/3/2015 10:08:10","13/3/2015 10:08:10"
"79","3461922824","tb_track_set_trace7","13/3/2015 10:08:10","13/3/2015 10:08:10"
"80","2224021267","tb_track_set_trace7","13/3/2015 10:08:10","13/3/2015 10:08:10"
"81","578359174","tb_track_set_trace8","13/3/2015 10:08:10","13/3/2015 10:08:10"
"82","3819950892","tb_track_set_trace8","13/3/2015 10:08:10","13/3/2015 10:08:10"
"83","3734065784","tb_track_set_trace8","13/3/2015 10:08:10","13/3/2015 10:08:10"
"84","2888185267","tb_track_set_trace8","13/3/2015 10:08:10","13/3/2015 10:08:10"
"85","2964847798","tb_track_set_trace8","13/3/2015 10:08:10","13/3/2015 10:08:10"
"86","4225816916","tb_track_set_trace8","13/3/2015 10:08:10","13/3/2015 10:08:10"
"87","3512436059","tb_track_set_trace8","13/3/2015 10:08:10","13/3/2015 10:08:10"
"88","94926775","tb_track_set_trace8","13/3/2015 10:08:10","13/3/2015 10:08:10"
"89","1226081918","tb_track_set_trace8","13/3/2015 10:08:10","13/3/2015 10:08:10"
"90","2753555463","tb_track_set_trace8","13/3/2015 10:08:10","13/3/2015 10:08:10"
"91","3877145791","tb_track_set_trace9","13/3/2015 10:08:10","13/3/2015 10:08:10"
"92","509077359","tb_track_set_trace9","13/3/2015 10:08:10","13/3/2015 10:08:10"
"93","3242228236","tb_track_set_trace9","13/3/2015 10:08:10","13/3/2015 10:08:10"
"94","4212042412","tb_track_set_trace9","13/3/2015 10:08:10","13/3/2015 10:08:10"
"95","2831673547","tb_track_set_trace9","13/3/2015 10:08:10","13/3/2015 10:08:10"
"96","1510706858","tb_track_set_trace9","13/3/2015 10:08:10","13/3/2015 10:08:10"
"97","2873862606","tb_track_set_trace9","13/3/2015 10:08:10","13/3/2015 10:08:10"
"98","2594467201","tb_track_set_trace9","13/3/2015 10:08:10","13/3/2015 10:08:10"
"99","1446620078","tb_track_set_trace9","13/3/2015 10:08:10","13/3/2015 10:08:10"
"100","2707253499","tb_track_set_trace9","13/3/2015 10:08:10","13/3/2015 10:08:10"
"101","3540911880","tb_track_set_trace10","13/3/2015 10:08:10","13/3/2015 10:08:10"
"102","3884676323","tb_track_set_trace10","13/3/2015 10:08:10","13/3/2015 10:08:10"
"103","849878067","tb_track_set_trace10","13/3/2015 10:08:10","13/3/2015 10:08:10"
"104","1807890858","tb_track_set_trace10","13/3/2015 10:08:10","13/3/2015 10:08:10"
"105","3539756733","tb_track_set_trace10","13/3/2015 10:08:10","13/3/2015 10:08:10"
"106","3244860482","tb_track_set_trace10","13/3/2015 10:08:10","13/3/2015 10:08:10"
"107","3932148749","tb_track_set_trace10","13/3/2015 10:08:10","13/3/2015 10:08:10"
"108","3849601607","tb_track_set_trace10","13/3/2015 10:08:10","13/3/2015 10:08:10"
"109","2778824813","tb_track_set_trace10","13/3/2015 10:08:10","13/3/2015 10:08:10"
"110","724237047","tb_track_set_trace10","13/3/2015 10:08:10","13/3/2015 10:08:10"
"111","3086924982","tb_track_set_trace11","13/3/2015 10:08:10","13/3/2015 10:08:10"
"112","2630025872","tb_track_set_trace11","13/3/2015 10:08:10","13/3/2015 10:08:10"
"113","2580436997","tb_track_set_trace11","13/3/2015 10:08:10","13/3/2015 10:08:10"
"114","3611276458","tb_track_set_trace11","13/3/2015 10:08:10","13/3/2015 10:08:10"
"115","1175655919","tb_track_set_trace11","13/3/2015 10:08:10","13/3/2015 10:08:10"
"116","305024680","tb_track_set_trace11","13/3/2015 10:08:10","13/3/2015 10:08:10"
"117","2824137491","tb_track_set_trace11","13/3/2015 10:08:10","13/3/2015 10:08:10"
"118","1584054083","tb_track_set_trace11","13/3/2015 10:08:10","13/3/2015 10:08:10"
"119","1804448579","tb_track_set_trace11","13/3/2015 10:08:10","13/3/2015 10:08:10"
"120","2412673962","tb_track_set_trace11","13/3/2015 10:08:10","13/3/2015 10:08:10"
"121","1326331358","tb_track_set_trace12","13/3/2015 10:08:10","13/3/2015 10:08:10"
"122","3265559244","tb_track_set_trace12","13/3/2015 10:08:10","13/3/2015 10:08:10"
"123","1617102444","tb_track_set_trace12","13/3/2015 10:08:10","13/3/2015 10:08:10"
"124","2634238737","tb_track_set_trace12","13/3/2015 10:08:10","13/3/2015 10:08:10"
"125","1836593316","tb_track_set_trace12","13/3/2015 10:08:10","13/3/2015 10:08:10"
"126","2201813255","tb_track_set_trace12","13/3/2015 10:08:10","13/3/2015 10:08:10"
"127","3710518643","tb_track_set_trace12","13/3/2015 10:08:10","13/3/2015 10:08:10"
"128","394151461","tb_track_set_trace12","13/3/2015 10:08:10","13/3/2015 10:08:10"
"129","3102629278","tb_track_set_trace12","13/3/2015 10:08:10","13/3/2015 10:08:10"
"130","1034065271","tb_track_set_trace12","13/3/2015 10:08:10","13/3/2015 10:08:10"
"131","2335194962","tb_track_set_trace13","13/3/2015 10:08:10","13/3/2015 10:08:10"
"132","1551100529","tb_track_set_trace13","13/3/2015 10:08:10","13/3/2015 10:08:10"
"133","1895101136","tb_track_set_trace13","13/3/2015 10:08:10","13/3/2015 10:08:10"
"134","168574525","tb_track_set_trace13","13/3/2015 10:08:10","13/3/2015 10:08:10"
"135","3007758030","tb_track_set_trace13","13/3/2015 10:08:10","13/3/2015 10:08:10"
"136","561020018","tb_track_set_trace13","13/3/2015 10:08:10","13/3/2015 10:08:10"
"137","1233964717","tb_track_set_trace13","13/3/2015 10:08:10","13/3/2015 10:08:10"
"138","536820209","tb_track_set_trace13","13/3/2015 10:08:10","13/3/2015 10:08:10"
"139","3240845616","tb_track_set_trace13","13/3/2015 10:08:10","13/3/2015 10:08:10"
"140","1009122818","tb_track_set_trace13","13/3/2015 10:08:10","13/3/2015 10:08:10"
"141","2329418967","tb_track_set_trace14","13/3/2015 10:08:10","13/3/2015 10:08:10"
"142","3792416540","tb_track_set_trace14","13/3/2015 10:08:10","13/3/2015 10:08:10"
"143","2492104435","tb_track_set_trace14","13/3/2015 10:08:10","13/3/2015 10:08:10"
"144","3395066468","tb_track_set_trace14","13/3/2015 10:08:10","13/3/2015 10:08:10"
"145","28251062","tb_track_set_trace14","13/3/2015 10:08:10","13/3/2015 10:08:10"
"146","1742003649","tb_track_set_trace14","13/3/2015 10:08:10","13/3/2015 10:08:10"
"147","610984307","tb_track_set_trace14","13/3/2015 10:08:10","13/3/2015 10:08:10"
"148","3557342325","tb_track_set_trace14","13/3/2015 10:08:10","13/3/2015 10:08:10"
"149","3194844239","tb_track_set_trace14","13/3/2015 10:08:10","13/3/2015 10:08:10"
"150","2358659659","tb_track_set_trace14","13/3/2015 10:08:10","13/3/2015 10:08:10"
"151","444827707","tb_track_set_trace15","13/3/2015 10:08:10","13/3/2015 10:08:10"
"152","4247178692","tb_track_set_trace15","13/3/2015 10:08:10","13/3/2015 10:08:10"
"153","2175106948","tb_track_set_trace15","13/3/2015 10:08:10","13/3/2015 10:08:10"
"154","1701574966","tb_track_set_trace15","13/3/2015 10:08:10","13/3/2015 10:08:10"
"155","2947831774","tb_track_set_trace15","13/3/2015 10:08:10","13/3/2015 10:08:10"
"156","2418118540","tb_track_set_trace15","13/3/2015 10:08:10","13/3/2015 10:08:10"
"157","2039344470","tb_track_set_trace15","13/3/2015 10:08:10","13/3/2015 10:08:10"
"158","243575166","tb_track_set_trace15","13/3/2015 10:08:10","13/3/2015 10:08:10"
"159","1044151640","tb_track_set_trace15","13/3/2015 10:08:10","13/3/2015 10:08:10"
"160","839821940","tb_track_set_trace15","13/3/2015 10:08:10","13/3/2015 10:08:10"
"161","24382606","tb_track_set_trace16","13/3/2015 10:08:10","13/3/2015 10:08:10"
"162","1927090445","tb_track_set_trace16","13/3/2015 10:08:10","13/3/2015 10:08:10"
"163","1018617493","tb_track_set_trace16","13/3/2015 10:08:10","13/3/2015 10:08:10"
"164","1883423309","tb_track_set_trace16","13/3/2015 10:08:10","13/3/2015 10:08:10"
"165","204029190","tb_track_set_trace16","13/3/2015 10:08:10","13/3/2015 10:08:10"
"166","899527544","tb_track_set_trace16","13/3/2015 10:08:10","13/3/2015 10:08:10"
"167","1820904566","tb_track_set_trace16","13/3/2015 10:08:10","13/3/2015 10:08:10"
"168","2631269122","tb_track_set_trace16","13/3/2015 10:08:10","13/3/2015 10:08:10"
"169","2910118910","tb_track_set_trace16","13/3/2015 10:08:10","13/3/2015 10:08:10"
"170","1259962428","tb_track_set_trace16","13/3/2015 10:08:10","13/3/2015 10:08:10"
"171","2366589484","tb_track_set_trace17","13/3/2015 10:08:10","13/3/2015 10:08:10"
"172","883899467","tb_track_set_trace17","13/3/2015 10:08:10","13/3/2015 10:08:10"
"173","3977173158","tb_track_set_trace17","13/3/2015 10:08:10","13/3/2015 10:08:10"
"174","1256915534","tb_track_set_trace17","13/3/2015 10:08:10","13/3/2015 10:08:10"
"175","3567436586","tb_track_set_trace17","13/3/2015 10:08:10","13/3/2015 10:08:10"
"176","1926602701","tb_track_set_trace17","13/3/2015 10:08:10","13/3/2015 10:08:10"
"177","3034283165","tb_track_set_trace17","13/3/2015 10:08:10","13/3/2015 10:08:10"
"178","2701344083","tb_track_set_trace17","13/3/2015 10:08:10","13/3/2015 10:08:10"
"179","1373591449","tb_track_set_trace17","13/3/2015 10:08:10","13/3/2015 10:08:10"
"180","3792098051","tb_track_set_trace17","13/3/2015 10:08:10","13/3/2015 10:08:10"
"181","105045312","tb_track_set_trace18","13/3/2015 10:08:10","13/3/2015 10:08:10"
"182","4197046555","tb_track_set_trace18","13/3/2015 10:08:10","13/3/2015 10:08:10"
"183","3172417752","tb_track_set_trace18","13/3/2015 10:08:10","13/3/2015 10:08:10"
"184","3428428809","tb_track_set_trace18","13/3/2015 10:08:10","13/3/2015 10:08:10"
"185","1641117875","tb_track_set_trace18","13/3/2015 10:08:10","13/3/2015 10:08:10"
"186","2861012963","tb_track_set_trace18","13/3/2015 10:08:10","13/3/2015 10:08:10"
"187","694322317","tb_track_set_trace18","13/3/2015 10:08:10","13/3/2015 10:08:10"
"188","4294623752","tb_track_set_trace18","13/3/2015 10:08:10","13/3/2015 10:08:10"
"189","2531287468","tb_track_set_trace18","13/3/2015 10:08:10","13/3/2015 10:08:10"
"190","3769024722","tb_track_set_trace18","13/3/2015 10:08:10","13/3/2015 10:08:10"
"191","642499863","tb_track_set_trace19","13/3/2015 10:08:10","13/3/2015 10:08:10"
"192","2563143448","tb_track_set_trace19","13/3/2015 10:08:10","13/3/2015 10:08:10"
"193","2748165884","tb_track_set_trace19","13/3/2015 10:08:10","13/3/2015 10:08:10"
"194","361270251","tb_track_set_trace19","13/3/2015 10:08:10","13/3/2015 10:08:10"
"195","235215271","tb_track_set_trace19","13/3/2015 10:08:10","13/3/2015 10:08:10"
"196","736297989","tb_track_set_trace19","13/3/2015 10:08:10","13/3/2015 10:08:10"
"197","1964469733","tb_track_set_trace19","13/3/2015 10:08:10","13/3/2015 10:08:10"
"198","3354974961","tb_track_set_trace19","13/3/2015 10:08:10","13/3/2015 10:08:10"
"199","1932933380","tb_track_set_trace19","13/3/2015 10:08:10","13/3/2015 10:08:10"
"200","4269292563","tb_track_set_trace19","13/3/2015 10:08:10","13/3/2015 10:08:10"
"201","2592915853","tb_track_set_trace20","13/3/2015 10:08:10","13/3/2015 10:08:10"
"202","1728349407","tb_track_set_trace20","13/3/2015 10:08:10","13/3/2015 10:08:10"
"203","1424109717","tb_track_set_trace20","13/3/2015 10:08:10","13/3/2015 10:08:10"
"204","3118784007","tb_track_set_trace20","13/3/2015 10:08:10","13/3/2015 10:08:10"
"205","2390147717","tb_track_set_trace20","13/3/2015 10:08:10","13/3/2015 10:08:10"
"206","2630123561","tb_track_set_trace20","13/3/2015 10:08:10","13/3/2015 10:08:10"
"207","1187721905","tb_track_set_trace20","13/3/2015 10:08:10","13/3/2015 10:08:10"
"208","744531957","tb_track_set_trace20","13/3/2015 10:08:10","13/3/2015 10:08:10"
"209","1834754584","tb_track_set_trace20","13/3/2015 10:08:10","13/3/2015 10:08:10"
"210","1220579479","tb_track_set_trace20","13/3/2015 10:08:10","13/3/2015 10:08:10"
"211","232342697","tb_track_set_trace21","13/3/2015 10:08:10","13/3/2015 10:08:10"
"212","647030085","tb_track_set_trace21","13/3/2015 10:08:10","13/3/2015 10:08:10"
"213","1191328186","tb_track_set_trace21","13/3/2015 10:08:10","13/3/2015 10:08:10"
"214","3352439269","tb_track_set_trace21","13/3/2015 10:08:10","13/3/2015 10:08:10"
"215","2670222108","tb_track_set_trace21","13/3/2015 10:08:10","13/3/2015 10:08:10"
"216","689838399","tb_track_set_trace21","13/3/2015 10:08:10","13/3/2015 10:08:10"
"217","1908096487","tb_track_set_trace21","13/3/2015 10:08:10","13/3/2015 10:08:10"
"218","912794133","tb_track_set_trace21","13/3/2015 10:08:10","13/3/2015 10:08:10"
"219","2355792593","tb_track_set_trace21","13/3/2015 10:08:10","13/3/2015 10:08:10"
"220","3749175002","tb_track_set_trace21","13/3/2015 10:08:10","13/3/2015 10:08:10"
"221","422827155","tb_track_set_trace22","13/3/2015 10:08:10","13/3/2015 10:08:10"
"222","2551239564","tb_track_set_trace22","13/3/2015 10:08:10","13/3/2015 10:08:10"
"223","3965056829","tb_track_set_trace22","13/3/2015 10:08:10","13/3/2015 10:08:10"
"224","3930034236","tb_track_set_trace22","13/3/2015 10:08:10","13/3/2015 10:08:10"
"225","3477257733","tb_track_set_trace22","13/3/2015 10:08:10","13/3/2015 10:08:10"
"226","3747989184","tb_track_set_trace22","13/3/2015 10:08:10","13/3/2015 10:08:10"
"227","711052775","tb_track_set_trace22","13/3/2015 10:08:10","13/3/2015 10:08:10"
"228","1028182989","tb_track_set_trace22","13/3/2015 10:08:10","13/3/2015 10:08:10"
"229","4139644777","tb_track_set_trace22","13/3/2015 10:08:10","13/3/2015 10:08:10"
"230","2693722888","tb_track_set_trace22","13/3/2015 10:08:10","13/3/2015 10:08:10"
"231","3061878868","tb_track_set_trace23","13/3/2015 10:08:10","13/3/2015 10:08:10"
"232","3476455414","tb_track_set_trace23","13/3/2015 10:08:10","13/3/2015 10:08:10"
"233","3992650229","tb_track_set_trace23","13/3/2015 10:08:10","13/3/2015 10:08:10"
"234","2473997146","tb_track_set_trace23","13/3/2015 10:08:10","13/3/2015 10:08:10"
"235","3274515040","tb_track_set_trace23","13/3/2015 10:08:10","13/3/2015 10:08:10"
"236","1444561041","tb_track_set_trace23","13/3/2015 10:08:10","13/3/2015 10:08:10"
"237","2701585140","tb_track_set_trace23","13/3/2015 10:08:10","13/3/2015 10:08:10"
"238","3454936099","tb_track_set_trace23","13/3/2015 10:08:10","13/3/2015 10:08:10"
"239","2369481282","tb_track_set_trace23","13/3/2015 10:08:10","13/3/2015 10:08:10"
"240","2354421024","tb_track_set_trace23","13/3/2015 10:08:10","13/3/2015 10:08:10"
"241","3129202401","tb_track_set_trace24","13/3/2015 10:08:10","13/3/2015 10:08:10"
"242","894026691","tb_track_set_trace24","13/3/2015 10:08:10","13/3/2015 10:08:10"
"243","1882612461","tb_track_set_trace24","13/3/2015 10:08:10","13/3/2015 10:08:10"
"244","624855030","tb_track_set_trace24","13/3/2015 10:08:10","13/3/2015 10:08:10"
"245","1502265095","tb_track_set_trace24","13/3/2015 10:08:10","13/3/2015 10:08:10"
"246","3035475730","tb_track_set_trace24","13/3/2015 10:08:10","13/3/2015 10:08:10"
"247","226701042","tb_track_set_trace24","13/3/2015 10:08:10","13/3/2015 10:08:10"
"248","3225816662","tb_track_set_trace24","13/3/2015 10:08:10","13/3/2015 10:08:10"
"249","2581584165","tb_track_set_trace24","13/3/2015 10:08:10","13/3/2015 10:08:10"
"250","472784671","tb_track_set_trace24","13/3/2015 10:08:10","13/3/2015 10:08:10"
"251","4219641165","tb_track_set_trace25","13/3/2015 10:08:10","13/3/2015 10:08:10"
"252","3338738436","tb_track_set_trace25","13/3/2015 10:08:10","13/3/2015 10:08:10"
"253","3461158703","tb_track_set_trace25","13/3/2015 10:08:10","13/3/2015 10:08:10"
"254","3098064959","tb_track_set_trace25","13/3/2015 10:08:10","13/3/2015 10:08:10"
"255","2842777868","tb_track_set_trace25","13/3/2015 10:08:10","13/3/2015 10:08:10"
"256","2539354034","tb_track_set_trace25","13/3/2015 10:08:10","13/3/2015 10:08:10"
"257","840074771","tb_track_set_trace25","13/3/2015 10:08:10","13/3/2015 10:08:10"
"258","2632582902","tb_track_set_trace25","13/3/2015 10:08:10","13/3/2015 10:08:10"
"259","3361016810","tb_track_set_trace25","13/3/2015 10:08:10","13/3/2015 10:08:10"
"260","427523516","tb_track_set_trace25","13/3/2015 10:08:10","13/3/2015 10:08:10"
"261","3519225225","tb_track_set_trace26","13/3/2015 10:08:10","13/3/2015 10:08:10"
"262","2322318480","tb_track_set_trace26","13/3/2015 10:08:10","13/3/2015 10:08:10"
"263","639767411","tb_track_set_trace26","13/3/2015 10:08:10","13/3/2015 10:08:10"
"264","2250189970","tb_track_set_trace26","13/3/2015 10:08:10","13/3/2015 10:08:10"
"265","3186648044","tb_track_set_trace26","13/3/2015 10:08:10","13/3/2015 10:08:10"
"266","3133528330","tb_track_set_trace26","13/3/2015 10:08:10","13/3/2015 10:08:10"
"267","1525581446","tb_track_set_trace26","13/3/2015 10:08:10","13/3/2015 10:08:10"
"268","2767602263","tb_track_set_trace26","13/3/2015 10:08:10","13/3/2015 10:08:10"
"269","904201780","tb_track_set_trace26","13/3/2015 10:08:10","13/3/2015 10:08:10"
"270","1839565543","tb_track_set_trace26","13/3/2015 10:08:10","13/3/2015 10:08:10"
"271","3283856702","tb_track_set_trace27","13/3/2015 10:08:10","13/3/2015 10:08:10"
"272","1976530125","tb_track_set_trace27","13/3/2015 10:08:10","13/3/2015 10:08:10"
"273","650482179","tb_track_set_trace27","13/3/2015 10:08:10","13/3/2015 10:08:10"
"274","2204007801","tb_track_set_trace27","13/3/2015 10:08:10","13/3/2015 10:08:10"
"275","1883571876","tb_track_set_trace27","13/3/2015 10:08:10","13/3/2015 10:08:10"
"276","2994338754","tb_track_set_trace27","13/3/2015 10:08:10","13/3/2015 10:08:10"
"277","2467423762","tb_track_set_trace27","13/3/2015 10:08:10","13/3/2015 10:08:10"
"278","1170127093","tb_track_set_trace27","13/3/2015 10:08:10","13/3/2015 10:08:10"
"279","3595056034","tb_track_set_trace27","13/3/2015 10:08:10","13/3/2015 10:08:10"
"280","4049032829","tb_track_set_trace27","13/3/2015 10:08:10","13/3/2015 10:08:10"
"281","2375189592","tb_track_set_trace28","13/3/2015 10:08:10","13/3/2015 10:08:10"
"282","148796289","tb_track_set_trace28","13/3/2015 10:08:10","13/3/2015 10:08:10"
"283","3936677497","tb_track_set_trace28","13/3/2015 10:08:10","13/3/2015 10:08:10"
"284","2284711490","tb_track_set_trace28","13/3/2015 10:08:10","13/3/2015 10:08:10"
"285","2237885144","tb_track_set_trace28","13/3/2015 10:08:10","13/3/2015 10:08:10"
"286","2215052346","tb_track_set_trace28","13/3/2015 10:08:10","13/3/2015 10:08:10"
"287","2808759157","tb_track_set_trace28","13/3/2015 10:08:10","13/3/2015 10:08:10"
"288","3646701579","tb_track_set_trace28","13/3/2015 10:08:10","13/3/2015 10:08:10"
"289","512814745","tb_track_set_trace28","13/3/2015 10:08:10","13/3/2015 10:08:10"
"290","4261391325","tb_track_set_trace28","13/3/2015 10:08:10","13/3/2015 10:08:10"
"291","1084962335","tb_track_set_trace29","13/3/2015 10:08:10","13/3/2015 10:08:10"
"292","1869432765","tb_track_set_trace29","13/3/2015 10:08:10","13/3/2015 10:08:10"
"293","3473366143","tb_track_set_trace29","13/3/2015 10:08:10","13/3/2015 10:08:10"
"294","2712235407","tb_track_set_trace29","13/3/2015 10:08:10","13/3/2015 10:08:10"
"295","3651633670","tb_track_set_trace29","13/3/2015 10:08:10","13/3/2015 10:08:10"
"296","3631434209","tb_track_set_trace29","13/3/2015 10:08:10","13/3/2015 10:08:10"
"297","1378438336","tb_track_set_trace29","13/3/2015 10:08:10","13/3/2015 10:08:10"
"298","1702053680","tb_track_set_trace29","13/3/2015 10:08:10","13/3/2015 10:08:10"
"299","1287745526","tb_track_set_trace29","13/3/2015 10:08:10","13/3/2015 10:08:10"
"300","4235218074","tb_track_set_trace29","13/3/2015 10:08:10","13/3/2015 10:08:10"
"301","3189153118","tb_track_set_trace30","13/3/2015 10:08:10","13/3/2015 10:08:10"
"302","345656423","tb_track_set_trace30","13/3/2015 10:08:10","13/3/2015 10:08:10"
"303","3431159871","tb_track_set_trace30","13/3/2015 10:08:10","13/3/2015 10:08:10"
"304","1160971310","tb_track_set_trace30","13/3/2015 10:08:10","13/3/2015 10:08:10"
"305","3356022115","tb_track_set_trace30","13/3/2015 10:08:10","13/3/2015 10:08:10"
"306","2353483341","tb_track_set_trace30","13/3/2015 10:08:10","13/3/2015 10:08:10"
"307","1305929208","tb_track_set_trace30","13/3/2015 10:08:10","13/3/2015 10:08:10"
"308","2580361236","tb_track_set_trace30","13/3/2015 10:08:10","13/3/2015 10:08:10"
"309","3622689988","tb_track_set_trace30","13/3/2015 10:08:10","13/3/2015 10:08:10"
"310","2862339663","tb_track_set_trace30","13/3/2015 10:08:10","13/3/2015 10:08:10"
"311","1315519186","tb_track_set_trace31","13/3/2015 10:08:10","13/3/2015 10:08:10"
"312","2869312955","tb_track_set_trace31","13/3/2015 10:08:10","13/3/2015 10:08:10"
"313","1412652277","tb_track_set_trace31","13/3/2015 10:08:10","13/3/2015 10:08:10"
"314","3091791323","tb_track_set_trace31","13/3/2015 10:08:10","13/3/2015 10:08:10"
"315","2050098356","tb_track_set_trace31","13/3/2015 10:08:10","13/3/2015 10:08:10"
"316","1424448875","tb_track_set_trace31","13/3/2015 10:08:10","13/3/2015 10:08:10"
"317","1637282885","tb_track_set_trace31","13/3/2015 10:08:10","13/3/2015 10:08:10"
"318","3063872821","tb_track_set_trace31","13/3/2015 10:08:10","13/3/2015 10:08:10"
"319","1758858875","tb_track_set_trace31","13/3/2015 10:08:10","13/3/2015 10:08:10"
"320","2552827286","tb_track_set_trace31","13/3/2015 10:08:10","13/3/2015 10:08:10"
"321","3077123181","tb_track_set_trace32","13/3/2015 10:08:10","13/3/2015 10:08:10"
"322","1718159186","tb_track_set_trace32","13/3/2015 10:08:10","13/3/2015 10:08:10"
"323","1752140708","tb_track_set_trace32","13/3/2015 10:08:10","13/3/2015 10:08:10"
"324","3767013929","tb_track_set_trace32","13/3/2015 10:08:10","13/3/2015 10:08:10"
"325","369821988","tb_track_set_trace32","13/3/2015 10:08:10","13/3/2015 10:08:10"
"326","3025718361","tb_track_set_trace32","13/3/2015 10:08:10","13/3/2015 10:08:10"
"327","1757693958","tb_track_set_trace32","13/3/2015 10:08:10","13/3/2015 10:08:10"
"328","3698152577","tb_track_set_trace32","13/3/2015 10:08:10","13/3/2015 10:08:10"
"329","2040983367","tb_track_set_trace32","13/3/2015 10:08:10","13/3/2015 10:08:10"
"330","2514842631","tb_track_set_trace32","13/3/2015 10:08:10","13/3/2015 10:08:10"
"331","1456516397","tb_track_set_trace33","13/3/2015 10:08:10","13/3/2015 10:08:10"
"332","2766937641","tb_track_set_trace33","13/3/2015 10:08:10","13/3/2015 10:08:10"
"333","2793581644","tb_track_set_trace33","13/3/2015 10:08:10","13/3/2015 10:08:10"
"334","714564192","tb_track_set_trace33","13/3/2015 10:08:10","13/3/2015 10:08:10"
"335","3892800413","tb_track_set_trace33","13/3/2015 10:08:10","13/3/2015 10:08:10"
"336","1045843998","tb_track_set_trace33","13/3/2015 10:08:10","13/3/2015 10:08:10"
"337","872658278","tb_track_set_trace33","13/3/2015 10:08:10","13/3/2015 10:08:10"
"338","2755560115","tb_track_set_trace33","13/3/2015 10:08:10","13/3/2015 10:08:10"
"339","1575991635","tb_track_set_trace33","13/3/2015 10:08:10","13/3/2015 10:08:10"
"340","4062661018","tb_track_set_trace33","13/3/2015 10:08:10","13/3/2015 10:08:10"
"341","2454887710","tb_track_set_trace34","13/3/2015 10:08:10","13/3/2015 10:08:10"
"342","3835683980","tb_track_set_trace34","13/3/2015 10:08:10","13/3/2015 10:08:10"
"343","3675750848","tb_track_set_trace34","13/3/2015 10:08:10","13/3/2015 10:08:10"
"344","3214697601","tb_track_set_trace34","13/3/2015 10:08:10","13/3/2015 10:08:10"
"345","1003509478","tb_track_set_trace34","13/3/2015 10:08:10","13/3/2015 10:08:10"
"346","3644149211","tb_track_set_trace34","13/3/2015 10:08:10","13/3/2015 10:08:10"
"347","634656901","tb_track_set_trace34","13/3/2015 10:08:10","13/3/2015 10:08:10"
"348","3958247171","tb_track_set_trace34","13/3/2015 10:08:10","13/3/2015 10:08:10"
"349","4103658956","tb_track_set_trace34","13/3/2015 10:08:10","13/3/2015 10:08:10"
"350","3137502010","tb_track_set_trace34","13/3/2015 10:08:10","13/3/2015 10:08:10"
"351","3973535136","tb_track_set_trace35","13/3/2015 10:08:10","13/3/2015 10:08:10"
"352","2169013755","tb_track_set_trace35","13/3/2015 10:08:10","13/3/2015 10:08:10"
"353","1929856716","tb_track_set_trace35","13/3/2015 10:08:10","13/3/2015 10:08:10"
"354","1583868922","tb_track_set_trace35","13/3/2015 10:08:10","13/3/2015 10:08:10"
"355","302458150","tb_track_set_trace35","13/3/2015 10:08:10","13/3/2015 10:08:10"
"356","3053946025","tb_track_set_trace35","13/3/2015 10:08:10","13/3/2015 10:08:10"
"357","2297098130","tb_track_set_trace35","13/3/2015 10:08:10","13/3/2015 10:08:10"
"358","4257905306","tb_track_set_trace35","13/3/2015 10:08:10","13/3/2015 10:08:10"
"359","4146682131","tb_track_set_trace35","13/3/2015 10:08:10","13/3/2015 10:08:10"
"360","1859405753","tb_track_set_trace35","13/3/2015 10:08:10","13/3/2015 10:08:10"
"361","77159320","tb_track_set_trace36","13/3/2015 10:08:10","13/3/2015 10:08:10"
"362","313919700","tb_track_set_trace36","13/3/2015 10:08:10","13/3/2015 10:08:10"
"363","1019619455","tb_track_set_trace36","13/3/2015 10:08:10","13/3/2015 10:08:10"
"364","1039067602","tb_track_set_trace36","13/3/2015 10:08:10","13/3/2015 10:08:10"
"365","1535993032","tb_track_set_trace36","13/3/2015 10:08:10","13/3/2015 10:08:10"
"366","778590838","tb_track_set_trace36","13/3/2015 10:08:10","13/3/2015 10:08:10"
"367","1032919507","tb_track_set_trace36","13/3/2015 10:08:10","13/3/2015 10:08:10"
"368","1330090120","tb_track_set_trace36","13/3/2015 10:08:10","13/3/2015 10:08:10"
"369","418062175","tb_track_set_trace36","13/3/2015 10:08:10","13/3/2015 10:08:10"
"370","3131574318","tb_track_set_trace36","13/3/2015 10:08:10","13/3/2015 10:08:10"
"371","4115422137","tb_track_set_trace37","13/3/2015 10:08:10","13/3/2015 10:08:10"
"372","1154913827","tb_track_set_trace37","13/3/2015 10:08:10","13/3/2015 10:08:10"
"373","1251054177","tb_track_set_trace37","13/3/2015 10:08:10","13/3/2015 10:08:10"
"374","2892687729","tb_track_set_trace37","13/3/2015 10:08:10","13/3/2015 10:08:10"
"375","3962953873","tb_track_set_trace37","13/3/2015 10:08:10","13/3/2015 10:08:10"
"376","1680416216","tb_track_set_trace37","13/3/2015 10:08:10","13/3/2015 10:08:10"
"377","3250587703","tb_track_set_trace37","13/3/2015 10:08:10","13/3/2015 10:08:10"
"378","2689620265","tb_track_set_trace37","13/3/2015 10:08:10","13/3/2015 10:08:10"
"379","960777279","tb_track_set_trace37","13/3/2015 10:08:10","13/3/2015 10:08:10"
"380","2530837713","tb_track_set_trace37","13/3/2015 10:08:10","13/3/2015 10:08:10"
"381","3254852342","tb_track_set_trace38","13/3/2015 10:08:10","13/3/2015 10:08:10"
"382","3382348517","tb_track_set_trace38","13/3/2015 10:08:10","13/3/2015 10:08:10"
"383","1492755488","tb_track_set_trace38","13/3/2015 10:08:10","13/3/2015 10:08:10"
"384","3963457448","tb_track_set_trace38","13/3/2015 10:08:10","13/3/2015 10:08:10"
"385","254805026","tb_track_set_trace38","13/3/2015 10:08:10","13/3/2015 10:08:10"
"386","2299121555","tb_track_set_trace38","13/3/2015 10:08:10","13/3/2015 10:08:10"
"387","157724204","tb_track_set_trace38","13/3/2015 10:08:10","13/3/2015 10:08:10"
"388","2016384159","tb_track_set_trace38","13/3/2015 10:08:10","13/3/2015 10:08:10"
"389","1606502319","tb_track_set_trace38","13/3/2015 10:08:10","13/3/2015 10:08:10"
"390","3732124064","tb_track_set_trace38","13/3/2015 10:08:10","13/3/2015 10:08:10"
"391","3780913180","tb_track_set_trace39","13/3/2015 10:08:10","13/3/2015 10:08:10"
"392","3854403728","tb_track_set_trace39","13/3/2015 10:08:10","13/3/2015 10:08:10"
"393","1907202561","tb_track_set_trace39","13/3/2015 10:08:10","13/3/2015 10:08:10"
"394","181914771","tb_track_set_trace39","13/3/2015 10:08:10","13/3/2015 10:08:10"
"395","3245272369","tb_track_set_trace39","13/3/2015 10:08:10","13/3/2015 10:08:10"
"396","2774067194","tb_track_set_trace39","13/3/2015 10:08:10","13/3/2015 10:08:10"
"397","123252388","tb_track_set_trace39","13/3/2015 10:08:10","13/3/2015 10:08:10"
"398","2463323973","tb_track_set_trace39","13/3/2015 10:08:10","13/3/2015 10:08:10"
"399","648215172","tb_track_set_trace39","13/3/2015 10:08:10","13/3/2015 10:08:10"
"400","1292053282","tb_track_set_trace39","13/3/2015 10:08:10","13/3/2015 10:08:10"
"401","770185428","tb_track_set_trace40","13/3/2015 10:08:10","13/3/2015 10:08:10"
"402","117885909","tb_track_set_trace40","13/3/2015 10:08:10","13/3/2015 10:08:10"
"403","3029603002","tb_track_set_trace40","13/3/2015 10:08:10","13/3/2015 10:08:10"
"404","2844678275","tb_track_set_trace40","13/3/2015 10:08:10","13/3/2015 10:08:10"
"405","1359736482","tb_track_set_trace40","13/3/2015 10:08:10","13/3/2015 10:08:10"
"406","4207164916","tb_track_set_trace40","13/3/2015 10:08:10","13/3/2015 10:08:10"
"407","3968165390","tb_track_set_trace40","13/3/2015 10:08:10","13/3/2015 10:08:10"
"408","326984629","tb_track_set_trace40","13/3/2015 10:08:10","13/3/2015 10:08:10"
"409","263020024","tb_track_set_trace40","13/3/2015 10:08:10","13/3/2015 10:08:10"
"410","4095081475","tb_track_set_trace40","13/3/2015 10:08:10","13/3/2015 10:08:10"
"411","215044666","tb_track_set_trace41","13/3/2015 10:08:10","13/3/2015 10:08:10"
"412","236638879","tb_track_set_trace41","13/3/2015 10:08:10","13/3/2015 10:08:10"
"413","3009654099","tb_track_set_trace41","13/3/2015 10:08:10","13/3/2015 10:08:10"
"414","3500702415","tb_track_set_trace41","13/3/2015 10:08:10","13/3/2015 10:08:10"
"415","3787776824","tb_track_set_trace41","13/3/2015 10:08:10","13/3/2015 10:08:10"
"416","1040415880","tb_track_set_trace41","13/3/2015 10:08:10","13/3/2015 10:08:10"
"417","1044944504","tb_track_set_trace41","13/3/2015 10:08:10","13/3/2015 10:08:10"
"418","2342909647","tb_track_set_trace41","13/3/2015 10:08:10","13/3/2015 10:08:10"
"419","2540867615","tb_track_set_trace41","13/3/2015 10:08:10","13/3/2015 10:08:10"
"420","568328351","tb_track_set_trace41","13/3/2015 10:08:10","13/3/2015 10:08:10"
"421","474187319","tb_track_set_trace42","13/3/2015 10:08:10","13/3/2015 10:08:10"
"422","902088529","tb_track_set_trace42","13/3/2015 10:08:10","13/3/2015 10:08:10"
"423","400731924","tb_track_set_trace42","13/3/2015 10:08:10","13/3/2015 10:08:10"
"424","1653016801","tb_track_set_trace42","13/3/2015 10:08:10","13/3/2015 10:08:10"
"425","4261360151","tb_track_set_trace42","13/3/2015 10:08:10","13/3/2015 10:08:10"
"426","3584126549","tb_track_set_trace42","13/3/2015 10:08:10","13/3/2015 10:08:10"
"427","1715209064","tb_track_set_trace42","13/3/2015 10:08:10","13/3/2015 10:08:10"
"428","3994170452","tb_track_set_trace42","13/3/2015 10:08:10","13/3/2015 10:08:10"
"429","1318533482","tb_track_set_trace42","13/3/2015 10:08:10","13/3/2015 10:08:10"
"430","3642309742","tb_track_set_trace42","13/3/2015 10:08:10","13/3/2015 10:08:10"
"431","2166483487","tb_track_set_trace43","13/3/2015 10:08:10","13/3/2015 10:08:10"
"432","69887516","tb_track_set_trace43","13/3/2015 10:08:10","13/3/2015 10:08:10"
"433","3871883499","tb_track_set_trace43","13/3/2015 10:08:10","13/3/2015 10:08:10"
"434","3965926881","tb_track_set_trace43","13/3/2015 10:08:10","13/3/2015 10:08:10"
"435","3690845821","tb_track_set_trace43","13/3/2015 10:08:10","13/3/2015 10:08:10"
"436","302024085","tb_track_set_trace43","13/3/2015 10:08:10","13/3/2015 10:08:10"
"437","2726878550","tb_track_set_trace43","13/3/2015 10:08:10","13/3/2015 10:08:10"
"438","524620367","tb_track_set_trace43","13/3/2015 10:08:10","13/3/2015 10:08:10"
"439","2811814243","tb_track_set_trace43","13/3/2015 10:08:10","13/3/2015 10:08:10"
"440","41064557","tb_track_set_trace43","13/3/2015 10:08:10","13/3/2015 10:08:10"
"441","539642368","tb_track_set_trace44","13/3/2015 10:08:10","13/3/2015 10:08:10"
"442","4212962833","tb_track_set_trace44","13/3/2015 10:08:10","13/3/2015 10:08:10"
"443","2973446759","tb_track_set_trace44","13/3/2015 10:08:10","13/3/2015 10:08:10"
"444","3390857412","tb_track_set_trace44","13/3/2015 10:08:10","13/3/2015 10:08:10"
"445","3301364190","tb_track_set_trace44","13/3/2015 10:08:10","13/3/2015 10:08:10"
"446","755080583","tb_track_set_trace44","13/3/2015 10:08:10","13/3/2015 10:08:10"
"447","1293134716","tb_track_set_trace44","13/3/2015 10:08:10","13/3/2015 10:08:10"
"448","1441220833","tb_track_set_trace44","13/3/2015 10:08:10","13/3/2015 10:08:10"
"449","3088010144","tb_track_set_trace44","13/3/2015 10:08:10","13/3/2015 10:08:10"
"450","2542874706","tb_track_set_trace44","13/3/2015 10:08:10","13/3/2015 10:08:10"
"451","3343669507","tb_track_set_trace45","13/3/2015 10:08:10","13/3/2015 10:08:10"
"452","2695416431","tb_track_set_trace45","13/3/2015 10:08:10","13/3/2015 10:08:10"
"453","12394545","tb_track_set_trace45","13/3/2015 10:08:10","13/3/2015 10:08:10"
"454","782275330","tb_track_set_trace45","13/3/2015 10:08:10","13/3/2015 10:08:10"
"455","50285351","tb_track_set_trace45","13/3/2015 10:08:10","13/3/2015 10:08:10"
"456","2133028240","tb_track_set_trace45","13/3/2015 10:08:10","13/3/2015 10:08:10"
"457","1196043018","tb_track_set_trace45","13/3/2015 10:08:10","13/3/2015 10:08:10"
"458","3011380103","tb_track_set_trace45","13/3/2015 10:08:10","13/3/2015 10:08:10"
"459","2601750391","tb_track_set_trace45","13/3/2015 10:08:10","13/3/2015 10:08:10"
"460","3024358726","tb_track_set_trace45","13/3/2015 10:08:10","13/3/2015 10:08:10"
"461","968172424","tb_track_set_trace46","13/3/2015 10:08:10","13/3/2015 10:08:10"
"462","2213507084","tb_track_set_trace46","13/3/2015 10:08:10","13/3/2015 10:08:10"
"463","2070010150","tb_track_set_trace46","13/3/2015 10:08:10","13/3/2015 10:08:10"
"464","3959892913","tb_track_set_trace46","13/3/2015 10:08:10","13/3/2015 10:08:10"
"465","2995110057","tb_track_set_trace46","13/3/2015 10:08:10","13/3/2015 10:08:10"
"466","1923980898","tb_track_set_trace46","13/3/2015 10:08:10","13/3/2015 10:08:10"
"467","1518873221","tb_track_set_trace46","13/3/2015 10:08:10","13/3/2015 10:08:10"
"468","3580836702","tb_track_set_trace46","13/3/2015 10:08:10","13/3/2015 10:08:10"
"469","975517849","tb_track_set_trace46","13/3/2015 10:08:10","13/3/2015 10:08:10"
"470","28921739","tb_track_set_trace46","13/3/2015 10:08:10","13/3/2015 10:08:10"
"471","1506466560","tb_track_set_trace47","13/3/2015 10:08:10","13/3/2015 10:08:10"
"472","192810795","tb_track_set_trace47","13/3/2015 10:08:10","13/3/2015 10:08:10"
"473","1979924163","tb_track_set_trace47","13/3/2015 10:08:10","13/3/2015 10:08:10"
"474","3564044067","tb_track_set_trace47","13/3/2015 10:08:10","13/3/2015 10:08:10"
"475","3602014982","tb_track_set_trace47","13/3/2015 10:08:10","13/3/2015 10:08:10"
"476","1601642907","tb_track_set_trace47","13/3/2015 10:08:10","13/3/2015 10:08:10"
"477","2060199707","tb_track_set_trace47","13/3/2015 10:08:10","13/3/2015 10:08:10"
"478","1373670306","tb_track_set_trace47","13/3/2015 10:08:10","13/3/2015 10:08:10"
"479","640432200","tb_track_set_trace47","13/3/2015 10:08:10","13/3/2015 10:08:10"
"480","67176995","tb_track_set_trace47","13/3/2015 10:08:10","13/3/2015 10:08:10"
"481","1000438867","tb_track_set_trace48","13/3/2015 10:08:10","13/3/2015 10:08:10"
"482","3585411715","tb_track_set_trace48","13/3/2015 10:08:10","13/3/2015 10:08:10"
"483","2196153415","tb_track_set_trace48","13/3/2015 10:08:10","13/3/2015 10:08:10"
"484","2644584886","tb_track_set_trace48","13/3/2015 10:08:10","13/3/2015 10:08:10"
"485","3560511916","tb_track_set_trace48","13/3/2015 10:08:10","13/3/2015 10:08:10"
"486","1888101264","tb_track_set_trace48","13/3/2015 10:08:10","13/3/2015 10:08:10"
"487","2624858479","tb_track_set_trace48","13/3/2015 10:08:10","13/3/2015 10:08:10"
"488","1665018711","tb_track_set_trace48","13/3/2015 10:08:10","13/3/2015 10:08:10"
"489","2555250510","tb_track_set_trace48","13/3/2015 10:08:10","13/3/2015 10:08:10"
"490","1699989927","tb_track_set_trace48","13/3/2015 10:08:10","13/3/2015 10:08:10"
"491","4293057027","tb_track_set_trace49","13/3/2015 10:08:10","13/3/2015 10:08:10"
"492","1661342938","tb_track_set_trace49","13/3/2015 10:08:10","13/3/2015 10:08:10"
"493","3812246863","tb_track_set_trace49","13/3/2015 10:08:10","13/3/2015 10:08:10"
"494","1815773054","tb_track_set_trace49","13/3/2015 10:08:10","13/3/2015 10:08:10"
"495","3227871268","tb_track_set_trace49","13/3/2015 10:08:10","13/3/2015 10:08:10"
"496","1401022284","tb_track_set_trace49","13/3/2015 10:08:10","13/3/2015 10:08:10"
"497","1439435668","tb_track_set_trace49","13/3/2015 10:08:10","13/3/2015 10:08:10"
"498","2501966961","tb_track_set_trace49","13/3/2015 10:08:10","13/3/2015 10:08:10"
"499","911911848","tb_track_set_trace49","13/3/2015 10:08:10","13/3/2015 10:08:10"
"500","2623291997","tb_track_set_trace49","13/3/2015 10:08:10","13/3/2015 10:08:10"
"501","351166750","tb_track_set_trace50","13/3/2015 10:08:10","13/3/2015 10:08:10"
"502","230454688","tb_track_set_trace50","13/3/2015 10:08:10","13/3/2015 10:08:10"
"503","1403499846","tb_track_set_trace50","13/3/2015 10:08:10","13/3/2015 10:08:10"
"504","3801369648","tb_track_set_trace50","13/3/2015 10:08:10","13/3/2015 10:08:10"
"505","3644943483","tb_track_set_trace50","13/3/2015 10:08:10","13/3/2015 10:08:10"
"506","3960237489","tb_track_set_trace50","13/3/2015 10:08:10","13/3/2015 10:08:10"
"507","984372088","tb_track_set_trace50","13/3/2015 10:08:10","13/3/2015 10:08:10"
"508","2726029574","tb_track_set_trace50","13/3/2015 10:08:10","13/3/2015 10:08:10"
"509","1295622844","tb_track_set_trace50","13/3/2015 10:08:10","13/3/2015 10:08:10"
"510","1115638673","tb_track_set_trace50","13/3/2015 10:08:10","13/3/2015 10:08:10"
"511","3136780852","tb_track_set_trace51","13/3/2015 10:08:10","13/3/2015 10:08:10"
"512","914570540","tb_track_set_trace51","13/3/2015 10:08:10","13/3/2015 10:08:10"
"513","653961630","tb_track_set_trace51","13/3/2015 10:08:10","13/3/2015 10:08:10"
"514","11607208","tb_track_set_trace51","13/3/2015 10:08:10","13/3/2015 10:08:10"
"515","645186007","tb_track_set_trace51","13/3/2015 10:08:10","13/3/2015 10:08:10"
"516","1995663719","tb_track_set_trace51","13/3/2015 10:08:10","13/3/2015 10:08:10"
"517","716212262","tb_track_set_trace51","13/3/2015 10:08:10","13/3/2015 10:08:10"
"518","671569460","tb_track_set_trace51","13/3/2015 10:08:10","13/3/2015 10:08:10"
"519","3063990807","tb_track_set_trace51","13/3/2015 10:08:10","13/3/2015 10:08:10"
"520","2791417563","tb_track_set_trace51","13/3/2015 10:08:10","13/3/2015 10:08:10"
"521","3505370965","tb_track_set_trace52","13/3/2015 10:08:10","13/3/2015 10:08:10"
"522","3114363104","tb_track_set_trace52","13/3/2015 10:08:10","13/3/2015 10:08:10"
"523","3722127250","tb_track_set_trace52","13/3/2015 10:08:10","13/3/2015 10:08:10"
"524","3209567115","tb_track_set_trace52","13/3/2015 10:08:10","13/3/2015 10:08:10"
"525","1912969604","tb_track_set_trace52","13/3/2015 10:08:10","13/3/2015 10:08:10"
"526","579681377","tb_track_set_trace52","13/3/2015 10:08:10","13/3/2015 10:08:10"
"527","2999762578","tb_track_set_trace52","13/3/2015 10:08:10","13/3/2015 10:08:10"
"528","3668853385","tb_track_set_trace52","13/3/2015 10:08:10","13/3/2015 10:08:10"
"529","3945491815","tb_track_set_trace52","13/3/2015 10:08:10","13/3/2015 10:08:10"
"530","892710212","tb_track_set_trace52","13/3/2015 10:08:10","13/3/2015 10:08:10"
"531","1953246495","tb_track_set_trace53","13/3/2015 10:08:10","13/3/2015 10:08:10"
"532","2986405368","tb_track_set_trace53","13/3/2015 10:08:10","13/3/2015 10:08:10"
"533","1701044287","tb_track_set_trace53","13/3/2015 10:08:10","13/3/2015 10:08:10"
"534","1370268455","tb_track_set_trace53","13/3/2015 10:08:10","13/3/2015 10:08:10"
"535","969770638","tb_track_set_trace53","13/3/2015 10:08:10","13/3/2015 10:08:10"
"536","2062278637","tb_track_set_trace53","13/3/2015 10:08:10","13/3/2015 10:08:10"
"537","1965500366","tb_track_set_trace53","13/3/2015 10:08:10","13/3/2015 10:08:10"
"538","4060478270","tb_track_set_trace53","13/3/2015 10:08:10","13/3/2015 10:08:10"
"539","3984021985","tb_track_set_trace53","13/3/2015 10:08:10","13/3/2015 10:08:10"
"540","3362512397","tb_track_set_trace53","13/3/2015 10:08:10","13/3/2015 10:08:10"
"541","93449642","tb_track_set_trace54","13/3/2015 10:08:10","13/3/2015 10:08:10"
"542","2504714902","tb_track_set_trace54","13/3/2015 10:08:10","13/3/2015 10:08:10"
"543","2563905379","tb_track_set_trace54","13/3/2015 10:08:10","13/3/2015 10:08:10"
"544","3302027124","tb_track_set_trace54","13/3/2015 10:08:10","13/3/2015 10:08:10"
"545","1893747225","tb_track_set_trace54","13/3/2015 10:08:10","13/3/2015 10:08:10"
"546","485861561","tb_track_set_trace54","13/3/2015 10:08:10","13/3/2015 10:08:10"
"547","337224393","tb_track_set_trace54","13/3/2015 10:08:10","13/3/2015 10:08:10"
"548","1343508129","tb_track_set_trace54","13/3/2015 10:08:10","13/3/2015 10:08:10"
"549","728292859","tb_track_set_trace54","13/3/2015 10:08:10","13/3/2015 10:08:10"
"550","2657915436","tb_track_set_trace54","13/3/2015 10:08:10","13/3/2015 10:08:10"
"551","1712514568","tb_track_set_trace55","13/3/2015 10:08:10","13/3/2015 10:08:10"
"552","167725851","tb_track_set_trace55","13/3/2015 10:08:10","13/3/2015 10:08:10"
"553","4199705162","tb_track_set_trace55","13/3/2015 10:08:10","13/3/2015 10:08:10"
"554","2253265990","tb_track_set_trace55","13/3/2015 10:08:10","13/3/2015 10:08:10"
"555","3643506217","tb_track_set_trace55","13/3/2015 10:08:10","13/3/2015 10:08:10"
"556","2710899137","tb_track_set_trace55","13/3/2015 10:08:10","13/3/2015 10:08:10"
"557","1516928940","tb_track_set_trace55","13/3/2015 10:08:10","13/3/2015 10:08:10"
"558","3650251489","tb_track_set_trace55","13/3/2015 10:08:10","13/3/2015 10:08:10"
"559","2632237021","tb_track_set_trace55","13/3/2015 10:08:10","13/3/2015 10:08:10"
"560","1525541178","tb_track_set_trace55","13/3/2015 10:08:10","13/3/2015 10:08:10"
"561","4053426559","tb_track_set_trace56","13/3/2015 10:08:10","13/3/2015 10:08:10"
"562","1517044739","tb_track_set_trace56","13/3/2015 10:08:10","13/3/2015 10:08:10"
"563","3517400770","tb_track_set_trace56","13/3/2015 10:08:10","13/3/2015 10:08:10"
"564","2825591214","tb_track_set_trace56","13/3/2015 10:08:10","13/3/2015 10:08:10"
"565","2531445471","tb_track_set_trace56","13/3/2015 10:08:10","13/3/2015 10:08:10"
"566","1241286204","tb_track_set_trace56","13/3/2015 10:08:10","13/3/2015 10:08:10"
"567","3693395100","tb_track_set_trace56","13/3/2015 10:08:10","13/3/2015 10:08:10"
"568","203194791","tb_track_set_trace56","13/3/2015 10:08:10","13/3/2015 10:08:10"
"569","2613862275","tb_track_set_trace56","13/3/2015 10:08:10","13/3/2015 10:08:10"
"570","925179937","tb_track_set_trace56","13/3/2015 10:08:10","13/3/2015 10:08:10"
"571","737254513","tb_track_set_trace57","13/3/2015 10:08:10","13/3/2015 10:08:10"
"572","2820041209","tb_track_set_trace57","13/3/2015 10:08:10","13/3/2015 10:08:10"
"573","4192845831","tb_track_set_trace57","13/3/2015 10:08:10","13/3/2015 10:08:10"
"574","828853677","tb_track_set_trace57","13/3/2015 10:08:10","13/3/2015 10:08:10"
"575","7324382","tb_track_set_trace57","13/3/2015 10:08:10","13/3/2015 10:08:10"
"576","626025535","tb_track_set_trace57","13/3/2015 10:08:10","13/3/2015 10:08:10"
"577","1494376954","tb_track_set_trace57","13/3/2015 10:08:10","13/3/2015 10:08:10"
"578","2197815306","tb_track_set_trace57","13/3/2015 10:08:10","13/3/2015 10:08:10"
"579","822881358","tb_track_set_trace57","13/3/2015 10:08:10","13/3/2015 10:08:10"
"580","1801184549","tb_track_set_trace57","13/3/2015 10:08:10","13/3/2015 10:08:10"
"581","283474852","tb_track_set_trace58","13/3/2015 10:08:10","13/3/2015 10:08:10"
"582","4039513837","tb_track_set_trace58","13/3/2015 10:08:10","13/3/2015 10:08:10"
"583","2820328943","tb_track_set_trace58","13/3/2015 10:08:10","13/3/2015 10:08:10"
"584","3479654345","tb_track_set_trace58","13/3/2015 10:08:10","13/3/2015 10:08:10"
"585","646651083","tb_track_set_trace58","13/3/2015 10:08:10","13/3/2015 10:08:10"
"586","1512183524","tb_track_set_trace58","13/3/2015 10:08:10","13/3/2015 10:08:10"
"587","559767892","tb_track_set_trace58","13/3/2015 10:08:10","13/3/2015 10:08:10"
"588","689530803","tb_track_set_trace58","13/3/2015 10:08:10","13/3/2015 10:08:10"
"589","1122082492","tb_track_set_trace58","13/3/2015 10:08:10","13/3/2015 10:08:10"
"590","2284053395","tb_track_set_trace58","13/3/2015 10:08:10","13/3/2015 10:08:10"
"591","2521215592","tb_track_set_trace59","13/3/2015 10:08:10","13/3/2015 10:08:10"
"592","2424410526","tb_track_set_trace59","13/3/2015 10:08:10","13/3/2015 10:08:10"
"593","3445790668","tb_track_set_trace59","13/3/2015 10:08:10","13/3/2015 10:08:10"
"594","3640780581","tb_track_set_trace59","13/3/2015 10:08:10","13/3/2015 10:08:10"
"595","1420937054","tb_track_set_trace59","13/3/2015 10:08:10","13/3/2015 10:08:10"
"596","2377373004","tb_track_set_trace59","13/3/2015 10:08:10","13/3/2015 10:08:10"
"597","1617288928","tb_track_set_trace59","13/3/2015 10:08:10","13/3/2015 10:08:10"
"598","1614272286","tb_track_set_trace59","13/3/2015 10:08:10","13/3/2015 10:08:10"
"599","2918010876","tb_track_set_trace59","13/3/2015 10:08:10","13/3/2015 10:08:10"
"600","1970371657","tb_track_set_trace59","13/3/2015 10:08:10","13/3/2015 10:08:10"
"601","1404983195","tb_track_set_trace60","13/3/2015 10:08:10","13/3/2015 10:08:10"
"602","1857564085","tb_track_set_trace60","13/3/2015 10:08:10","13/3/2015 10:08:10"
"603","4232757144","tb_track_set_trace60","13/3/2015 10:08:10","13/3/2015 10:08:10"
"604","4104298781","tb_track_set_trace60","13/3/2015 10:08:10","13/3/2015 10:08:10"
"605","198371344","tb_track_set_trace60","13/3/2015 10:08:10","13/3/2015 10:08:10"
"606","1819723188","tb_track_set_trace60","13/3/2015 10:08:10","13/3/2015 10:08:10"
"607","3120950695","tb_track_set_trace60","13/3/2015 10:08:10","13/3/2015 10:08:10"
"608","3173354397","tb_track_set_trace60","13/3/2015 10:08:10","13/3/2015 10:08:10"
"609","891642685","tb_track_set_trace60","13/3/2015 10:08:10","13/3/2015 10:08:10"
"610","3624783787","tb_track_set_trace60","13/3/2015 10:08:10","13/3/2015 10:08:10"
"611","2527433727","tb_track_set_trace61","13/3/2015 10:08:10","13/3/2015 10:08:10"
"612","536515285","tb_track_set_trace61","13/3/2015 10:08:10","13/3/2015 10:08:10"
"613","503616309","tb_track_set_trace61","13/3/2015 10:08:10","13/3/2015 10:08:10"
"614","362424791","tb_track_set_trace61","13/3/2015 10:08:10","13/3/2015 10:08:10"
"615","1042156575","tb_track_set_trace61","13/3/2015 10:08:10","13/3/2015 10:08:10"
"616","2869823314","tb_track_set_trace61","13/3/2015 10:08:10","13/3/2015 10:08:10"
"617","3150241984","tb_track_set_trace61","13/3/2015 10:08:10","13/3/2015 10:08:10"
"618","3138328281","tb_track_set_trace61","13/3/2015 10:08:10","13/3/2015 10:08:10"
"619","91598199","tb_track_set_trace61","13/3/2015 10:08:10","13/3/2015 10:08:10"
"620","1900002333","tb_track_set_trace61","13/3/2015 10:08:10","13/3/2015 10:08:10"
"621","1767432596","tb_track_set_trace62","13/3/2015 10:08:10","13/3/2015 10:08:10"
"622","585329957","tb_track_set_trace62","13/3/2015 10:08:10","13/3/2015 10:08:10"
"623","105202909","tb_track_set_trace62","13/3/2015 10:08:10","13/3/2015 10:08:10"
"624","605601403","tb_track_set_trace62","13/3/2015 10:08:10","13/3/2015 10:08:10"
"625","3004188072","tb_track_set_trace62","13/3/2015 10:08:10","13/3/2015 10:08:10"
"626","2017807654","tb_track_set_trace62","13/3/2015 10:08:10","13/3/2015 10:08:10"
"627","2241542022","tb_track_set_trace62","13/3/2015 10:08:10","13/3/2015 10:08:10"
"628","340239128","tb_track_set_trace62","13/3/2015 10:08:10","13/3/2015 10:08:10"
"629","2549455783","tb_track_set_trace62","13/3/2015 10:08:10","13/3/2015 10:08:10"
"630","3540690288","tb_track_set_trace62","13/3/2015 10:08:10","13/3/2015 10:08:10"
"631","3459854946","tb_track_set_trace63","13/3/2015 10:08:10","13/3/2015 10:08:10"
"632","4191417740","tb_track_set_trace63","13/3/2015 10:08:10","13/3/2015 10:08:10"
"633","1352091209","tb_track_set_trace63","13/3/2015 10:08:10","13/3/2015 10:08:10"
"634","3646894176","tb_track_set_trace63","13/3/2015 10:08:10","13/3/2015 10:08:10"
"635","236098187","tb_track_set_trace63","13/3/2015 10:08:10","13/3/2015 10:08:10"
"636","4058703130","tb_track_set_trace63","13/3/2015 10:08:10","13/3/2015 10:08:10"
"637","2693267644","tb_track_set_trace63","13/3/2015 10:08:10","13/3/2015 10:08:10"
"638","3110486215","tb_track_set_trace63","13/3/2015 10:08:10","13/3/2015 10:08:10"
"639","3643900175","tb_track_set_trace63","13/3/2015 10:08:10","13/3/2015 10:08:10"
"640","561869698","tb_track_set_trace63","13/3/2015 10:08:10","13/3/2015 10:08:10"
"641","2686241886","tb_track_set_trace64","13/3/2015 10:08:10","13/3/2015 10:08:10"
"642","1090342992","tb_track_set_trace64","13/3/2015 10:08:10","13/3/2015 10:08:10"
"643","3024202514","tb_track_set_trace64","13/3/2015 10:08:10","13/3/2015 10:08:10"
"644","1040691133","tb_track_set_trace64","13/3/2015 10:08:10","13/3/2015 10:08:10"
"645","750361770","tb_track_set_trace64","13/3/2015 10:08:10","13/3/2015 10:08:10"
"646","1536899161","tb_track_set_trace64","13/3/2015 10:08:10","13/3/2015 10:08:10"
"647","1299717341","tb_track_set_trace64","13/3/2015 10:08:10","13/3/2015 10:08:10"
"648","1386183314","tb_track_set_trace64","13/3/2015 10:08:10","13/3/2015 10:08:10"
"649","1703201336","tb_track_set_trace64","13/3/2015 10:08:10","13/3/2015 10:08:10"
"650","3107113132","tb_track_set_trace64","13/3/2015 10:08:10","13/3/2015 10:08:10"
"651","2374388631","tb_track_set_trace65","13/3/2015 10:08:10","13/3/2015 10:08:10"
"652","1147841688","tb_track_set_trace65","13/3/2015 10:08:10","13/3/2015 10:08:10"
"653","3485051753","tb_track_set_trace65","13/3/2015 10:08:10","13/3/2015 10:08:10"
"654","3245670796","tb_track_set_trace65","13/3/2015 10:08:10","13/3/2015 10:08:10"
"655","650038191","tb_track_set_trace65","13/3/2015 10:08:10","13/3/2015 10:08:10"
"656","3149013872","tb_track_set_trace65","13/3/2015 10:08:10","13/3/2015 10:08:10"
"657","1674374135","tb_track_set_trace65","13/3/2015 10:08:10","13/3/2015 10:08:10"
"658","3628925611","tb_track_set_trace65","13/3/2015 10:08:10","13/3/2015 10:08:10"
"659","1806518962","tb_track_set_trace65","13/3/2015 10:08:10","13/3/2015 10:08:10"
"660","4025500633","tb_track_set_trace65","13/3/2015 10:08:10","13/3/2015 10:08:10"
"661","693985595","tb_track_set_trace66","13/3/2015 10:08:10","13/3/2015 10:08:10"
"662","3294314315","tb_track_set_trace66","13/3/2015 10:08:10","13/3/2015 10:08:10"
"663","1295408805","tb_track_set_trace66","13/3/2015 10:08:10","13/3/2015 10:08:10"
"664","1645373684","tb_track_set_trace66","13/3/2015 10:08:10","13/3/2015 10:08:10"
"665","200828289","tb_track_set_trace66","13/3/2015 10:08:10","13/3/2015 10:08:10"
"666","1710731312","tb_track_set_trace66","13/3/2015 10:08:10","13/3/2015 10:08:10"
"667","2855296611","tb_track_set_trace66","13/3/2015 10:08:10","13/3/2015 10:08:10"
"668","1954972095","tb_track_set_trace66","13/3/2015 10:08:10","13/3/2015 10:08:10"
"669","725523191","tb_track_set_trace66","13/3/2015 10:08:10","13/3/2015 10:08:10"
"670","1344691949","tb_track_set_trace66","13/3/2015 10:08:10","13/3/2015 10:08:10"
"671","1526254582","tb_track_set_trace67","13/3/2015 10:08:10","13/3/2015 10:08:10"
"672","3003803024","tb_track_set_trace67","13/3/2015 10:08:10","13/3/2015 10:08:10"
"673","839388357","tb_track_set_trace67","13/3/2015 10:08:10","13/3/2015 10:08:10"
"674","1624862458","tb_track_set_trace67","13/3/2015 10:08:10","13/3/2015 10:08:10"
"675","1788961739","tb_track_set_trace67","13/3/2015 10:08:10","13/3/2015 10:08:10"
"676","2162182724","tb_track_set_trace67","13/3/2015 10:08:10","13/3/2015 10:08:10"
"677","3907057660","tb_track_set_trace67","13/3/2015 10:08:10","13/3/2015 10:08:10"
"678","3067100189","tb_track_set_trace67","13/3/2015 10:08:10","13/3/2015 10:08:10"
"679","2373180671","tb_track_set_trace67","13/3/2015 10:08:10","13/3/2015 10:08:10"
"680","3205301058","tb_track_set_trace67","13/3/2015 10:08:10","13/3/2015 10:08:10"
"681","1751643431","tb_track_set_trace68","13/3/2015 10:08:10","13/3/2015 10:08:10"
"682","914510328","tb_track_set_trace68","13/3/2015 10:08:10","13/3/2015 10:08:10"
"683","2132007392","tb_track_set_trace68","13/3/2015 10:08:10","13/3/2015 10:08:10"
"684","1984223215","tb_track_set_trace68","13/3/2015 10:08:10","13/3/2015 10:08:10"
"685","4018861430","tb_track_set_trace68","13/3/2015 10:08:10","13/3/2015 10:08:10"
"686","3453295540","tb_track_set_trace68","13/3/2015 10:08:10","13/3/2015 10:08:10"
"687","650173500","tb_track_set_trace68","13/3/2015 10:08:10","13/3/2015 10:08:10"
"688","2691929821","tb_track_set_trace68","13/3/2015 10:08:10","13/3/2015 10:08:10"
"689","3436243228","tb_track_set_trace68","13/3/2015 10:08:10","13/3/2015 10:08:10"
"690","3454970201","tb_track_set_trace68","13/3/2015 10:08:10","13/3/2015 10:08:10"
"691","1732459648","tb_track_set_trace69","13/3/2015 10:08:10","13/3/2015 10:08:10"
"692","768629601","tb_track_set_trace69","13/3/2015 10:08:10","13/3/2015 10:08:10"
"693","1803829497","tb_track_set_trace69","13/3/2015 10:08:10","13/3/2015 10:08:10"
"694","64340836","tb_track_set_trace69","13/3/2015 10:08:10","13/3/2015 10:08:10"
"695","2405255086","tb_track_set_trace69","13/3/2015 10:08:10","13/3/2015 10:08:10"
"696","327503919","tb_track_set_trace69","13/3/2015 10:08:10","13/3/2015 10:08:10"
"697","2107342344","tb_track_set_trace69","13/3/2015 10:08:10","13/3/2015 10:08:10"
"698","1527413117","tb_track_set_trace69","13/3/2015 10:08:10","13/3/2015 10:08:10"
"699","4083497676","tb_track_set_trace69","13/3/2015 10:08:10","13/3/2015 10:08:10"
"700","463099820","tb_track_set_trace69","13/3/2015 10:08:10","13/3/2015 10:08:10"
"701","3050411505","tb_track_set_trace70","13/3/2015 10:08:10","13/3/2015 10:08:10"
"702","349847850","tb_track_set_trace70","13/3/2015 10:08:10","13/3/2015 10:08:10"
"703","4108928579","tb_track_set_trace70","13/3/2015 10:08:10","13/3/2015 10:08:10"
"704","1630518326","tb_track_set_trace70","13/3/2015 10:08:10","13/3/2015 10:08:10"
"705","2985284112","tb_track_set_trace70","13/3/2015 10:08:10","13/3/2015 10:08:10"
"706","1365805275","tb_track_set_trace70","13/3/2015 10:08:10","13/3/2015 10:08:10"
"707","4140049730","tb_track_set_trace70","13/3/2015 10:08:10","13/3/2015 10:08:10"
"708","1316909263","tb_track_set_trace70","13/3/2015 10:08:10","13/3/2015 10:08:10"
"709","1580512106","tb_track_set_trace70","13/3/2015 10:08:10","13/3/2015 10:08:10"
"710","1700331706","tb_track_set_trace70","13/3/2015 10:08:10","13/3/2015 10:08:10"
"711","2641454217","tb_track_set_trace71","13/3/2015 10:08:10","13/3/2015 10:08:10"
"712","90465882","tb_track_set_trace71","13/3/2015 10:08:10","13/3/2015 10:08:10"
"713","724852435","tb_track_set_trace71","13/3/2015 10:08:10","13/3/2015 10:08:10"
"714","2142345820","tb_track_set_trace71","13/3/2015 10:08:10","13/3/2015 10:08:10"
"715","1869945834","tb_track_set_trace71","13/3/2015 10:08:10","13/3/2015 10:08:10"
"716","1464296558","tb_track_set_trace71","13/3/2015 10:08:10","13/3/2015 10:08:10"
"717","1968168013","tb_track_set_trace71","13/3/2015 10:08:10","13/3/2015 10:08:10"
"718","4070941467","tb_track_set_trace71","13/3/2015 10:08:10","13/3/2015 10:08:10"
"719","181165580","tb_track_set_trace71","13/3/2015 10:08:10","13/3/2015 10:08:10"
"720","1282184297","tb_track_set_trace71","13/3/2015 10:08:10","13/3/2015 10:08:10"
"721","1609839452","tb_track_set_trace72","13/3/2015 10:08:10","13/3/2015 10:08:10"
"722","2156737016","tb_track_set_trace72","13/3/2015 10:08:10","13/3/2015 10:08:10"
"723","897412238","tb_track_set_trace72","13/3/2015 10:08:10","13/3/2015 10:08:10"
"724","3979556627","tb_track_set_trace72","13/3/2015 10:08:10","13/3/2015 10:08:10"
"725","3133756436","tb_track_set_trace72","13/3/2015 10:08:10","13/3/2015 10:08:10"
"726","901492315","tb_track_set_trace72","13/3/2015 10:08:10","13/3/2015 10:08:10"
"727","1715629378","tb_track_set_trace72","13/3/2015 10:08:10","13/3/2015 10:08:10"
"728","3377061541","tb_track_set_trace72","13/3/2015 10:08:10","13/3/2015 10:08:10"
"729","733718514","tb_track_set_trace72","13/3/2015 10:08:10","13/3/2015 10:08:10"
"730","1876943624","tb_track_set_trace72","13/3/2015 10:08:10","13/3/2015 10:08:10"
"731","3319882199","tb_track_set_trace73","13/3/2015 10:08:10","13/3/2015 10:08:10"
"732","1270607002","tb_track_set_trace73","13/3/2015 10:08:10","13/3/2015 10:08:10"
"733","3920598225","tb_track_set_trace73","13/3/2015 10:08:10","13/3/2015 10:08:10"
"734","2247776677","tb_track_set_trace73","13/3/2015 10:08:10","13/3/2015 10:08:10"
"735","3080315453","tb_track_set_trace73","13/3/2015 10:08:10","13/3/2015 10:08:10"
"736","4219536835","tb_track_set_trace73","13/3/2015 10:08:10","13/3/2015 10:08:10"
"737","46382776","tb_track_set_trace73","13/3/2015 10:08:10","13/3/2015 10:08:10"
"738","1210477971","tb_track_set_trace73","13/3/2015 10:08:10","13/3/2015 10:08:10"
"739","1968877916","tb_track_set_trace73","13/3/2015 10:08:10","13/3/2015 10:08:10"
"740","3336134786","tb_track_set_trace73","13/3/2015 10:08:10","13/3/2015 10:08:10"
"741","2400153471","tb_track_set_trace74","13/3/2015 10:08:10","13/3/2015 10:08:10"
"742","2125013903","tb_track_set_trace74","13/3/2015 10:08:10","13/3/2015 10:08:10"
"743","2845349107","tb_track_set_trace74","13/3/2015 10:08:10","13/3/2015 10:08:10"
"744","783116838","tb_track_set_trace74","13/3/2015 10:08:10","13/3/2015 10:08:10"
"745","2596372182","tb_track_set_trace74","13/3/2015 10:08:10","13/3/2015 10:08:10"
"746","3384270734","tb_track_set_trace74","13/3/2015 10:08:10","13/3/2015 10:08:10"
"747","4193233118","tb_track_set_trace74","13/3/2015 10:08:10","13/3/2015 10:08:10"
"748","526584571","tb_track_set_trace74","13/3/2015 10:08:10","13/3/2015 10:08:10"
"749","2761416343","tb_track_set_trace74","13/3/2015 10:08:10","13/3/2015 10:08:10"
"750","1068606350","tb_track_set_trace74","13/3/2015 10:08:10","13/3/2015 10:08:10"
"751","2189422619","tb_track_set_trace75","13/3/2015 10:08:10","13/3/2015 10:08:10"
"752","1494876965","tb_track_set_trace75","13/3/2015 10:08:10","13/3/2015 10:08:10"
"753","2780939141","tb_track_set_trace75","13/3/2015 10:08:10","13/3/2015 10:08:10"
"754","3750516271","tb_track_set_trace75","13/3/2015 10:08:10","13/3/2015 10:08:10"
"755","2586879877","tb_track_set_trace75","13/3/2015 10:08:10","13/3/2015 10:08:10"
"756","2878627160","tb_track_set_trace75","13/3/2015 10:08:10","13/3/2015 10:08:10"
"757","3910100374","tb_track_set_trace75","13/3/2015 10:08:10","13/3/2015 10:08:10"
"758","2146581630","tb_track_set_trace75","13/3/2015 10:08:10","13/3/2015 10:08:10"
"759","2468862876","tb_track_set_trace75","13/3/2015 10:08:10","13/3/2015 10:08:10"
"760","2309147773","tb_track_set_trace75","13/3/2015 10:08:10","13/3/2015 10:08:10"
"761","612971345","tb_track_set_trace76","13/3/2015 10:08:10","13/3/2015 10:08:10"
"762","185317291","tb_track_set_trace76","13/3/2015 10:08:10","13/3/2015 10:08:10"
"763","2602981758","tb_track_set_trace76","13/3/2015 10:08:10","13/3/2015 10:08:10"
"764","1193985564","tb_track_set_trace76","13/3/2015 10:08:10","13/3/2015 10:08:10"
"765","1231607689","tb_track_set_trace76","13/3/2015 10:08:10","13/3/2015 10:08:10"
"766","3024651644","tb_track_set_trace76","13/3/2015 10:08:10","13/3/2015 10:08:10"
"767","1057593131","tb_track_set_trace76","13/3/2015 10:08:10","13/3/2015 10:08:10"
"768","2347973924","tb_track_set_trace76","13/3/2015 10:08:10","13/3/2015 10:08:10"
"769","852970617","tb_track_set_trace76","13/3/2015 10:08:10","13/3/2015 10:08:10"
"770","77170253","tb_track_set_trace76","13/3/2015 10:08:10","13/3/2015 10:08:10"
"771","715684955","tb_track_set_trace77","13/3/2015 10:08:10","13/3/2015 10:08:10"
"772","2602505169","tb_track_set_trace77","13/3/2015 10:08:10","13/3/2015 10:08:10"
"773","2488452758","tb_track_set_trace77","13/3/2015 10:08:10","13/3/2015 10:08:10"
"774","3789217603","tb_track_set_trace77","13/3/2015 10:08:10","13/3/2015 10:08:10"
"775","110772551","tb_track_set_trace77","13/3/2015 10:08:10","13/3/2015 10:08:10"
"776","713418385","tb_track_set_trace77","13/3/2015 10:08:10","13/3/2015 10:08:10"
"777","3547462980","tb_track_set_trace77","13/3/2015 10:08:10","13/3/2015 10:08:10"
"778","3110969446","tb_track_set_trace77","13/3/2015 10:08:10","13/3/2015 10:08:10"
"779","895449047","tb_track_set_trace77","13/3/2015 10:08:10","13/3/2015 10:08:10"
"780","2747704469","tb_track_set_trace77","13/3/2015 10:08:10","13/3/2015 10:08:10"
"781","149543086","tb_track_set_trace78","13/3/2015 10:08:10","13/3/2015 10:08:10"
"782","3931252699","tb_track_set_trace78","13/3/2015 10:08:10","13/3/2015 10:08:10"
"783","724109896","tb_track_set_trace78","13/3/2015 10:08:10","13/3/2015 10:08:10"
"784","901449314","tb_track_set_trace78","13/3/2015 10:08:10","13/3/2015 10:08:10"
"785","3568205829","tb_track_set_trace78","13/3/2015 10:08:10","13/3/2015 10:08:10"
"786","2373716158","tb_track_set_trace78","13/3/2015 10:08:10","13/3/2015 10:08:10"
"787","155605972","tb_track_set_trace78","13/3/2015 10:08:10","13/3/2015 10:08:10"
"788","2429448577","tb_track_set_trace78","13/3/2015 10:08:10","13/3/2015 10:08:10"
"789","2625502421","tb_track_set_trace78","13/3/2015 10:08:10","13/3/2015 10:08:10"
"790","1595110046","tb_track_set_trace78","13/3/2015 10:08:10","13/3/2015 10:08:10"
"791","591603520","tb_track_set_trace79","13/3/2015 10:08:10","13/3/2015 10:08:10"
"792","2402716916","tb_track_set_trace79","13/3/2015 10:08:10","13/3/2015 10:08:10"
"793","1802866428","tb_track_set_trace79","13/3/2015 10:08:10","13/3/2015 10:08:10"
"794","1579711072","tb_track_set_trace79","13/3/2015 10:08:10","13/3/2015 10:08:10"
"795","1009182516","tb_track_set_trace79","13/3/2015 10:08:10","13/3/2015 10:08:10"
"796","1297761144","tb_track_set_trace79","13/3/2015 10:08:10","13/3/2015 10:08:10"
"797","1179052389","tb_track_set_trace79","13/3/2015 10:08:10","13/3/2015 10:08:10"
"798","2090371379","tb_track_set_trace79","13/3/2015 10:08:10","13/3/2015 10:08:10"
"799","2024544578","tb_track_set_trace79","13/3/2015 10:08:10","13/3/2015 10:08:10"
"800","3508179543","tb_track_set_trace79","13/3/2015 10:08:10","13/3/2015 10:08:10"
"801","806185459","tb_track_set_trace80","13/3/2015 10:08:10","13/3/2015 10:08:10"
"802","2193786056","tb_track_set_trace80","13/3/2015 10:08:10","13/3/2015 10:08:10"
"803","2342452064","tb_track_set_trace80","13/3/2015 10:08:10","13/3/2015 10:08:10"
"804","2074624987","tb_track_set_trace80","13/3/2015 10:08:10","13/3/2015 10:08:10"
"805","1254415705","tb_track_set_trace80","13/3/2015 10:08:10","13/3/2015 10:08:10"
"806","946823084","tb_track_set_trace80","13/3/2015 10:08:10","13/3/2015 10:08:10"
"807","1445073820","tb_track_set_trace80","13/3/2015 10:08:10","13/3/2015 10:08:10"
"808","3899376998","tb_track_set_trace80","13/3/2015 10:08:10","13/3/2015 10:08:10"
"809","2201427212","tb_track_set_trace80","13/3/2015 10:08:10","13/3/2015 10:08:10"
"810","547631455","tb_track_set_trace80","13/3/2015 10:08:10","13/3/2015 10:08:10"
"811","3665173037","tb_track_set_trace81","13/3/2015 10:08:10","13/3/2015 10:08:10"
"812","2022763156","tb_track_set_trace81","13/3/2015 10:08:10","13/3/2015 10:08:10"
"813","3777636915","tb_track_set_trace81","13/3/2015 10:08:10","13/3/2015 10:08:10"
"814","3657316315","tb_track_set_trace81","13/3/2015 10:08:10","13/3/2015 10:08:10"
"815","1705824592","tb_track_set_trace81","13/3/2015 10:08:10","13/3/2015 10:08:10"
"816","1843451839","tb_track_set_trace81","13/3/2015 10:08:10","13/3/2015 10:08:10"
"817","1036257794","tb_track_set_trace81","13/3/2015 10:08:10","13/3/2015 10:08:10"
"818","587597566","tb_track_set_trace81","13/3/2015 10:08:10","13/3/2015 10:08:10"
"819","52513031","tb_track_set_trace81","13/3/2015 10:08:10","13/3/2015 10:08:10"
"820","2041475087","tb_track_set_trace81","13/3/2015 10:08:10","13/3/2015 10:08:10"
"821","3009125425","tb_track_set_trace82","13/3/2015 10:08:10","13/3/2015 10:08:10"
"822","3291464246","tb_track_set_trace82","13/3/2015 10:08:10","13/3/2015 10:08:10"
"823","3036769620","tb_track_set_trace82","13/3/2015 10:08:10","13/3/2015 10:08:10"
"824","1203837930","tb_track_set_trace82","13/3/2015 10:08:10","13/3/2015 10:08:10"
"825","476961437","tb_track_set_trace82","13/3/2015 10:08:10","13/3/2015 10:08:10"
"826","4214100243","tb_track_set_trace82","13/3/2015 10:08:10","13/3/2015 10:08:10"
"827","2747123735","tb_track_set_trace82","13/3/2015 10:08:10","13/3/2015 10:08:10"
"828","2830675595","tb_track_set_trace82","13/3/2015 10:08:10","13/3/2015 10:08:10"
"829","4292312828","tb_track_set_trace82","13/3/2015 10:08:10","13/3/2015 10:08:10"
"830","3093899469","tb_track_set_trace82","13/3/2015 10:08:10","13/3/2015 10:08:10"
"831","2517701685","tb_track_set_trace83","13/3/2015 10:08:10","13/3/2015 10:08:10"
"832","3038271737","tb_track_set_trace83","13/3/2015 10:08:10","13/3/2015 10:08:10"
"833","1262529182","tb_track_set_trace83","13/3/2015 10:08:10","13/3/2015 10:08:10"
"834","4271856562","tb_track_set_trace83","13/3/2015 10:08:10","13/3/2015 10:08:10"
"835","2536078433","tb_track_set_trace83","13/3/2015 10:08:10","13/3/2015 10:08:10"
"836","1272575684","tb_track_set_trace83","13/3/2015 10:08:10","13/3/2015 10:08:10"
"837","387324861","tb_track_set_trace83","13/3/2015 10:08:10","13/3/2015 10:08:10"
"838","1893889769","tb_track_set_trace83","13/3/2015 10:08:10","13/3/2015 10:08:10"
"839","507658306","tb_track_set_trace83","13/3/2015 10:08:10","13/3/2015 10:08:10"
"840","2828398698","tb_track_set_trace83","13/3/2015 10:08:10","13/3/2015 10:08:10"
"841","4201558354","tb_track_set_trace84","13/3/2015 10:08:10","13/3/2015 10:08:10"
"842","1562455441","tb_track_set_trace84","13/3/2015 10:08:10","13/3/2015 10:08:10"
"843","1598052547","tb_track_set_trace84","13/3/2015 10:08:10","13/3/2015 10:08:10"
"844","1398956441","tb_track_set_trace84","13/3/2015 10:08:10","13/3/2015 10:08:10"
"845","45675541","tb_track_set_trace84","13/3/2015 10:08:10","13/3/2015 10:08:10"
"846","3596824989","tb_track_set_trace84","13/3/2015 10:08:10","13/3/2015 10:08:10"
"847","559072550","tb_track_set_trace84","13/3/2015 10:08:10","13/3/2015 10:08:10"
"848","1386046243","tb_track_set_trace84","13/3/2015 10:08:10","13/3/2015 10:08:10"
"849","3243633526","tb_track_set_trace84","13/3/2015 10:08:10","13/3/2015 10:08:10"
"850","1372922392","tb_track_set_trace84","13/3/2015 10:08:10","13/3/2015 10:08:10"
"851","1456720757","tb_track_set_trace85","13/3/2015 10:08:10","13/3/2015 10:08:10"
"852","744677069","tb_track_set_trace85","13/3/2015 10:08:10","13/3/2015 10:08:10"
"853","4167547618","tb_track_set_trace85","13/3/2015 10:08:10","13/3/2015 10:08:10"
"854","128849621","tb_track_set_trace85","13/3/2015 10:08:10","13/3/2015 10:08:10"
"855","4165958257","tb_track_set_trace85","13/3/2015 10:08:10","13/3/2015 10:08:10"
"856","777778782","tb_track_set_trace85","13/3/2015 10:08:10","13/3/2015 10:08:10"
"857","682038642","tb_track_set_trace85","13/3/2015 10:08:10","13/3/2015 10:08:10"
"858","2551167578","tb_track_set_trace85","13/3/2015 10:08:10","13/3/2015 10:08:10"
"859","3185994530","tb_track_set_trace85","13/3/2015 10:08:10","13/3/2015 10:08:10"
"860","748844777","tb_track_set_trace85","13/3/2015 10:08:10","13/3/2015 10:08:10"
"861","2509730362","tb_track_set_trace86","13/3/2015 10:08:10","13/3/2015 10:08:10"
"862","3783752017","tb_track_set_trace86","13/3/2015 10:08:10","13/3/2015 10:08:10"
"863","3436941603","tb_track_set_trace86","13/3/2015 10:08:10","13/3/2015 10:08:10"
"864","3065441986","tb_track_set_trace86","13/3/2015 10:08:10","13/3/2015 10:08:10"
"865","3889221871","tb_track_set_trace86","13/3/2015 10:08:10","13/3/2015 10:08:10"
"866","974546113","tb_track_set_trace86","13/3/2015 10:08:10","13/3/2015 10:08:10"
"867","4076338529","tb_track_set_trace86","13/3/2015 10:08:10","13/3/2015 10:08:10"
"868","501880783","tb_track_set_trace86","13/3/2015 10:08:10","13/3/2015 10:08:10"
"869","1516565943","tb_track_set_trace86","13/3/2015 10:08:10","13/3/2015 10:08:10"
"870","4020696174","tb_track_set_trace86","13/3/2015 10:08:10","13/3/2015 10:08:10"
"871","3116588218","tb_track_set_trace87","13/3/2015 10:08:10","13/3/2015 10:08:10"
"872","2043836855","tb_track_set_trace87","13/3/2015 10:08:10","13/3/2015 10:08:10"
"873","3503789500","tb_track_set_trace87","13/3/2015 10:08:10","13/3/2015 10:08:10"
"874","625758315","tb_track_set_trace87","13/3/2015 10:08:10","13/3/2015 10:08:10"
"875","4138219685","tb_track_set_trace87","13/3/2015 10:08:10","13/3/2015 10:08:10"
"876","2592785489","tb_track_set_trace87","13/3/2015 10:08:10","13/3/2015 10:08:10"
"877","2077927426","tb_track_set_trace87","13/3/2015 10:08:10","13/3/2015 10:08:10"
"878","4288975096","tb_track_set_trace87","13/3/2015 10:08:10","13/3/2015 10:08:10"
"879","1913760564","tb_track_set_trace87","13/3/2015 10:08:10","13/3/2015 10:08:10"
"880","3483520475","tb_track_set_trace87","13/3/2015 10:08:10","13/3/2015 10:08:10"
"881","1556356257","tb_track_set_trace88","13/3/2015 10:08:10","13/3/2015 10:08:10"
"882","1151542350","tb_track_set_trace88","13/3/2015 10:08:10","13/3/2015 10:08:10"
"883","3096697786","tb_track_set_trace88","13/3/2015 10:08:10","13/3/2015 10:08:10"
"884","3045678441","tb_track_set_trace88","13/3/2015 10:08:10","13/3/2015 10:08:10"
"885","4209378890","tb_track_set_trace88","13/3/2015 10:08:10","13/3/2015 10:08:10"
"886","1794022211","tb_track_set_trace88","13/3/2015 10:08:10","13/3/2015 10:08:10"
"887","2673303057","tb_track_set_trace88","13/3/2015 10:08:10","13/3/2015 10:08:10"
"888","1424281489","tb_track_set_trace88","13/3/2015 10:08:10","13/3/2015 10:08:10"
"889","131013838","tb_track_set_trace88","13/3/2015 10:08:10","13/3/2015 10:08:10"
"890","2957670627","tb_track_set_trace88","13/3/2015 10:08:10","13/3/2015 10:08:10"
"891","248262365","tb_track_set_trace89","13/3/2015 10:08:10","13/3/2015 10:08:10"
"892","2049773724","tb_track_set_trace89","13/3/2015 10:08:10","13/3/2015 10:08:10"
"893","4075387116","tb_track_set_trace89","13/3/2015 10:08:10","13/3/2015 10:08:10"
"894","2196991422","tb_track_set_trace89","13/3/2015 10:08:10","13/3/2015 10:08:10"
"895","1901237872","tb_track_set_trace89","13/3/2015 10:08:10","13/3/2015 10:08:10"
"896","1645632649","tb_track_set_trace89","13/3/2015 10:08:10","13/3/2015 10:08:10"
"897","1230576622","tb_track_set_trace89","13/3/2015 10:08:10","13/3/2015 10:08:10"
"898","1447659571","tb_track_set_trace89","13/3/2015 10:08:10","13/3/2015 10:08:10"
"899","787522119","tb_track_set_trace89","13/3/2015 10:08:10","13/3/2015 10:08:10"
"900","2448568618","tb_track_set_trace89","13/3/2015 10:08:10","13/3/2015 10:08:10"
"901","1653048243","tb_track_set_trace90","13/3/2015 10:08:10","13/3/2015 10:08:10"
"902","1459114812","tb_track_set_trace90","13/3/2015 10:08:10","13/3/2015 10:08:10"
"903","4024952712","tb_track_set_trace90","13/3/2015 10:08:10","13/3/2015 10:08:10"
"904","2532171336","tb_track_set_trace90","13/3/2015 10:08:10","13/3/2015 10:08:10"
"905","3859885011","tb_track_set_trace90","13/3/2015 10:08:10","13/3/2015 10:08:10"
"906","3504146933","tb_track_set_trace90","13/3/2015 10:08:10","13/3/2015 10:08:10"
"907","678345803","tb_track_set_trace90","13/3/2015 10:08:10","13/3/2015 10:08:10"
"908","2392702544","tb_track_set_trace90","13/3/2015 10:08:10","13/3/2015 10:08:10"
"909","2244740399","tb_track_set_trace90","13/3/2015 10:08:10","13/3/2015 10:08:10"
"910","315139732","tb_track_set_trace90","13/3/2015 10:08:10","13/3/2015 10:08:10"
"911","1026572236","tb_track_set_trace91","13/3/2015 10:08:10","13/3/2015 10:08:10"
"912","1988580234","tb_track_set_trace91","13/3/2015 10:08:10","13/3/2015 10:08:10"
"913","3477865375","tb_track_set_trace91","13/3/2015 10:08:10","13/3/2015 10:08:10"
"914","3610435180","tb_track_set_trace91","13/3/2015 10:08:10","13/3/2015 10:08:10"
"915","2466780851","tb_track_set_trace91","13/3/2015 10:08:10","13/3/2015 10:08:10"
"916","4060310857","tb_track_set_trace91","13/3/2015 10:08:10","13/3/2015 10:08:10"
"917","1745577915","tb_track_set_trace91","13/3/2015 10:08:10","13/3/2015 10:08:10"
"918","214794205","tb_track_set_trace91","13/3/2015 10:08:10","13/3/2015 10:08:10"
"919","2924464595","tb_track_set_trace91","13/3/2015 10:08:10","13/3/2015 10:08:10"
"920","559993313","tb_track_set_trace91","13/3/2015 10:08:10","13/3/2015 10:08:10"
"921","4002101043","tb_track_set_trace92","13/3/2015 10:08:10","13/3/2015 10:08:10"
"922","3873354770","tb_track_set_trace92","13/3/2015 10:08:10","13/3/2015 10:08:10"
"923","3587821782","tb_track_set_trace92","13/3/2015 10:08:10","13/3/2015 10:08:10"
"924","2833320701","tb_track_set_trace92","13/3/2015 10:08:10","13/3/2015 10:08:10"
"925","163118023","tb_track_set_trace92","13/3/2015 10:08:10","13/3/2015 10:08:10"
"926","1575087461","tb_track_set_trace92","13/3/2015 10:08:10","13/3/2015 10:08:10"
"927","129226451","tb_track_set_trace92","13/3/2015 10:08:10","13/3/2015 10:08:10"
"928","1530195368","tb_track_set_trace92","13/3/2015 10:08:10","13/3/2015 10:08:10"
"929","3922920787","tb_track_set_trace92","13/3/2015 10:08:10","13/3/2015 10:08:10"
"930","745510924","tb_track_set_trace92","13/3/2015 10:08:10","13/3/2015 10:08:10"
"931","1675215174","tb_track_set_trace93","13/3/2015 10:08:10","13/3/2015 10:08:10"
"932","926783929","tb_track_set_trace93","13/3/2015 10:08:10","13/3/2015 10:08:10"
"933","3031484098","tb_track_set_trace93","13/3/2015 10:08:10","13/3/2015 10:08:10"
"934","2137825755","tb_track_set_trace93","13/3/2015 10:08:10","13/3/2015 10:08:10"
"935","3854545487","tb_track_set_trace93","13/3/2015 10:08:10","13/3/2015 10:08:10"
"936","2652722188","tb_track_set_trace93","13/3/2015 10:08:10","13/3/2015 10:08:10"
"937","3216518261","tb_track_set_trace93","13/3/2015 10:08:10","13/3/2015 10:08:10"
"938","3738018360","tb_track_set_trace93","13/3/2015 10:08:10","13/3/2015 10:08:10"
"939","4066801203","tb_track_set_trace93","13/3/2015 10:08:10","13/3/2015 10:08:10"
"940","3104594027","tb_track_set_trace93","13/3/2015 10:08:10","13/3/2015 10:08:10"
"941","1604689452","tb_track_set_trace94","13/3/2015 10:08:10","13/3/2015 10:08:10"
"942","4012115065","tb_track_set_trace94","13/3/2015 10:08:10","13/3/2015 10:08:10"
"943","3403123107","tb_track_set_trace94","13/3/2015 10:08:10","13/3/2015 10:08:10"
"944","4273230440","tb_track_set_trace94","13/3/2015 10:08:10","13/3/2015 10:08:10"
"945","3453545743","tb_track_set_trace94","13/3/2015 10:08:10","13/3/2015 10:08:10"
"946","677248498","tb_track_set_trace94","13/3/2015 10:08:10","13/3/2015 10:08:10"
"947","815010282","tb_track_set_trace94","13/3/2015 10:08:10","13/3/2015 10:08:10"
"948","595192295","tb_track_set_trace94","13/3/2015 10:08:10","13/3/2015 10:08:10"
"949","1477259123","tb_track_set_trace94","13/3/2015 10:08:10","13/3/2015 10:08:10"
"950","4282199624","tb_track_set_trace94","13/3/2015 10:08:10","13/3/2015 10:08:10"
"951","2745388973","tb_track_set_trace95","13/3/2015 10:08:10","13/3/2015 10:08:10"
"952","4287238332","tb_track_set_trace95","13/3/2015 10:08:10","13/3/2015 10:08:10"
"953","1085423360","tb_track_set_trace95","13/3/2015 10:08:10","13/3/2015 10:08:10"
"954","4106228613","tb_track_set_trace95","13/3/2015 10:08:10","13/3/2015 10:08:10"
"955","3615389796","tb_track_set_trace95","13/3/2015 10:08:10","13/3/2015 10:08:10"
"956","1456579531","tb_track_set_trace95","13/3/2015 10:08:10","13/3/2015 10:08:10"
"957","966912542","tb_track_set_trace95","13/3/2015 10:08:10","13/3/2015 10:08:10"
"958","2438049428","tb_track_set_trace95","13/3/2015 10:08:10","13/3/2015 10:08:10"
"959","3036647624","tb_track_set_trace95","13/3/2015 10:08:10","13/3/2015 10:08:10"
"960","1723994559","tb_track_set_trace95","13/3/2015 10:08:10","13/3/2015 10:08:10"
"961","1272541509","tb_track_set_trace96","13/3/2015 10:08:10","13/3/2015 10:08:10"
"962","93644070","tb_track_set_trace96","13/3/2015 10:08:10","13/3/2015 10:08:10"
"963","3789694174","tb_track_set_trace96","13/3/2015 10:08:10","13/3/2015 10:08:10"
"964","288151714","tb_track_set_trace96","13/3/2015 10:08:10","13/3/2015 10:08:10"
"965","3024314933","tb_track_set_trace96","13/3/2015 10:08:10","13/3/2015 10:08:10"
"966","3802173553","tb_track_set_trace96","13/3/2015 10:08:10","13/3/2015 10:08:10"
"967","1010355940","tb_track_set_trace96","13/3/2015 10:08:10","13/3/2015 10:08:10"
"968","3059994222","tb_track_set_trace96","13/3/2015 10:08:10","13/3/2015 10:08:10"
"969","6341752","tb_track_set_trace96","13/3/2015 10:08:10","13/3/2015 10:08:10"
"970","2452587109","tb_track_set_trace96","13/3/2015 10:08:10","13/3/2015 10:08:10"
"971","2526757716","tb_track_set_trace97","13/3/2015 10:08:10","13/3/2015 10:08:10"
"972","3153203138","tb_track_set_trace97","13/3/2015 10:08:10","13/3/2015 10:08:10"
"973","3295227775","tb_track_set_trace97","13/3/2015 10:08:10","13/3/2015 10:08:10"
"974","2952648060","tb_track_set_trace97","13/3/2015 10:08:10","13/3/2015 10:08:10"
"975","3228464658","tb_track_set_trace97","13/3/2015 10:08:10","13/3/2015 10:08:10"
"976","2875282695","tb_track_set_trace97","13/3/2015 10:08:10","13/3/2015 10:08:10"
"977","635763517","tb_track_set_trace97","13/3/2015 10:08:10","13/3/2015 10:08:10"
"978","2320962725","tb_track_set_trace97","13/3/2015 10:08:10","13/3/2015 10:08:10"
"979","2267308959","tb_track_set_trace97","13/3/2015 10:08:10","13/3/2015 10:08:10"
"980","1394281630","tb_track_set_trace97","13/3/2015 10:08:10","13/3/2015 10:08:10"
"981","540839542","tb_track_set_trace98","13/3/2015 10:08:10","13/3/2015 10:08:10"
"982","700490191","tb_track_set_trace98","13/3/2015 10:08:10","13/3/2015 10:08:10"
"983","3376554189","tb_track_set_trace98","13/3/2015 10:08:10","13/3/2015 10:08:10"
"984","4184548218","tb_track_set_trace98","13/3/2015 10:08:10","13/3/2015 10:08:10"
"985","827028263","tb_track_set_trace98","13/3/2015 10:08:10","13/3/2015 10:08:10"
"986","2801224806","tb_track_set_trace98","13/3/2015 10:08:10","13/3/2015 10:08:10"
"987","1409417460","tb_track_set_trace98","13/3/2015 10:08:10","13/3/2015 10:08:10"
"988","2261125903","tb_track_set_trace98","13/3/2015 10:08:10","13/3/2015 10:08:10"
"989","1390827035","tb_track_set_trace98","13/3/2015 10:08:10","13/3/2015 10:08:10"
"990","3874471382","tb_track_set_trace98","13/3/2015 10:08:10","13/3/2015 10:08:10"
"991","1975999782","tb_track_set_trace99","13/3/2015 10:08:10","13/3/2015 10:08:10"
"992","1845316142","tb_track_set_trace99","13/3/2015 10:08:10","13/3/2015 10:08:10"
"993","2783973880","tb_track_set_trace99","13/3/2015 10:08:10","13/3/2015 10:08:10"
"994","806047346","tb_track_set_trace99","13/3/2015 10:08:10","13/3/2015 10:08:10"
"995","3391503134","tb_track_set_trace99","13/3/2015 10:08:10","13/3/2015 10:08:10"
"996","4183860875","tb_track_set_trace99","13/3/2015 10:08:10","13/3/2015 10:08:10"
"997","1388434870","tb_track_set_trace99","13/3/2015 10:08:10","13/3/2015 10:08:10"
"998","600843203","tb_track_set_trace99","13/3/2015 10:08:10","13/3/2015 10:08:10"
"999","2201629975","tb_track_set_trace99","13/3/2015 10:08:10","13/3/2015 10:08:10"
"1000","1924321739","tb_track_set_trace99","13/3/2015 10:08:10","13/3/2015 10:08:10"
