"1","2168831210","tb_track0","3/7/2012 15:29:52","18/11/2013 16:10:26","Track0"
"2","1638439290","tb_track0","3/7/2012 15:29:52","18/11/2013 16:10:26","Track0"
"3","1965761035","tb_track0","3/7/2012 15:29:52","18/11/2013 16:10:26","Track0"
"4","2663840202","tb_track0","3/7/2012 15:29:52","18/11/2013 16:10:26","Track0"
"5","168698468","tb_track0","3/7/2012 15:29:52","18/11/2013 16:10:26","Track0"
"6","1451597043","tb_track0","3/7/2012 15:29:52","18/11/2013 16:10:26","Track0"
"7","1515200981","tb_track0","3/7/2012 15:29:52","18/11/2013 16:10:26","Track0"
"8","3841736983","tb_track0","3/7/2012 15:29:52","18/11/2013 16:10:26","Track0"
"9","294833699","tb_track0","3/7/2012 15:29:52","18/11/2013 16:10:26","Track0"
"10","1925151860","tb_track0","3/7/2012 15:29:52","18/11/2013 16:10:26","Track0"
"11","2609443877","tb_track1","3/7/2012 15:29:52","18/11/2013 16:10:26","Track1"
"12","3703743908","tb_track1","3/7/2012 15:29:52","18/11/2013 16:10:26","Track1"
"13","816308380","tb_track1","3/7/2012 15:29:52","18/11/2013 16:10:26","Track1"
"14","702477270","tb_track1","3/7/2012 15:29:52","18/11/2013 16:10:26","Track1"
"15","3367619893","tb_track1","3/7/2012 15:29:52","18/11/2013 16:10:26","Track1"
"16","931100327","tb_track1","3/7/2012 15:29:52","18/11/2013 16:10:26","Track1"
"17","2740535914","tb_track1","3/7/2012 15:29:52","18/11/2013 16:10:26","Track1"
"18","1108622285","tb_track1","3/7/2012 15:29:52","18/11/2013 16:10:26","Track1"
"19","3589876879","tb_track1","3/7/2012 15:29:52","18/11/2013 16:10:26","Track1"
"20","721449615","tb_track1","3/7/2012 15:29:52","18/11/2013 16:10:26","Track1"
"21","2256894152","tb_track2","3/7/2012 15:29:52","18/11/2013 16:10:26","Track2"
"22","775864773","tb_track2","3/7/2012 15:29:52","18/11/2013 16:10:26","Track2"
"23","1046593687","tb_track2","3/7/2012 15:29:52","18/11/2013 16:10:26","Track2"
"24","1591093847","tb_track2","3/7/2012 15:29:52","18/11/2013 16:10:26","Track2"
"25","488140348","tb_track2","3/7/2012 15:29:52","18/11/2013 16:10:26","Track2"
"26","1962633188","tb_track2","3/7/2012 15:29:52","18/11/2013 16:10:26","Track2"
"27","3608501115","tb_track2","3/7/2012 15:29:52","18/11/2013 16:10:26","Track2"
"28","4239511392","tb_track2","3/7/2012 15:29:52","18/11/2013 16:10:26","Track2"
"29","2889584464","tb_track2","3/7/2012 15:29:52","18/11/2013 16:10:26","Track2"
"30","3143344292","tb_track2","3/7/2012 15:29:52","18/11/2013 16:10:26","Track2"
"31","3277369143","tb_track3","3/7/2012 15:29:52","18/11/2013 16:10:26","Track3"
"32","156522067","tb_track3","3/7/2012 15:29:52","18/11/2013 16:10:26","Track3"
"33","826718123","tb_track3","3/7/2012 15:29:52","18/11/2013 16:10:26","Track3"
"34","1519875138","tb_track3","3/7/2012 15:29:52","18/11/2013 16:10:26","Track3"
"35","3772670828","tb_track3","3/7/2012 15:29:52","18/11/2013 16:10:26","Track3"
"36","2123239359","tb_track3","3/7/2012 15:29:52","18/11/2013 16:10:26","Track3"
"37","1469487200","tb_track3","3/7/2012 15:29:52","18/11/2013 16:10:26","Track3"
"38","657687538","tb_track3","3/7/2012 15:29:52","18/11/2013 16:10:26","Track3"
"39","1565642379","tb_track3","3/7/2012 15:29:52","18/11/2013 16:10:26","Track3"
"40","2125826789","tb_track3","3/7/2012 15:29:52","18/11/2013 16:10:26","Track3"
"41","2322135024","tb_track4","3/7/2012 15:29:52","18/11/2013 16:10:26","Track4"
"42","1249868697","tb_track4","3/7/2012 15:29:52","18/11/2013 16:10:26","Track4"
"43","2313312836","tb_track4","3/7/2012 15:29:52","18/11/2013 16:10:26","Track4"
"44","2781244329","tb_track4","3/7/2012 15:29:52","18/11/2013 16:10:26","Track4"
"45","2228356076","tb_track4","3/7/2012 15:29:52","18/11/2013 16:10:26","Track4"
"46","390503393","tb_track4","3/7/2012 15:29:52","18/11/2013 16:10:26","Track4"
"47","302876263","tb_track4","3/7/2012 15:29:52","18/11/2013 16:10:26","Track4"
"48","1739066378","tb_track4","3/7/2012 15:29:52","18/11/2013 16:10:26","Track4"
"49","3991159132","tb_track4","3/7/2012 15:29:52","18/11/2013 16:10:26","Track4"
"50","1986424416","tb_track4","3/7/2012 15:29:52","18/11/2013 16:10:26","Track4"
"51","401867412","tb_track5","3/7/2012 15:29:52","18/11/2013 16:10:26","Track5"
"52","3597301218","tb_track5","3/7/2012 15:29:52","18/11/2013 16:10:26","Track5"
"53","2803659504","tb_track5","3/7/2012 15:29:52","18/11/2013 16:10:26","Track5"
"54","908846522","tb_track5","3/7/2012 15:29:52","18/11/2013 16:10:26","Track5"
"55","2292797833","tb_track5","3/7/2012 15:29:52","18/11/2013 16:10:26","Track5"
"56","142665731","tb_track5","3/7/2012 15:29:52","18/11/2013 16:10:26","Track5"
"57","1232302988","tb_track5","3/7/2012 15:29:52","18/11/2013 16:10:26","Track5"
"58","1300557902","tb_track5","3/7/2012 15:29:52","18/11/2013 16:10:26","Track5"
"59","1817730527","tb_track5","3/7/2012 15:29:52","18/11/2013 16:10:26","Track5"
"60","1980068680","tb_track5","3/7/2012 15:29:52","18/11/2013 16:10:26","Track5"
"61","1327753875","tb_track6","3/7/2012 15:29:52","18/11/2013 16:10:26","Track6"
"62","349979141","tb_track6","3/7/2012 15:29:52","18/11/2013 16:10:26","Track6"
"63","3344467791","tb_track6","3/7/2012 15:29:52","18/11/2013 16:10:26","Track6"
"64","4159513203","tb_track6","3/7/2012 15:29:52","18/11/2013 16:10:26","Track6"
"65","3774435344","tb_track6","3/7/2012 15:29:52","18/11/2013 16:10:26","Track6"
"66","1421763681","tb_track6","3/7/2012 15:29:52","18/11/2013 16:10:26","Track6"
"67","2822727664","tb_track6","3/7/2012 15:29:52","18/11/2013 16:10:26","Track6"
"68","3533966169","tb_track6","3/7/2012 15:29:52","18/11/2013 16:10:26","Track6"
"69","1012388348","tb_track6","3/7/2012 15:29:52","18/11/2013 16:10:26","Track6"
"70","321254213","tb_track6","3/7/2012 15:29:52","18/11/2013 16:10:26","Track6"
"71","220680533","tb_track7","3/7/2012 15:29:52","18/11/2013 16:10:26","Track7"
"72","2570802501","tb_track7","3/7/2012 15:29:52","18/11/2013 16:10:26","Track7"
"73","2790785748","tb_track7","3/7/2012 15:29:52","18/11/2013 16:10:26","Track7"
"74","3965225733","tb_track7","3/7/2012 15:29:52","18/11/2013 16:10:26","Track7"
"75","2028997316","tb_track7","3/7/2012 15:29:52","18/11/2013 16:10:26","Track7"
"76","377727809","tb_track7","3/7/2012 15:29:52","18/11/2013 16:10:26","Track7"
"77","2032757103","tb_track7","3/7/2012 15:29:52","18/11/2013 16:10:26","Track7"
"78","4223166479","tb_track7","3/7/2012 15:29:52","18/11/2013 16:10:26","Track7"
"79","106951022","tb_track7","3/7/2012 15:29:52","18/11/2013 16:10:26","Track7"
"80","1197415029","tb_track7","3/7/2012 15:29:52","18/11/2013 16:10:26","Track7"
"81","2398243557","tb_track8","3/7/2012 15:29:52","18/11/2013 16:10:26","Track8"
"82","3423874985","tb_track8","3/7/2012 15:29:52","18/11/2013 16:10:26","Track8"
"83","29394992","tb_track8","3/7/2012 15:29:52","18/11/2013 16:10:26","Track8"
"84","4236895175","tb_track8","3/7/2012 15:29:52","18/11/2013 16:10:26","Track8"
"85","494670109","tb_track8","3/7/2012 15:29:52","18/11/2013 16:10:26","Track8"
"86","4146509613","tb_track8","3/7/2012 15:29:52","18/11/2013 16:10:26","Track8"
"87","2755196132","tb_track8","3/7/2012 15:29:52","18/11/2013 16:10:26","Track8"
"88","2828278591","tb_track8","3/7/2012 15:29:52","18/11/2013 16:10:26","Track8"
"89","1884030959","tb_track8","3/7/2012 15:29:52","18/11/2013 16:10:26","Track8"
"90","3751818393","tb_track8","3/7/2012 15:29:52","18/11/2013 16:10:26","Track8"
"91","3256038519","tb_track9","3/7/2012 15:29:52","18/11/2013 16:10:26","Track9"
"92","968474221","tb_track9","3/7/2012 15:29:52","18/11/2013 16:10:26","Track9"
"93","273519387","tb_track9","3/7/2012 15:29:52","18/11/2013 16:10:26","Track9"
"94","3713826624","tb_track9","3/7/2012 15:29:52","18/11/2013 16:10:26","Track9"
"95","721097770","tb_track9","3/7/2012 15:29:52","18/11/2013 16:10:26","Track9"
"96","1209163958","tb_track9","3/7/2012 15:29:52","18/11/2013 16:10:26","Track9"
"97","2247971156","tb_track9","3/7/2012 15:29:52","18/11/2013 16:10:26","Track9"
"98","2189340982","tb_track9","3/7/2012 15:29:52","18/11/2013 16:10:26","Track9"
"99","3441809470","tb_track9","3/7/2012 15:29:52","18/11/2013 16:10:26","Track9"
"100","953834108","tb_track9","3/7/2012 15:29:52","18/11/2013 16:10:26","Track9"
"101","3907674301","tb_track10","3/7/2012 15:29:52","18/11/2013 16:10:26","Track10"
"102","1558532444","tb_track10","3/7/2012 15:29:52","18/11/2013 16:10:26","Track10"
"103","3454430548","tb_track10","3/7/2012 15:29:52","18/11/2013 16:10:26","Track10"
"104","860327200","tb_track10","3/7/2012 15:29:52","18/11/2013 16:10:26","Track10"
"105","1116595924","tb_track10","3/7/2012 15:29:52","18/11/2013 16:10:26","Track10"
"106","1601215876","tb_track10","3/7/2012 15:29:52","18/11/2013 16:10:26","Track10"
"107","3642905477","tb_track10","3/7/2012 15:29:52","18/11/2013 16:10:26","Track10"
"108","3495638273","tb_track10","3/7/2012 15:29:52","18/11/2013 16:10:26","Track10"
"109","3092394900","tb_track10","3/7/2012 15:29:52","18/11/2013 16:10:26","Track10"
"110","2845472223","tb_track10","3/7/2012 15:29:52","18/11/2013 16:10:26","Track10"
"111","4043399228","tb_track11","3/7/2012 15:29:52","18/11/2013 16:10:26","Track11"
"112","2533315349","tb_track11","3/7/2012 15:29:52","18/11/2013 16:10:26","Track11"
"113","3341794171","tb_track11","3/7/2012 15:29:52","18/11/2013 16:10:26","Track11"
"114","3294290103","tb_track11","3/7/2012 15:29:52","18/11/2013 16:10:26","Track11"
"115","3880074801","tb_track11","3/7/2012 15:29:52","18/11/2013 16:10:26","Track11"
"116","3627000379","tb_track11","3/7/2012 15:29:52","18/11/2013 16:10:26","Track11"
"117","1612090919","tb_track11","3/7/2012 15:29:52","18/11/2013 16:10:26","Track11"
"118","3103339088","tb_track11","3/7/2012 15:29:52","18/11/2013 16:10:26","Track11"
"119","1400343315","tb_track11","3/7/2012 15:29:52","18/11/2013 16:10:26","Track11"
"120","2716268970","tb_track11","3/7/2012 15:29:52","18/11/2013 16:10:26","Track11"
"121","641553661","tb_track12","3/7/2012 15:29:52","18/11/2013 16:10:26","Track12"
"122","1238650004","tb_track12","3/7/2012 15:29:52","18/11/2013 16:10:26","Track12"
"123","2842038681","tb_track12","3/7/2012 15:29:52","18/11/2013 16:10:26","Track12"
"124","4006625624","tb_track12","3/7/2012 15:29:52","18/11/2013 16:10:26","Track12"
"125","374669704","tb_track12","3/7/2012 15:29:52","18/11/2013 16:10:26","Track12"
"126","2432865037","tb_track12","3/7/2012 15:29:52","18/11/2013 16:10:26","Track12"
"127","2845420259","tb_track12","3/7/2012 15:29:52","18/11/2013 16:10:26","Track12"
"128","826804906","tb_track12","3/7/2012 15:29:52","18/11/2013 16:10:26","Track12"
"129","2132623607","tb_track12","3/7/2012 15:29:52","18/11/2013 16:10:26","Track12"
"130","1604406092","tb_track12","3/7/2012 15:29:52","18/11/2013 16:10:26","Track12"
"131","2295806977","tb_track13","3/7/2012 15:29:52","18/11/2013 16:10:26","Track13"
"132","2856867616","tb_track13","3/7/2012 15:29:52","18/11/2013 16:10:26","Track13"
"133","1176232350","tb_track13","3/7/2012 15:29:52","18/11/2013 16:10:26","Track13"
"134","2998583783","tb_track13","3/7/2012 15:29:52","18/11/2013 16:10:26","Track13"
"135","1526868083","tb_track13","3/7/2012 15:29:52","18/11/2013 16:10:26","Track13"
"136","312785069","tb_track13","3/7/2012 15:29:52","18/11/2013 16:10:26","Track13"
"137","279354364","tb_track13","3/7/2012 15:29:52","18/11/2013 16:10:26","Track13"
"138","1294439028","tb_track13","3/7/2012 15:29:52","18/11/2013 16:10:26","Track13"
"139","3328686165","tb_track13","3/7/2012 15:29:52","18/11/2013 16:10:26","Track13"
"140","4232653291","tb_track13","3/7/2012 15:29:52","18/11/2013 16:10:26","Track13"
"141","597096252","tb_track14","3/7/2012 15:29:52","18/11/2013 16:10:26","Track14"
"142","3470370583","tb_track14","3/7/2012 15:29:52","18/11/2013 16:10:26","Track14"
"143","3895381078","tb_track14","3/7/2012 15:29:52","18/11/2013 16:10:26","Track14"
"144","1330975763","tb_track14","3/7/2012 15:29:52","18/11/2013 16:10:26","Track14"
"145","1736027466","tb_track14","3/7/2012 15:29:52","18/11/2013 16:10:26","Track14"
"146","4095090659","tb_track14","3/7/2012 15:29:52","18/11/2013 16:10:26","Track14"
"147","2755982143","tb_track14","3/7/2012 15:29:52","18/11/2013 16:10:26","Track14"
"148","2505153435","tb_track14","3/7/2012 15:29:52","18/11/2013 16:10:26","Track14"
"149","3528253241","tb_track14","3/7/2012 15:29:52","18/11/2013 16:10:26","Track14"
"150","1569704548","tb_track14","3/7/2012 15:29:52","18/11/2013 16:10:26","Track14"
"151","2344216542","tb_track15","3/7/2012 15:29:52","18/11/2013 16:10:26","Track15"
"152","1288885237","tb_track15","3/7/2012 15:29:52","18/11/2013 16:10:26","Track15"
"153","1302104733","tb_track15","3/7/2012 15:29:52","18/11/2013 16:10:26","Track15"
"154","1172168249","tb_track15","3/7/2012 15:29:52","18/11/2013 16:10:26","Track15"
"155","56141415","tb_track15","3/7/2012 15:29:52","18/11/2013 16:10:26","Track15"
"156","67718529","tb_track15","3/7/2012 15:29:52","18/11/2013 16:10:26","Track15"
"157","3486087655","tb_track15","3/7/2012 15:29:52","18/11/2013 16:10:26","Track15"
"158","2513350943","tb_track15","3/7/2012 15:29:52","18/11/2013 16:10:26","Track15"
"159","1264837215","tb_track15","3/7/2012 15:29:52","18/11/2013 16:10:26","Track15"
"160","3456368663","tb_track15","3/7/2012 15:29:52","18/11/2013 16:10:26","Track15"
"161","3803959858","tb_track16","3/7/2012 15:29:52","18/11/2013 16:10:26","Track16"
"162","1987643949","tb_track16","3/7/2012 15:29:52","18/11/2013 16:10:26","Track16"
"163","3399351070","tb_track16","3/7/2012 15:29:52","18/11/2013 16:10:26","Track16"
"164","2442578309","tb_track16","3/7/2012 15:29:52","18/11/2013 16:10:26","Track16"
"165","1439496683","tb_track16","3/7/2012 15:29:52","18/11/2013 16:10:26","Track16"
"166","3263434497","tb_track16","3/7/2012 15:29:52","18/11/2013 16:10:26","Track16"
"167","464550151","tb_track16","3/7/2012 15:29:52","18/11/2013 16:10:26","Track16"
"168","282149224","tb_track16","3/7/2012 15:29:52","18/11/2013 16:10:26","Track16"
"169","2546832932","tb_track16","3/7/2012 15:29:52","18/11/2013 16:10:26","Track16"
"170","3435046767","tb_track16","3/7/2012 15:29:52","18/11/2013 16:10:26","Track16"
"171","714794221","tb_track17","3/7/2012 15:29:52","18/11/2013 16:10:26","Track17"
"172","873539848","tb_track17","3/7/2012 15:29:52","18/11/2013 16:10:26","Track17"
"173","1287307015","tb_track17","3/7/2012 15:29:52","18/11/2013 16:10:26","Track17"
"174","3656721412","tb_track17","3/7/2012 15:29:52","18/11/2013 16:10:26","Track17"
"175","2975928008","tb_track17","3/7/2012 15:29:52","18/11/2013 16:10:26","Track17"
"176","1899783785","tb_track17","3/7/2012 15:29:52","18/11/2013 16:10:26","Track17"
"177","2636054078","tb_track17","3/7/2012 15:29:52","18/11/2013 16:10:26","Track17"
"178","3771336503","tb_track17","3/7/2012 15:29:52","18/11/2013 16:10:26","Track17"
"179","2984206900","tb_track17","3/7/2012 15:29:52","18/11/2013 16:10:26","Track17"
"180","1529026495","tb_track17","3/7/2012 15:29:52","18/11/2013 16:10:26","Track17"
"181","102800275","tb_track18","3/7/2012 15:29:52","18/11/2013 16:10:26","Track18"
"182","2647022244","tb_track18","3/7/2012 15:29:52","18/11/2013 16:10:26","Track18"
"183","2501213201","tb_track18","3/7/2012 15:29:52","18/11/2013 16:10:26","Track18"
"184","1721213760","tb_track18","3/7/2012 15:29:52","18/11/2013 16:10:27","Track18"
"185","2951025458","tb_track18","3/7/2012 15:29:52","18/11/2013 16:10:27","Track18"
"186","3782507509","tb_track18","3/7/2012 15:29:52","18/11/2013 16:10:27","Track18"
"187","2865072491","tb_track18","3/7/2012 15:29:52","18/11/2013 16:10:27","Track18"
"188","2743086076","tb_track18","3/7/2012 15:29:52","18/11/2013 16:10:27","Track18"
"189","2169010608","tb_track18","3/7/2012 15:29:52","18/11/2013 16:10:27","Track18"
"190","588854353","tb_track18","3/7/2012 15:29:52","18/11/2013 16:10:27","Track18"
"191","3818069361","tb_track19","3/7/2012 15:29:52","18/11/2013 16:10:27","Track19"
"192","4246521878","tb_track19","3/7/2012 15:29:52","18/11/2013 16:10:27","Track19"
"193","3090226230","tb_track19","3/7/2012 15:29:52","18/11/2013 16:10:27","Track19"
"194","3200621970","tb_track19","3/7/2012 15:29:52","18/11/2013 16:10:27","Track19"
"195","1964094203","tb_track19","3/7/2012 15:29:52","18/11/2013 16:10:27","Track19"
"196","390901142","tb_track19","3/7/2012 15:29:52","18/11/2013 16:10:27","Track19"
"197","1667882025","tb_track19","3/7/2012 15:29:52","18/11/2013 16:10:27","Track19"
"198","3420514275","tb_track19","3/7/2012 15:29:52","18/11/2013 16:10:27","Track19"
"199","3563606947","tb_track19","3/7/2012 15:29:52","18/11/2013 16:10:27","Track19"
"200","3667166892","tb_track19","3/7/2012 15:29:52","18/11/2013 16:10:27","Track19"
"201","644440615","tb_track20","3/7/2012 15:29:52","18/11/2013 16:10:27","Track20"
"202","1850819955","tb_track20","3/7/2012 15:29:52","18/11/2013 16:10:27","Track20"
"203","3609701930","tb_track20","3/7/2012 15:29:52","18/11/2013 16:10:27","Track20"
"204","2299046506","tb_track20","3/7/2012 15:29:52","18/11/2013 16:10:27","Track20"
"205","3358182912","tb_track20","3/7/2012 15:29:52","18/11/2013 16:10:27","Track20"
"206","182737090","tb_track20","3/7/2012 15:29:52","18/11/2013 16:10:27","Track20"
"207","4111359817","tb_track20","3/7/2012 15:29:52","18/11/2013 16:10:27","Track20"
"208","1586418466","tb_track20","3/7/2012 15:29:52","18/11/2013 16:10:27","Track20"
"209","1682706308","tb_track20","3/7/2012 15:29:52","18/11/2013 16:10:27","Track20"
"210","1028697487","tb_track20","3/7/2012 15:29:52","18/11/2013 16:10:27","Track20"
"211","4266170581","tb_track21","3/7/2012 15:29:52","18/11/2013 16:10:27","Track21"
"212","2742893087","tb_track21","3/7/2012 15:29:52","18/11/2013 16:10:27","Track21"
"213","3910526276","tb_track21","3/7/2012 15:29:52","18/11/2013 16:10:27","Track21"
"214","1511657432","tb_track21","3/7/2012 15:29:52","18/11/2013 16:10:27","Track21"
"215","377864309","tb_track21","3/7/2012 15:29:52","18/11/2013 16:10:27","Track21"
"216","2068452291","tb_track21","3/7/2012 15:29:52","18/11/2013 16:10:27","Track21"
"217","1782208192","tb_track21","3/7/2012 15:29:52","18/11/2013 16:10:27","Track21"
"218","1059280230","tb_track21","3/7/2012 15:29:52","18/11/2013 16:10:27","Track21"
"219","2722271197","tb_track21","3/7/2012 15:29:52","18/11/2013 16:10:27","Track21"
"220","707072313","tb_track21","3/7/2012 15:29:52","18/11/2013 16:10:27","Track21"
"221","1455656182","tb_track22","3/7/2012 15:29:52","18/11/2013 16:10:27","Track22"
"222","1283548010","tb_track22","3/7/2012 15:29:52","18/11/2013 16:10:27","Track22"
"223","4210103441","tb_track22","3/7/2012 15:29:52","18/11/2013 16:10:27","Track22"
"224","2460934345","tb_track22","3/7/2012 15:29:52","18/11/2013 16:10:27","Track22"
"225","3884484731","tb_track22","3/7/2012 15:29:52","18/11/2013 16:10:27","Track22"
"226","4070693948","tb_track22","3/7/2012 15:29:52","18/11/2013 16:10:27","Track22"
"227","4123600612","tb_track22","3/7/2012 15:29:52","18/11/2013 16:10:27","Track22"
"228","595449490","tb_track22","3/7/2012 15:29:52","18/11/2013 16:10:27","Track22"
"229","3709632676","tb_track22","3/7/2012 15:29:52","18/11/2013 16:10:27","Track22"
"230","664014224","tb_track22","3/7/2012 15:29:52","18/11/2013 16:10:27","Track22"
"231","2310921115","tb_track23","3/7/2012 15:29:52","18/11/2013 16:10:27","Track23"
"232","941099053","tb_track23","3/7/2012 15:29:52","18/11/2013 16:10:27","Track23"
"233","2633134855","tb_track23","3/7/2012 15:29:52","18/11/2013 16:10:27","Track23"
"234","1451468486","tb_track23","3/7/2012 15:29:52","18/11/2013 16:10:27","Track23"
"235","1258626515","tb_track23","3/7/2012 15:29:52","18/11/2013 16:10:27","Track23"
"236","3236176961","tb_track23","3/7/2012 15:29:52","18/11/2013 16:10:27","Track23"
"237","1676099676","tb_track23","3/7/2012 15:29:52","18/11/2013 16:10:27","Track23"
"238","957388048","tb_track23","3/7/2012 15:29:52","18/11/2013 16:10:27","Track23"
"239","1189068138","tb_track23","3/7/2012 15:29:52","18/11/2013 16:10:27","Track23"
"240","2195744878","tb_track23","3/7/2012 15:29:52","18/11/2013 16:10:27","Track23"
"241","2387804027","tb_track24","3/7/2012 15:29:52","18/11/2013 16:10:27","Track24"
"242","3587641317","tb_track24","3/7/2012 15:29:52","18/11/2013 16:10:27","Track24"
"243","830253908","tb_track24","3/7/2012 15:29:52","18/11/2013 16:10:27","Track24"
"244","328441154","tb_track24","3/7/2012 15:29:52","18/11/2013 16:10:27","Track24"
"245","982813971","tb_track24","3/7/2012 15:29:52","18/11/2013 16:10:27","Track24"
"246","3349901768","tb_track24","3/7/2012 15:29:52","18/11/2013 16:10:27","Track24"
"247","1251524530","tb_track24","3/7/2012 15:29:52","18/11/2013 16:10:27","Track24"
"248","1709492076","tb_track24","3/7/2012 15:29:52","18/11/2013 16:10:27","Track24"
"249","364591799","tb_track24","3/7/2012 15:29:52","18/11/2013 16:10:27","Track24"
"250","3565656587","tb_track24","3/7/2012 15:29:52","18/11/2013 16:10:27","Track24"
"251","1522649028","tb_track25","3/7/2012 15:29:52","18/11/2013 16:10:27","Track25"
"252","2274043821","tb_track25","3/7/2012 15:29:52","18/11/2013 16:10:27","Track25"
"253","644104263","tb_track25","3/7/2012 15:29:52","18/11/2013 16:10:27","Track25"
"254","665845885","tb_track25","3/7/2012 15:29:52","18/11/2013 16:10:27","Track25"
"255","1708195030","tb_track25","3/7/2012 15:29:52","18/11/2013 16:10:27","Track25"
"256","2173287577","tb_track25","3/7/2012 15:29:52","18/11/2013 16:10:27","Track25"
"257","3323592547","tb_track25","3/7/2012 15:29:52","18/11/2013 16:10:27","Track25"
"258","1347080905","tb_track25","3/7/2012 15:29:52","18/11/2013 16:10:27","Track25"
"259","1743615519","tb_track25","3/7/2012 15:29:52","18/11/2013 16:10:27","Track25"
"260","2250492233","tb_track25","3/7/2012 15:29:52","18/11/2013 16:10:27","Track25"
"261","810719511","tb_track26","3/7/2012 15:29:52","18/11/2013 16:10:27","Track26"
"262","4263125847","tb_track26","3/7/2012 15:29:52","18/11/2013 16:10:27","Track26"
"263","1913693514","tb_track26","3/7/2012 15:29:52","18/11/2013 16:10:27","Track26"
"264","3096007744","tb_track26","3/7/2012 15:29:52","18/11/2013 16:10:27","Track26"
"265","453409979","tb_track26","3/7/2012 15:29:52","18/11/2013 16:10:27","Track26"
"266","1091950601","tb_track26","3/7/2012 15:29:52","18/11/2013 16:10:27","Track26"
"267","920697251","tb_track26","3/7/2012 15:29:52","18/11/2013 16:10:27","Track26"
"268","1720472189","tb_track26","3/7/2012 15:29:52","18/11/2013 16:10:27","Track26"
"269","660114111","tb_track26","3/7/2012 15:29:52","18/11/2013 16:10:27","Track26"
"270","561173145","tb_track26","3/7/2012 15:29:52","18/11/2013 16:10:27","Track26"
"271","2212987994","tb_track27","3/7/2012 15:29:52","18/11/2013 16:10:27","Track27"
"272","2001263635","tb_track27","3/7/2012 15:29:52","18/11/2013 16:10:27","Track27"
"273","450558701","tb_track27","3/7/2012 15:29:52","18/11/2013 16:10:27","Track27"
"274","7512675","tb_track27","3/7/2012 15:29:52","18/11/2013 16:10:27","Track27"
"275","479455214","tb_track27","3/7/2012 15:29:52","18/11/2013 16:10:27","Track27"
"276","300395718","tb_track27","3/7/2012 15:29:52","18/11/2013 16:10:27","Track27"
"277","2627412322","tb_track27","3/7/2012 15:29:52","18/11/2013 16:10:27","Track27"
"278","2194994644","tb_track27","3/7/2012 15:29:52","18/11/2013 16:10:27","Track27"
"279","236762835","tb_track27","3/7/2012 15:29:52","18/11/2013 16:10:27","Track27"
"280","241971293","tb_track27","3/7/2012 15:29:52","18/11/2013 16:10:27","Track27"
"281","4260734763","tb_track28","3/7/2012 15:29:52","18/11/2013 16:10:27","Track28"
"282","3064385735","tb_track28","3/7/2012 15:29:52","18/11/2013 16:10:27","Track28"
"283","1011113988","tb_track28","3/7/2012 15:29:52","18/11/2013 16:10:27","Track28"
"284","1284405367","tb_track28","3/7/2012 15:29:52","18/11/2013 16:10:27","Track28"
"285","3428855223","tb_track28","3/7/2012 15:29:52","18/11/2013 16:10:27","Track28"
"286","2232840100","tb_track28","3/7/2012 15:29:52","18/11/2013 16:10:27","Track28"
"287","590097022","tb_track28","3/7/2012 15:29:52","18/11/2013 16:10:27","Track28"
"288","1211104858","tb_track28","3/7/2012 15:29:52","18/11/2013 16:10:27","Track28"
"289","139423085","tb_track28","3/7/2012 15:29:52","18/11/2013 16:10:27","Track28"
"290","1132685346","tb_track28","3/7/2012 15:29:52","18/11/2013 16:10:27","Track28"
"291","255275362","tb_track29","3/7/2012 15:29:52","18/11/2013 16:10:27","Track29"
"292","4056147609","tb_track29","3/7/2012 15:29:52","18/11/2013 16:10:27","Track29"
"293","3617887078","tb_track29","3/7/2012 15:29:52","18/11/2013 16:10:27","Track29"
"294","4056764486","tb_track29","3/7/2012 15:29:52","18/11/2013 16:10:27","Track29"
"295","788503388","tb_track29","3/7/2012 15:29:52","18/11/2013 16:10:27","Track29"
"296","3685319764","tb_track29","3/7/2012 15:29:52","18/11/2013 16:10:27","Track29"
"297","3862588517","tb_track29","3/7/2012 15:29:52","18/11/2013 16:10:27","Track29"
"298","2626269587","tb_track29","3/7/2012 15:29:52","18/11/2013 16:10:27","Track29"
"299","3997120842","tb_track29","3/7/2012 15:29:52","18/11/2013 16:10:27","Track29"
"300","3981654529","tb_track29","3/7/2012 15:29:52","18/11/2013 16:10:27","Track29"
"301","1316444651","tb_track30","3/7/2012 15:29:52","18/11/2013 16:10:27","Track30"
"302","1343761646","tb_track30","3/7/2012 15:29:52","18/11/2013 16:10:27","Track30"
"303","3187306522","tb_track30","3/7/2012 15:29:52","18/11/2013 16:10:27","Track30"
"304","2289651598","tb_track30","3/7/2012 15:29:52","18/11/2013 16:10:27","Track30"
"305","3769177940","tb_track30","3/7/2012 15:29:52","18/11/2013 16:10:27","Track30"
"306","894754394","tb_track30","3/7/2012 15:29:52","18/11/2013 16:10:27","Track30"
"307","2684192192","tb_track30","3/7/2012 15:29:52","18/11/2013 16:10:27","Track30"
"308","1908984797","tb_track30","3/7/2012 15:29:52","18/11/2013 16:10:27","Track30"
"309","1437983063","tb_track30","3/7/2012 15:29:52","18/11/2013 16:10:27","Track30"
"310","1171422959","tb_track30","3/7/2012 15:29:52","18/11/2013 16:10:27","Track30"
"311","1058879558","tb_track31","3/7/2012 15:29:52","18/11/2013 16:10:27","Track31"
"312","415705678","tb_track31","3/7/2012 15:29:52","18/11/2013 16:10:27","Track31"
"313","3530376520","tb_track31","3/7/2012 15:29:52","18/11/2013 16:10:27","Track31"
"314","2209162275","tb_track31","3/7/2012 15:29:52","18/11/2013 16:10:27","Track31"
"315","2551865267","tb_track31","3/7/2012 15:29:52","18/11/2013 16:10:27","Track31"
"316","110838107","tb_track31","3/7/2012 15:29:52","18/11/2013 16:10:27","Track31"
"317","4211691776","tb_track31","3/7/2012 15:29:52","18/11/2013 16:10:27","Track31"
"318","1707224986","tb_track31","3/7/2012 15:29:52","18/11/2013 16:10:27","Track31"
"319","433411528","tb_track31","3/7/2012 15:29:52","18/11/2013 16:10:27","Track31"
"320","646582330","tb_track31","3/7/2012 15:29:52","18/11/2013 16:10:27","Track31"
"321","3980963919","tb_track32","3/7/2012 15:29:52","18/11/2013 16:10:27","Track32"
"322","3086845590","tb_track32","3/7/2012 15:29:52","18/11/2013 16:10:27","Track32"
"323","2790991479","tb_track32","3/7/2012 15:29:52","18/11/2013 16:10:27","Track32"
"324","2179041905","tb_track32","3/7/2012 15:29:52","18/11/2013 16:10:27","Track32"
"325","344674486","tb_track32","3/7/2012 15:29:52","18/11/2013 16:10:27","Track32"
"326","920497685","tb_track32","3/7/2012 15:29:52","18/11/2013 16:10:27","Track32"
"327","2905912067","tb_track32","3/7/2012 15:29:52","18/11/2013 16:10:27","Track32"
"328","3763603918","tb_track32","3/7/2012 15:29:52","18/11/2013 16:10:27","Track32"
"329","31463554","tb_track32","3/7/2012 15:29:52","18/11/2013 16:10:27","Track32"
"330","2016122671","tb_track32","3/7/2012 15:29:52","18/11/2013 16:10:27","Track32"
"331","3660324565","tb_track33","3/7/2012 15:29:52","18/11/2013 16:10:27","Track33"
"332","2620597979","tb_track33","3/7/2012 15:29:52","18/11/2013 16:10:27","Track33"
"333","3022286223","tb_track33","3/7/2012 15:29:52","18/11/2013 16:10:27","Track33"
"334","175774205","tb_track33","3/7/2012 15:29:52","18/11/2013 16:10:27","Track33"
"335","4248888798","tb_track33","3/7/2012 15:29:52","18/11/2013 16:10:27","Track33"
"336","837184108","tb_track33","3/7/2012 15:29:52","18/11/2013 16:10:27","Track33"
"337","2812313702","tb_track33","3/7/2012 15:29:52","18/11/2013 16:10:27","Track33"
"338","3424219093","tb_track33","3/7/2012 15:29:52","18/11/2013 16:10:27","Track33"
"339","3921950383","tb_track33","3/7/2012 15:29:52","18/11/2013 16:10:27","Track33"
"340","1504461075","tb_track33","3/7/2012 15:29:52","18/11/2013 16:10:27","Track33"
"341","452601671","tb_track34","3/7/2012 15:29:52","18/11/2013 16:10:27","Track34"
"342","4065682888","tb_track34","3/7/2012 15:29:52","18/11/2013 16:10:27","Track34"
"343","1413821443","tb_track34","3/7/2012 15:29:52","18/11/2013 16:10:27","Track34"
"344","572647197","tb_track34","3/7/2012 15:29:52","18/11/2013 16:10:27","Track34"
"345","579314038","tb_track34","3/7/2012 15:29:52","18/11/2013 16:10:27","Track34"
"346","4005770589","tb_track34","3/7/2012 15:29:52","18/11/2013 16:10:27","Track34"
"347","746504707","tb_track34","3/7/2012 15:29:52","18/11/2013 16:10:27","Track34"
"348","3384672227","tb_track34","3/7/2012 15:29:52","18/11/2013 16:10:27","Track34"
"349","1383528330","tb_track34","3/7/2012 15:29:52","18/11/2013 16:10:27","Track34"
"350","2349182689","tb_track34","3/7/2012 15:29:52","18/11/2013 16:10:27","Track34"
"351","2396309190","tb_track35","3/7/2012 15:29:52","18/11/2013 16:10:27","Track35"
"352","3099712419","tb_track35","3/7/2012 15:29:52","18/11/2013 16:10:27","Track35"
"353","2020158389","tb_track35","3/7/2012 15:29:52","18/11/2013 16:10:27","Track35"
"354","520306235","tb_track35","3/7/2012 15:29:52","18/11/2013 16:10:27","Track35"
"355","1048441786","tb_track35","3/7/2012 15:29:52","18/11/2013 16:10:27","Track35"
"356","2598709468","tb_track35","3/7/2012 15:29:52","18/11/2013 16:10:27","Track35"
"357","3056787234","tb_track35","3/7/2012 15:29:52","18/11/2013 16:10:27","Track35"
"358","3800578639","tb_track35","3/7/2012 15:29:52","18/11/2013 16:10:27","Track35"
"359","3334942187","tb_track35","3/7/2012 15:29:52","18/11/2013 16:10:27","Track35"
"360","1972281981","tb_track35","3/7/2012 15:29:52","18/11/2013 16:10:27","Track35"
"361","1449357913","tb_track36","3/7/2012 15:29:52","18/11/2013 16:10:27","Track36"
"362","3517901049","tb_track36","3/7/2012 15:29:52","18/11/2013 16:10:27","Track36"
"363","1303525761","tb_track36","3/7/2012 15:29:52","18/11/2013 16:10:27","Track36"
"364","699452864","tb_track36","3/7/2012 15:29:52","18/11/2013 16:10:27","Track36"
"365","2298828150","tb_track36","3/7/2012 15:29:52","18/11/2013 16:10:27","Track36"
"366","308828299","tb_track36","3/7/2012 15:29:52","18/11/2013 16:10:27","Track36"
"367","3697557089","tb_track36","3/7/2012 15:29:52","18/11/2013 16:10:27","Track36"
"368","3481407965","tb_track36","3/7/2012 15:29:52","18/11/2013 16:10:27","Track36"
"369","147552820","tb_track36","3/7/2012 15:29:52","18/11/2013 16:10:27","Track36"
"370","2014039723","tb_track36","3/7/2012 15:29:52","18/11/2013 16:10:27","Track36"
"371","1426000121","tb_track37","3/7/2012 15:29:52","18/11/2013 16:10:27","Track37"
"372","1132492675","tb_track37","3/7/2012 15:29:52","18/11/2013 16:10:27","Track37"
"373","1742393596","tb_track37","3/7/2012 15:29:52","18/11/2013 16:10:27","Track37"
"374","3025311186","tb_track37","3/7/2012 15:29:52","18/11/2013 16:10:27","Track37"
"375","516102035","tb_track37","3/7/2012 15:29:52","18/11/2013 16:10:27","Track37"
"376","291013447","tb_track37","3/7/2012 15:29:52","18/11/2013 16:10:27","Track37"
"377","3295696474","tb_track37","3/7/2012 15:29:52","18/11/2013 16:10:27","Track37"
"378","1766929917","tb_track37","3/7/2012 15:29:52","18/11/2013 16:10:27","Track37"
"379","2081269842","tb_track37","3/7/2012 15:29:52","18/11/2013 16:10:27","Track37"
"380","2582862951","tb_track37","3/7/2012 15:29:52","18/11/2013 16:10:27","Track37"
"381","3714185040","tb_track38","3/7/2012 15:29:52","18/11/2013 16:10:27","Track38"
"382","1068705670","tb_track38","3/7/2012 15:29:52","18/11/2013 16:10:27","Track38"
"383","1645876239","tb_track38","3/7/2012 15:29:52","18/11/2013 16:10:27","Track38"
"384","2542931304","tb_track38","3/7/2012 15:29:52","18/11/2013 16:10:27","Track38"
"385","2318162959","tb_track38","3/7/2012 15:29:52","18/11/2013 16:10:27","Track38"
"386","4231933070","tb_track38","3/7/2012 15:29:52","18/11/2013 16:10:28","Track38"
"387","2063926345","tb_track38","3/7/2012 15:29:52","18/11/2013 16:10:28","Track38"
"388","3853020581","tb_track38","3/7/2012 15:29:52","18/11/2013 16:10:28","Track38"
"389","635567252","tb_track38","3/7/2012 15:29:52","18/11/2013 16:10:28","Track38"
"390","923172673","tb_track38","3/7/2012 15:29:52","18/11/2013 16:10:28","Track38"
"391","1384932503","tb_track39","3/7/2012 15:29:52","18/11/2013 16:10:28","Track39"
"392","855512532","tb_track39","3/7/2012 15:29:52","18/11/2013 16:10:28","Track39"
"393","175045435","tb_track39","3/7/2012 15:29:52","18/11/2013 16:10:28","Track39"
"394","2500951007","tb_track39","3/7/2012 15:29:52","18/11/2013 16:10:28","Track39"
"395","4289515734","tb_track39","3/7/2012 15:29:52","18/11/2013 16:10:28","Track39"
"396","1641846920","tb_track39","3/7/2012 15:29:52","18/11/2013 16:10:28","Track39"
"397","930329668","tb_track39","3/7/2012 15:29:52","18/11/2013 16:10:28","Track39"
"398","16795574","tb_track39","3/7/2012 15:29:52","18/11/2013 16:10:28","Track39"
"399","2035721633","tb_track39","3/7/2012 15:29:52","18/11/2013 16:10:28","Track39"
"400","1594534138","tb_track39","3/7/2012 15:29:52","18/11/2013 16:10:28","Track39"
"401","1335711787","tb_track40","3/7/2012 15:29:52","18/11/2013 16:10:28","Track40"
"402","2756126980","tb_track40","3/7/2012 15:29:52","18/11/2013 16:10:28","Track40"
"403","3138184901","tb_track40","3/7/2012 15:29:52","18/11/2013 16:10:28","Track40"
"404","7402588","tb_track40","3/7/2012 15:29:52","18/11/2013 16:10:28","Track40"
"405","1266332097","tb_track40","3/7/2012 15:29:52","18/11/2013 16:10:28","Track40"
"406","4198524392","tb_track40","3/7/2012 15:29:52","18/11/2013 16:10:28","Track40"
"407","1910452913","tb_track40","3/7/2012 15:29:52","18/11/2013 16:10:28","Track40"
"408","2390801443","tb_track40","3/7/2012 15:29:52","18/11/2013 16:10:28","Track40"
"409","2671978698","tb_track40","3/7/2012 15:29:52","18/11/2013 16:10:28","Track40"
"410","2137348323","tb_track40","3/7/2012 15:29:52","18/11/2013 16:10:28","Track40"
"411","1559614792","tb_track41","3/7/2012 15:29:52","18/11/2013 16:10:28","Track41"
"412","1824973078","tb_track41","3/7/2012 15:29:52","18/11/2013 16:10:28","Track41"
"413","1233697532","tb_track41","3/7/2012 15:29:52","18/11/2013 16:10:28","Track41"
"414","3188917025","tb_track41","3/7/2012 15:29:52","18/11/2013 16:10:28","Track41"
"415","4070832436","tb_track41","3/7/2012 15:29:52","18/11/2013 16:10:28","Track41"
"416","200592975","tb_track41","3/7/2012 15:29:52","18/11/2013 16:10:28","Track41"
"417","656163750","tb_track41","3/7/2012 15:29:52","18/11/2013 16:10:28","Track41"
"418","332455533","tb_track41","3/7/2012 15:29:52","18/11/2013 16:10:28","Track41"
"419","1395771794","tb_track41","3/7/2012 15:29:52","18/11/2013 16:10:28","Track41"
"420","1643349883","tb_track41","3/7/2012 15:29:52","18/11/2013 16:10:28","Track41"
"421","981103801","tb_track42","3/7/2012 15:29:52","18/11/2013 16:10:28","Track42"
"422","1390701420","tb_track42","3/7/2012 15:29:52","18/11/2013 16:10:28","Track42"
"423","3335469034","tb_track42","3/7/2012 15:29:52","18/11/2013 16:10:28","Track42"
"424","3296770080","tb_track42","3/7/2012 15:29:52","18/11/2013 16:10:28","Track42"
"425","2913172981","tb_track42","3/7/2012 15:29:52","18/11/2013 16:10:28","Track42"
"426","3683539296","tb_track42","3/7/2012 15:29:52","18/11/2013 16:10:28","Track42"
"427","557539710","tb_track42","3/7/2012 15:29:52","18/11/2013 16:10:28","Track42"
"428","3667564350","tb_track42","3/7/2012 15:29:52","18/11/2013 16:10:28","Track42"
"429","1819062192","tb_track42","3/7/2012 15:29:52","18/11/2013 16:10:28","Track42"
"430","2278262322","tb_track42","3/7/2012 15:29:52","18/11/2013 16:10:28","Track42"
"431","477845016","tb_track43","3/7/2012 15:29:52","18/11/2013 16:10:28","Track43"
"432","1513901091","tb_track43","3/7/2012 15:29:52","18/11/2013 16:10:28","Track43"
"433","695795334","tb_track43","3/7/2012 15:29:52","18/11/2013 16:10:28","Track43"
"434","4119504216","tb_track43","3/7/2012 15:29:52","18/11/2013 16:10:28","Track43"
"435","2976631366","tb_track43","3/7/2012 15:29:52","18/11/2013 16:10:28","Track43"
"436","4214556323","tb_track43","3/7/2012 15:29:52","18/11/2013 16:10:28","Track43"
"437","3286661118","tb_track43","3/7/2012 15:29:52","18/11/2013 16:10:28","Track43"
"438","717794094","tb_track43","3/7/2012 15:29:52","18/11/2013 16:10:28","Track43"
"439","1354597524","tb_track43","3/7/2012 15:29:52","18/11/2013 16:10:28","Track43"
"440","2584606379","tb_track43","3/7/2012 15:29:52","18/11/2013 16:10:28","Track43"
"441","276806715","tb_track44","3/7/2012 15:29:52","18/11/2013 16:10:28","Track44"
"442","3878820673","tb_track44","3/7/2012 15:29:52","18/11/2013 16:10:28","Track44"
"443","1893076095","tb_track44","3/7/2012 15:29:52","18/11/2013 16:10:28","Track44"
"444","3084864301","tb_track44","3/7/2012 15:29:52","18/11/2013 16:10:28","Track44"
"445","3538315962","tb_track44","3/7/2012 15:29:52","18/11/2013 16:10:28","Track44"
"446","1056754612","tb_track44","3/7/2012 15:29:52","18/11/2013 16:10:28","Track44"
"447","3868772560","tb_track44","3/7/2012 15:29:52","18/11/2013 16:10:28","Track44"
"448","1535180803","tb_track44","3/7/2012 15:29:52","18/11/2013 16:10:28","Track44"
"449","3756180531","tb_track44","3/7/2012 15:29:52","18/11/2013 16:10:28","Track44"
"450","340785774","tb_track44","3/7/2012 15:29:52","18/11/2013 16:10:28","Track44"
"451","2250135847","tb_track45","3/7/2012 15:29:52","18/11/2013 16:10:28","Track45"
"452","738538428","tb_track45","3/7/2012 15:29:52","18/11/2013 16:10:28","Track45"
"453","3298599147","tb_track45","3/7/2012 15:29:52","18/11/2013 16:10:28","Track45"
"454","3999048713","tb_track45","3/7/2012 15:29:52","18/11/2013 16:10:28","Track45"
"455","3907785093","tb_track45","3/7/2012 15:29:52","18/11/2013 16:10:28","Track45"
"456","2341285315","tb_track45","3/7/2012 15:29:52","18/11/2013 16:10:28","Track45"
"457","380787318","tb_track45","3/7/2012 15:29:52","18/11/2013 16:10:28","Track45"
"458","3107390452","tb_track45","3/7/2012 15:29:52","18/11/2013 16:10:28","Track45"
"459","3318473118","tb_track45","3/7/2012 15:29:52","18/11/2013 16:10:28","Track45"
"460","3084308923","tb_track45","3/7/2012 15:29:52","18/11/2013 16:10:28","Track45"
"461","371655296","tb_track46","3/7/2012 15:29:52","18/11/2013 16:10:28","Track46"
"462","4084666676","tb_track46","3/7/2012 15:29:52","18/11/2013 16:10:28","Track46"
"463","3954786868","tb_track46","3/7/2012 15:29:52","18/11/2013 16:10:28","Track46"
"464","2832404164","tb_track46","3/7/2012 15:29:52","18/11/2013 16:10:28","Track46"
"465","2286464014","tb_track46","3/7/2012 15:29:52","18/11/2013 16:10:28","Track46"
"466","1503935919","tb_track46","3/7/2012 15:29:52","18/11/2013 16:10:28","Track46"
"467","1775579657","tb_track46","3/7/2012 15:29:52","18/11/2013 16:10:28","Track46"
"468","2892107200","tb_track46","3/7/2012 15:29:52","18/11/2013 16:10:28","Track46"
"469","348579400","tb_track46","3/7/2012 15:29:52","18/11/2013 16:10:28","Track46"
"470","1765107583","tb_track46","3/7/2012 15:29:52","18/11/2013 16:10:28","Track46"
"471","3952108688","tb_track47","3/7/2012 15:29:52","18/11/2013 16:10:28","Track47"
"472","94817990","tb_track47","3/7/2012 15:29:52","18/11/2013 16:10:28","Track47"
"473","3389417129","tb_track47","3/7/2012 15:29:52","18/11/2013 16:10:28","Track47"
"474","3922112247","tb_track47","3/7/2012 15:29:52","18/11/2013 16:10:28","Track47"
"475","1223702095","tb_track47","3/7/2012 15:29:52","18/11/2013 16:10:28","Track47"
"476","217811639","tb_track47","3/7/2012 15:29:52","18/11/2013 16:10:28","Track47"
"477","649176093","tb_track47","3/7/2012 15:29:52","18/11/2013 16:10:28","Track47"
"478","2202604244","tb_track47","3/7/2012 15:29:52","18/11/2013 16:10:28","Track47"
"479","2735849273","tb_track47","3/7/2012 15:29:52","18/11/2013 16:10:28","Track47"
"480","179959133","tb_track47","3/7/2012 15:29:52","18/11/2013 16:10:28","Track47"
"481","1244703296","tb_track48","3/7/2012 15:29:52","18/11/2013 16:10:28","Track48"
"482","4291597653","tb_track48","3/7/2012 15:29:52","18/11/2013 16:10:28","Track48"
"483","2946016392","tb_track48","3/7/2012 15:29:52","18/11/2013 16:10:28","Track48"
"484","2354185301","tb_track48","3/7/2012 15:29:52","18/11/2013 16:10:28","Track48"
"485","2430987692","tb_track48","3/7/2012 15:29:52","18/11/2013 16:10:28","Track48"
"486","1218242346","tb_track48","3/7/2012 15:29:52","18/11/2013 16:10:28","Track48"
"487","3712064585","tb_track48","3/7/2012 15:29:52","18/11/2013 16:10:28","Track48"
"488","1936410970","tb_track48","3/7/2012 15:29:52","18/11/2013 16:10:28","Track48"
"489","3553798165","tb_track48","3/7/2012 15:29:52","18/11/2013 16:10:28","Track48"
"490","459206046","tb_track48","3/7/2012 15:29:52","18/11/2013 16:10:28","Track48"
"491","1497683551","tb_track49","3/7/2012 15:29:52","18/11/2013 16:10:28","Track49"
"492","1470326197","tb_track49","3/7/2012 15:29:52","18/11/2013 16:10:28","Track49"
"493","3353344374","tb_track49","3/7/2012 15:29:52","18/11/2013 16:10:28","Track49"
"494","2187615478","tb_track49","3/7/2012 15:29:52","18/11/2013 16:10:28","Track49"
"495","1616031781","tb_track49","3/7/2012 15:29:52","18/11/2013 16:10:28","Track49"
"496","3857624787","tb_track49","3/7/2012 15:29:52","18/11/2013 16:10:28","Track49"
"497","2737219040","tb_track49","3/7/2012 15:29:52","18/11/2013 16:10:28","Track49"
"498","1275843294","tb_track49","3/7/2012 15:29:52","18/11/2013 16:10:28","Track49"
"499","3759472197","tb_track49","3/7/2012 15:29:52","18/11/2013 16:10:28","Track49"
"500","3115346089","tb_track49","3/7/2012 15:29:52","18/11/2013 16:10:28","Track49"
"501","1143142599","tb_track50","3/7/2012 15:29:52","18/11/2013 16:10:28","Track50"
"502","1642567040","tb_track50","3/7/2012 15:29:52","18/11/2013 16:10:28","Track50"
"503","1810981653","tb_track50","3/7/2012 15:29:52","18/11/2013 16:10:28","Track50"
"504","405777674","tb_track50","3/7/2012 15:29:52","18/11/2013 16:10:28","Track50"
"505","3561242000","tb_track50","3/7/2012 15:29:52","18/11/2013 16:10:28","Track50"
"506","2846874902","tb_track50","3/7/2012 15:29:52","18/11/2013 16:10:28","Track50"
"507","58226545","tb_track50","3/7/2012 15:29:52","18/11/2013 16:10:28","Track50"
"508","2365895108","tb_track50","3/7/2012 15:29:52","18/11/2013 16:10:28","Track50"
"509","3213995045","tb_track50","3/7/2012 15:29:52","18/11/2013 16:10:28","Track50"
"510","2035720598","tb_track50","3/7/2012 15:29:52","18/11/2013 16:10:28","Track50"
"511","1081092245","tb_track51","3/7/2012 15:29:52","18/11/2013 16:10:28","Track51"
"512","1553913084","tb_track51","3/7/2012 15:29:52","18/11/2013 16:10:28","Track51"
"513","3553540110","tb_track51","3/7/2012 15:29:52","18/11/2013 16:10:28","Track51"
"514","4134509208","tb_track51","3/7/2012 15:29:52","18/11/2013 16:10:28","Track51"
"515","2961759374","tb_track51","3/7/2012 15:29:52","18/11/2013 16:10:28","Track51"
"516","209025131","tb_track51","3/7/2012 15:29:52","18/11/2013 16:10:28","Track51"
"517","1181694243","tb_track51","3/7/2012 15:29:52","18/11/2013 16:10:28","Track51"
"518","1321049337","tb_track51","3/7/2012 15:29:52","18/11/2013 16:10:28","Track51"
"519","4217668930","tb_track51","3/7/2012 15:29:52","18/11/2013 16:10:28","Track51"
"520","877588599","tb_track51","3/7/2012 15:29:52","18/11/2013 16:10:28","Track51"
"521","2860981779","tb_track52","3/7/2012 15:29:52","18/11/2013 16:10:28","Track52"
"522","3349400738","tb_track52","3/7/2012 15:29:52","18/11/2013 16:10:28","Track52"
"523","3346828593","tb_track52","3/7/2012 15:29:52","18/11/2013 16:10:28","Track52"
"524","3567413528","tb_track52","3/7/2012 15:29:52","18/11/2013 16:10:28","Track52"
"525","3991841742","tb_track52","3/7/2012 15:29:52","18/11/2013 16:10:28","Track52"
"526","2189322149","tb_track52","3/7/2012 15:29:52","18/11/2013 16:10:28","Track52"
"527","1095820445","tb_track52","3/7/2012 15:29:52","18/11/2013 16:10:28","Track52"
"528","2347566360","tb_track52","3/7/2012 15:29:52","18/11/2013 16:10:28","Track52"
"529","617420924","tb_track52","3/7/2012 15:29:52","18/11/2013 16:10:28","Track52"
"530","150291812","tb_track52","3/7/2012 15:29:52","18/11/2013 16:10:28","Track52"
"531","3851440059","tb_track53","3/7/2012 15:29:52","18/11/2013 16:10:28","Track53"
"532","4125156878","tb_track53","3/7/2012 15:29:52","18/11/2013 16:10:28","Track53"
"533","3997715006","tb_track53","3/7/2012 15:29:52","18/11/2013 16:10:28","Track53"
"534","2065700484","tb_track53","3/7/2012 15:29:52","18/11/2013 16:10:28","Track53"
"535","4283782361","tb_track53","3/7/2012 15:29:52","18/11/2013 16:10:28","Track53"
"536","1006276269","tb_track53","3/7/2012 15:29:52","18/11/2013 16:10:28","Track53"
"537","1714386771","tb_track53","3/7/2012 15:29:52","18/11/2013 16:10:28","Track53"
"538","1261619871","tb_track53","3/7/2012 15:29:52","18/11/2013 16:10:28","Track53"
"539","923453946","tb_track53","3/7/2012 15:29:52","18/11/2013 16:10:28","Track53"
"540","803977043","tb_track53","3/7/2012 15:29:52","18/11/2013 16:10:28","Track53"
"541","3871672838","tb_track54","3/7/2012 15:29:52","18/11/2013 16:10:28","Track54"
"542","1831083714","tb_track54","3/7/2012 15:29:52","18/11/2013 16:10:28","Track54"
"543","1593458072","tb_track54","3/7/2012 15:29:52","18/11/2013 16:10:28","Track54"
"544","3085260061","tb_track54","3/7/2012 15:29:52","18/11/2013 16:10:28","Track54"
"545","3231096569","tb_track54","3/7/2012 15:29:52","18/11/2013 16:10:28","Track54"
"546","2773668358","tb_track54","3/7/2012 15:29:52","18/11/2013 16:10:28","Track54"
"547","3733524870","tb_track54","3/7/2012 15:29:52","18/11/2013 16:10:28","Track54"
"548","3990668865","tb_track54","3/7/2012 15:29:52","18/11/2013 16:10:28","Track54"
"549","521048065","tb_track54","3/7/2012 15:29:52","18/11/2013 16:10:28","Track54"
"550","2395812053","tb_track54","3/7/2012 15:29:52","18/11/2013 16:10:28","Track54"
"551","1213262413","tb_track55","3/7/2012 15:29:52","18/11/2013 16:10:28","Track55"
"552","3843937399","tb_track55","3/7/2012 15:29:52","18/11/2013 16:10:28","Track55"
"553","3293390057","tb_track55","3/7/2012 15:29:52","18/11/2013 16:10:28","Track55"
"554","762839374","tb_track55","3/7/2012 15:29:52","18/11/2013 16:10:28","Track55"
"555","1698800449","tb_track55","3/7/2012 15:29:52","18/11/2013 16:10:28","Track55"
"556","3378823596","tb_track55","3/7/2012 15:29:52","18/11/2013 16:10:28","Track55"
"557","1010367682","tb_track55","3/7/2012 15:29:52","18/11/2013 16:10:28","Track55"
"558","913622247","tb_track55","3/7/2012 15:29:52","18/11/2013 16:10:28","Track55"
"559","2788027287","tb_track55","3/7/2012 15:29:52","18/11/2013 16:10:28","Track55"
"560","1054968601","tb_track55","3/7/2012 15:29:52","18/11/2013 16:10:28","Track55"
"561","2966149636","tb_track56","3/7/2012 15:29:52","18/11/2013 16:10:28","Track56"
"562","3668408015","tb_track56","3/7/2012 15:29:52","18/11/2013 16:10:28","Track56"
"563","2540211356","tb_track56","3/7/2012 15:29:52","18/11/2013 16:10:28","Track56"
"564","1997941735","tb_track56","3/7/2012 15:29:52","18/11/2013 16:10:28","Track56"
"565","1353219430","tb_track56","3/7/2012 15:29:52","18/11/2013 16:10:28","Track56"
"566","1025475480","tb_track56","3/7/2012 15:29:52","18/11/2013 16:10:28","Track56"
"567","1421181314","tb_track56","3/7/2012 15:29:52","18/11/2013 16:10:28","Track56"
"568","1882933324","tb_track56","3/7/2012 15:29:52","18/11/2013 16:10:28","Track56"
"569","4256604918","tb_track56","3/7/2012 15:29:52","18/11/2013 16:10:28","Track56"
"570","2803826110","tb_track56","3/7/2012 15:29:52","18/11/2013 16:10:28","Track56"
"571","1848223844","tb_track57","3/7/2012 15:29:52","18/11/2013 16:10:28","Track57"
"572","3962329734","tb_track57","3/7/2012 15:29:52","18/11/2013 16:10:28","Track57"
"573","3936843927","tb_track57","3/7/2012 15:29:52","18/11/2013 16:10:28","Track57"
"574","3387489104","tb_track57","3/7/2012 15:29:52","18/11/2013 16:10:28","Track57"
"575","1930882065","tb_track57","3/7/2012 15:29:52","18/11/2013 16:10:28","Track57"
"576","246961217","tb_track57","3/7/2012 15:29:52","18/11/2013 16:10:28","Track57"
"577","662666126","tb_track57","3/7/2012 15:29:52","18/11/2013 16:10:28","Track57"
"578","1237476276","tb_track57","3/7/2012 15:29:52","18/11/2013 16:10:28","Track57"
"579","2514861872","tb_track57","3/7/2012 15:29:52","18/11/2013 16:10:28","Track57"
"580","2022666820","tb_track57","3/7/2012 15:29:52","18/11/2013 16:10:28","Track57"
"581","2892907832","tb_track58","3/7/2012 15:29:52","18/11/2013 16:10:28","Track58"
"582","1003426624","tb_track58","3/7/2012 15:29:52","18/11/2013 16:10:28","Track58"
"583","998100358","tb_track58","3/7/2012 15:29:52","18/11/2013 16:10:28","Track58"
"584","3784188388","tb_track58","3/7/2012 15:29:52","18/11/2013 16:10:28","Track58"
"585","740088752","tb_track58","3/7/2012 15:29:52","18/11/2013 16:10:28","Track58"
"586","2827591658","tb_track58","3/7/2012 15:29:52","18/11/2013 16:10:28","Track58"
"587","1884915765","tb_track58","3/7/2012 15:29:52","18/11/2013 16:10:28","Track58"
"588","3926408637","tb_track58","3/7/2012 15:29:52","18/11/2013 16:10:28","Track58"
"589","830664114","tb_track58","3/7/2012 15:29:52","18/11/2013 16:10:28","Track58"
"590","1156565108","tb_track58","3/7/2012 15:29:52","18/11/2013 16:10:28","Track58"
"591","880814898","tb_track59","3/7/2012 15:29:52","18/11/2013 16:10:28","Track59"
"592","1095769006","tb_track59","3/7/2012 15:29:52","18/11/2013 16:10:28","Track59"
"593","207444759","tb_track59","3/7/2012 15:29:52","18/11/2013 16:10:28","Track59"
"594","3781442657","tb_track59","3/7/2012 15:29:52","18/11/2013 16:10:28","Track59"
"595","1491625206","tb_track59","3/7/2012 15:29:52","18/11/2013 16:10:28","Track59"
"596","3780042614","tb_track59","3/7/2012 15:29:52","18/11/2013 16:10:28","Track59"
"597","1078369946","tb_track59","3/7/2012 15:29:52","18/11/2013 16:10:28","Track59"
"598","3525409362","tb_track59","3/7/2012 15:29:52","18/11/2013 16:10:28","Track59"
"599","961351581","tb_track59","3/7/2012 15:29:52","18/11/2013 16:10:28","Track59"
"600","1768823603","tb_track59","3/7/2012 15:29:52","18/11/2013 16:10:28","Track59"
"601","493421025","tb_track60","3/7/2012 15:29:52","18/11/2013 16:10:28","Track60"
"602","399716910","tb_track60","3/7/2012 15:29:52","18/11/2013 16:10:28","Track60"
"603","504525152","tb_track60","3/7/2012 15:29:52","18/11/2013 16:10:28","Track60"
"604","2334882582","tb_track60","3/7/2012 15:29:52","18/11/2013 16:10:28","Track60"
"605","883285273","tb_track60","3/7/2012 15:29:52","18/11/2013 16:10:28","Track60"
"606","3359222799","tb_track60","3/7/2012 15:29:52","18/11/2013 16:10:28","Track60"
"607","4077087673","tb_track60","3/7/2012 15:29:52","18/11/2013 16:10:28","Track60"
"608","381357251","tb_track60","3/7/2012 15:29:52","18/11/2013 16:10:28","Track60"
"609","1075872832","tb_track60","3/7/2012 15:29:52","18/11/2013 16:10:28","Track60"
"610","3000775868","tb_track60","3/7/2012 15:29:52","18/11/2013 16:10:28","Track60"
"611","4214622131","tb_track61","3/7/2012 15:29:52","18/11/2013 16:10:28","Track61"
"612","2159302017","tb_track61","3/7/2012 15:29:52","18/11/2013 16:10:28","Track61"
"613","3432018800","tb_track61","3/7/2012 15:29:52","18/11/2013 16:10:28","Track61"
"614","994143838","tb_track61","3/7/2012 15:29:52","18/11/2013 16:10:28","Track61"
"615","2871077515","tb_track61","3/7/2012 15:29:52","18/11/2013 16:10:28","Track61"
"616","2642126294","tb_track61","3/7/2012 15:29:52","18/11/2013 16:10:28","Track61"
"617","57129764","tb_track61","3/7/2012 15:29:52","18/11/2013 16:10:28","Track61"
"618","1830996597","tb_track61","3/7/2012 15:29:52","18/11/2013 16:10:28","Track61"
"619","1189959497","tb_track61","3/7/2012 15:29:52","18/11/2013 16:10:28","Track61"
"620","2255683950","tb_track61","3/7/2012 15:29:52","18/11/2013 16:10:28","Track61"
"621","822071289","tb_track62","3/7/2012 15:29:52","18/11/2013 16:10:28","Track62"
"622","2427572410","tb_track62","3/7/2012 15:29:52","18/11/2013 16:10:28","Track62"
"623","2133432006","tb_track62","3/7/2012 15:29:52","18/11/2013 16:10:28","Track62"
"624","589755390","tb_track62","3/7/2012 15:29:52","18/11/2013 16:10:28","Track62"
"625","3920952241","tb_track62","3/7/2012 15:29:52","18/11/2013 16:10:28","Track62"
"626","1523853714","tb_track62","3/7/2012 15:29:52","18/11/2013 16:10:28","Track62"
"627","973399356","tb_track62","3/7/2012 15:29:52","18/11/2013 16:10:28","Track62"
"628","1686106006","tb_track62","3/7/2012 15:29:52","18/11/2013 16:10:28","Track62"
"629","3682926183","tb_track62","3/7/2012 15:29:52","18/11/2013 16:10:28","Track62"
"630","1821446913","tb_track62","3/7/2012 15:29:52","18/11/2013 16:10:28","Track62"
"631","319943729","tb_track63","3/7/2012 15:29:52","18/11/2013 16:10:28","Track63"
"632","4033490017","tb_track63","3/7/2012 15:29:52","18/11/2013 16:10:28","Track63"
"633","724843033","tb_track63","3/7/2012 15:29:52","18/11/2013 16:10:28","Track63"
"634","1868451333","tb_track63","3/7/2012 15:29:52","18/11/2013 16:10:28","Track63"
"635","1933076121","tb_track63","3/7/2012 15:29:52","18/11/2013 16:10:28","Track63"
"636","3267395726","tb_track63","3/7/2012 15:29:52","18/11/2013 16:10:28","Track63"
"637","229752578","tb_track63","3/7/2012 15:29:52","18/11/2013 16:10:28","Track63"
"638","2184100799","tb_track63","3/7/2012 15:29:52","18/11/2013 16:10:28","Track63"
"639","1032148206","tb_track63","3/7/2012 15:29:52","18/11/2013 16:10:28","Track63"
"640","1490186588","tb_track63","3/7/2012 15:29:52","18/11/2013 16:10:28","Track63"
"641","391630298","tb_track64","3/7/2012 15:29:52","18/11/2013 16:10:28","Track64"
"642","3125676724","tb_track64","3/7/2012 15:29:52","18/11/2013 16:10:28","Track64"
"643","2446218681","tb_track64","3/7/2012 15:29:52","18/11/2013 16:10:28","Track64"
"644","1033373637","tb_track64","3/7/2012 15:29:52","18/11/2013 16:10:29","Track64"
"645","2721975239","tb_track64","3/7/2012 15:29:52","18/11/2013 16:10:29","Track64"
"646","1134637539","tb_track64","3/7/2012 15:29:52","18/11/2013 16:10:29","Track64"
"647","1011295078","tb_track64","3/7/2012 15:29:52","18/11/2013 16:10:29","Track64"
"648","206725757","tb_track64","3/7/2012 15:29:52","18/11/2013 16:10:29","Track64"
"649","1694711120","tb_track64","3/7/2012 15:29:52","18/11/2013 16:10:29","Track64"
"650","2721580308","tb_track64","3/7/2012 15:29:52","18/11/2013 16:10:29","Track64"
"651","110728957","tb_track65","3/7/2012 15:29:52","18/11/2013 16:10:29","Track65"
"652","3864090663","tb_track65","3/7/2012 15:29:52","18/11/2013 16:10:29","Track65"
"653","642623673","tb_track65","3/7/2012 15:29:52","18/11/2013 16:10:29","Track65"
"654","1062294010","tb_track65","3/7/2012 15:29:52","18/11/2013 16:10:29","Track65"
"655","2133277376","tb_track65","3/7/2012 15:29:52","18/11/2013 16:10:29","Track65"
"656","452903692","tb_track65","3/7/2012 15:29:52","18/11/2013 16:10:29","Track65"
"657","2986199765","tb_track65","3/7/2012 15:29:52","18/11/2013 16:10:29","Track65"
"658","2867041883","tb_track65","3/7/2012 15:29:52","18/11/2013 16:10:29","Track65"
"659","2942055592","tb_track65","3/7/2012 15:29:52","18/11/2013 16:10:29","Track65"
"660","2937964482","tb_track65","3/7/2012 15:29:52","18/11/2013 16:10:29","Track65"
"661","1498382937","tb_track66","3/7/2012 15:29:52","18/11/2013 16:10:29","Track66"
"662","2031860730","tb_track66","3/7/2012 15:29:52","18/11/2013 16:10:29","Track66"
"663","1477510254","tb_track66","3/7/2012 15:29:52","18/11/2013 16:10:29","Track66"
"664","3950413164","tb_track66","3/7/2012 15:29:52","18/11/2013 16:10:29","Track66"
"665","272428358","tb_track66","3/7/2012 15:29:52","18/11/2013 16:10:29","Track66"
"666","3837853363","tb_track66","3/7/2012 15:29:52","18/11/2013 16:10:29","Track66"
"667","2317273718","tb_track66","3/7/2012 15:29:52","18/11/2013 16:10:29","Track66"
"668","2253865184","tb_track66","3/7/2012 15:29:52","18/11/2013 16:10:29","Track66"
"669","2055328563","tb_track66","3/7/2012 15:29:52","18/11/2013 16:10:29","Track66"
"670","1176119734","tb_track66","3/7/2012 15:29:52","18/11/2013 16:10:29","Track66"
"671","3031811760","tb_track67","3/7/2012 15:29:52","18/11/2013 16:10:29","Track67"
"672","712106131","tb_track67","3/7/2012 15:29:52","18/11/2013 16:10:29","Track67"
"673","1304689863","tb_track67","3/7/2012 15:29:52","18/11/2013 16:10:29","Track67"
"674","2746454156","tb_track67","3/7/2012 15:29:52","18/11/2013 16:10:29","Track67"
"675","1835838874","tb_track67","3/7/2012 15:29:52","18/11/2013 16:10:29","Track67"
"676","1817458321","tb_track67","3/7/2012 15:29:52","18/11/2013 16:10:29","Track67"
"677","1567548765","tb_track67","3/7/2012 15:29:52","18/11/2013 16:10:29","Track67"
"678","2761293520","tb_track67","3/7/2012 15:29:52","18/11/2013 16:10:29","Track67"
"679","3432469646","tb_track67","3/7/2012 15:29:52","18/11/2013 16:10:29","Track67"
"680","4053195225","tb_track67","3/7/2012 15:29:52","18/11/2013 16:10:29","Track67"
"681","976377798","tb_track68","3/7/2012 15:29:52","18/11/2013 16:10:29","Track68"
"682","3420533082","tb_track68","3/7/2012 15:29:52","18/11/2013 16:10:29","Track68"
"683","669270730","tb_track68","3/7/2012 15:29:52","18/11/2013 16:10:29","Track68"
"684","2661923371","tb_track68","3/7/2012 15:29:52","18/11/2013 16:10:29","Track68"
"685","3312419499","tb_track68","3/7/2012 15:29:52","18/11/2013 16:10:29","Track68"
"686","3915470187","tb_track68","3/7/2012 15:29:52","18/11/2013 16:10:29","Track68"
"687","1241748040","tb_track68","3/7/2012 15:29:52","18/11/2013 16:10:29","Track68"
"688","1130500822","tb_track68","3/7/2012 15:29:52","18/11/2013 16:10:29","Track68"
"689","1726569567","tb_track68","3/7/2012 15:29:52","18/11/2013 16:10:29","Track68"
"690","314869687","tb_track68","3/7/2012 15:29:52","18/11/2013 16:10:29","Track68"
"691","1728367785","tb_track69","3/7/2012 15:29:52","18/11/2013 16:10:29","Track69"
"692","1412960654","tb_track69","3/7/2012 15:29:52","18/11/2013 16:10:29","Track69"
"693","3961447474","tb_track69","3/7/2012 15:29:52","18/11/2013 16:10:29","Track69"
"694","4042680810","tb_track69","3/7/2012 15:29:52","18/11/2013 16:10:29","Track69"
"695","2340678737","tb_track69","3/7/2012 15:29:52","18/11/2013 16:10:29","Track69"
"696","1165975264","tb_track69","3/7/2012 15:29:52","18/11/2013 16:10:29","Track69"
"697","2305341139","tb_track69","3/7/2012 15:29:52","18/11/2013 16:10:29","Track69"
"698","488313183","tb_track69","3/7/2012 15:29:52","18/11/2013 16:10:29","Track69"
"699","3936626057","tb_track69","3/7/2012 15:29:52","18/11/2013 16:10:29","Track69"
"700","4055255435","tb_track69","3/7/2012 15:29:52","18/11/2013 16:10:29","Track69"
"701","2664039588","tb_track70","3/7/2012 15:29:52","18/11/2013 16:10:29","Track70"
"702","805947531","tb_track70","3/7/2012 15:29:52","18/11/2013 16:10:29","Track70"
"703","3911918765","tb_track70","3/7/2012 15:29:52","18/11/2013 16:10:29","Track70"
"704","3388981059","tb_track70","3/7/2012 15:29:52","18/11/2013 16:10:29","Track70"
"705","1947424228","tb_track70","3/7/2012 15:29:52","18/11/2013 16:10:29","Track70"
"706","1986058604","tb_track70","3/7/2012 15:29:52","18/11/2013 16:10:29","Track70"
"707","2187211098","tb_track70","3/7/2012 15:29:52","18/11/2013 16:10:29","Track70"
"708","2999944415","tb_track70","3/7/2012 15:29:52","18/11/2013 16:10:29","Track70"
"709","812019079","tb_track70","3/7/2012 15:29:52","18/11/2013 16:10:29","Track70"
"710","3016145421","tb_track70","3/7/2012 15:29:52","18/11/2013 16:10:29","Track70"
"711","4258685774","tb_track71","3/7/2012 15:29:52","18/11/2013 16:10:29","Track71"
"712","2430325056","tb_track71","3/7/2012 15:29:52","18/11/2013 16:10:29","Track71"
"713","2273119826","tb_track71","3/7/2012 15:29:52","18/11/2013 16:10:29","Track71"
"714","1173779038","tb_track71","3/7/2012 15:29:52","18/11/2013 16:10:29","Track71"
"715","94603888","tb_track71","3/7/2012 15:29:52","18/11/2013 16:10:29","Track71"
"716","2840505661","tb_track71","3/7/2012 15:29:52","18/11/2013 16:10:29","Track71"
"717","885306982","tb_track71","3/7/2012 15:29:52","18/11/2013 16:10:29","Track71"
"718","4098178202","tb_track71","3/7/2012 15:29:52","18/11/2013 16:10:29","Track71"
"719","892682906","tb_track71","3/7/2012 15:29:52","18/11/2013 16:10:29","Track71"
"720","3239757569","tb_track71","3/7/2012 15:29:52","18/11/2013 16:10:29","Track71"
"721","4273913623","tb_track72","3/7/2012 15:29:52","18/11/2013 16:10:29","Track72"
"722","1373074389","tb_track72","3/7/2012 15:29:52","18/11/2013 16:10:29","Track72"
"723","2376573424","tb_track72","3/7/2012 15:29:52","18/11/2013 16:10:29","Track72"
"724","3371085383","tb_track72","3/7/2012 15:29:52","18/11/2013 16:10:29","Track72"
"725","3720973274","tb_track72","3/7/2012 15:29:52","18/11/2013 16:10:29","Track72"
"726","2750536865","tb_track72","3/7/2012 15:29:52","18/11/2013 16:10:29","Track72"
"727","1538629936","tb_track72","3/7/2012 15:29:52","18/11/2013 16:10:29","Track72"
"728","913143554","tb_track72","3/7/2012 15:29:52","18/11/2013 16:10:29","Track72"
"729","129427327","tb_track72","3/7/2012 15:29:52","18/11/2013 16:10:29","Track72"
"730","3313750400","tb_track72","3/7/2012 15:29:52","18/11/2013 16:10:29","Track72"
"731","418053141","tb_track73","3/7/2012 15:29:52","18/11/2013 16:10:29","Track73"
"732","1155886504","tb_track73","3/7/2012 15:29:52","18/11/2013 16:10:29","Track73"
"733","1884590438","tb_track73","3/7/2012 15:29:52","18/11/2013 16:10:29","Track73"
"734","2535268441","tb_track73","3/7/2012 15:29:52","18/11/2013 16:10:29","Track73"
"735","2414928053","tb_track73","3/7/2012 15:29:52","18/11/2013 16:10:29","Track73"
"736","639080931","tb_track73","3/7/2012 15:29:52","18/11/2013 16:10:29","Track73"
"737","2989190301","tb_track73","3/7/2012 15:29:52","18/11/2013 16:10:29","Track73"
"738","314892995","tb_track73","3/7/2012 15:29:52","18/11/2013 16:10:29","Track73"
"739","3318645016","tb_track73","3/7/2012 15:29:52","18/11/2013 16:10:29","Track73"
"740","373022498","tb_track73","3/7/2012 15:29:52","18/11/2013 16:10:29","Track73"
"741","1349878494","tb_track74","3/7/2012 15:29:52","18/11/2013 16:10:29","Track74"
"742","678969729","tb_track74","3/7/2012 15:29:52","18/11/2013 16:10:29","Track74"
"743","1347168482","tb_track74","3/7/2012 15:29:52","18/11/2013 16:10:29","Track74"
"744","3263769709","tb_track74","3/7/2012 15:29:52","18/11/2013 16:10:29","Track74"
"745","244226090","tb_track74","3/7/2012 15:29:52","18/11/2013 16:10:29","Track74"
"746","1219529525","tb_track74","3/7/2012 15:29:52","18/11/2013 16:10:29","Track74"
"747","2731925344","tb_track74","3/7/2012 15:29:52","18/11/2013 16:10:29","Track74"
"748","1869717583","tb_track74","3/7/2012 15:29:52","18/11/2013 16:10:29","Track74"
"749","2583674347","tb_track74","3/7/2012 15:29:52","18/11/2013 16:10:29","Track74"
"750","3904309480","tb_track74","3/7/2012 15:29:52","18/11/2013 16:10:29","Track74"
"751","3216299849","tb_track75","3/7/2012 15:29:52","18/11/2013 16:10:29","Track75"
"752","4235829211","tb_track75","3/7/2012 15:29:52","18/11/2013 16:10:29","Track75"
"753","1543474719","tb_track75","3/7/2012 15:29:52","18/11/2013 16:10:29","Track75"
"754","655337367","tb_track75","3/7/2012 15:29:52","18/11/2013 16:10:29","Track75"
"755","1452728290","tb_track75","3/7/2012 15:29:52","18/11/2013 16:10:29","Track75"
"756","3380257709","tb_track75","3/7/2012 15:29:52","18/11/2013 16:10:29","Track75"
"757","463135604","tb_track75","3/7/2012 15:29:52","18/11/2013 16:10:29","Track75"
"758","1158310683","tb_track75","3/7/2012 15:29:52","18/11/2013 16:10:29","Track75"
"759","2316112382","tb_track75","3/7/2012 15:29:52","18/11/2013 16:10:29","Track75"
"760","3755789397","tb_track75","3/7/2012 15:29:52","18/11/2013 16:10:29","Track75"
"761","3529825305","tb_track76","3/7/2012 15:29:52","18/11/2013 16:10:29","Track76"
"762","1701475035","tb_track76","3/7/2012 15:29:52","18/11/2013 16:10:29","Track76"
"763","1742787295","tb_track76","3/7/2012 15:29:52","18/11/2013 16:10:29","Track76"
"764","447060502","tb_track76","3/7/2012 15:29:52","18/11/2013 16:10:29","Track76"
"765","2908277733","tb_track76","3/7/2012 15:29:52","18/11/2013 16:10:29","Track76"
"766","1469058203","tb_track76","3/7/2012 15:29:52","18/11/2013 16:10:29","Track76"
"767","296269002","tb_track76","3/7/2012 15:29:52","18/11/2013 16:10:29","Track76"
"768","2037145847","tb_track76","3/7/2012 15:29:52","18/11/2013 16:10:29","Track76"
"769","3868042136","tb_track76","3/7/2012 15:29:52","18/11/2013 16:10:29","Track76"
"770","431169685","tb_track76","3/7/2012 15:29:52","18/11/2013 16:10:29","Track76"
"771","1119914506","tb_track77","3/7/2012 15:29:52","18/11/2013 16:10:29","Track77"
"772","622327429","tb_track77","3/7/2012 15:29:52","18/11/2013 16:10:29","Track77"
"773","1998966207","tb_track77","3/7/2012 15:29:52","18/11/2013 16:10:29","Track77"
"774","764136458","tb_track77","3/7/2012 15:29:52","18/11/2013 16:10:29","Track77"
"775","99680767","tb_track77","3/7/2012 15:29:52","18/11/2013 16:10:29","Track77"
"776","2395033127","tb_track77","3/7/2012 15:29:52","18/11/2013 16:10:29","Track77"
"777","847566949","tb_track77","3/7/2012 15:29:52","18/11/2013 16:10:29","Track77"
"778","3889667294","tb_track77","3/7/2012 15:29:52","18/11/2013 16:10:29","Track77"
"779","837496028","tb_track77","3/7/2012 15:29:52","18/11/2013 16:10:29","Track77"
"780","2008516714","tb_track77","3/7/2012 15:29:52","18/11/2013 16:10:29","Track77"
"781","895686551","tb_track78","3/7/2012 15:29:52","18/11/2013 16:10:29","Track78"
"782","189645329","tb_track78","3/7/2012 15:29:52","18/11/2013 16:10:29","Track78"
"783","1922538725","tb_track78","3/7/2012 15:29:52","18/11/2013 16:10:29","Track78"
"784","2126267834","tb_track78","3/7/2012 15:29:52","18/11/2013 16:10:29","Track78"
"785","1255171126","tb_track78","3/7/2012 15:29:52","18/11/2013 16:10:29","Track78"
"786","3431505056","tb_track78","3/7/2012 15:29:52","18/11/2013 16:10:29","Track78"
"787","2294930637","tb_track78","3/7/2012 15:29:52","18/11/2013 16:10:29","Track78"
"788","3391771657","tb_track78","3/7/2012 15:29:52","18/11/2013 16:10:29","Track78"
"789","2650686755","tb_track78","3/7/2012 15:29:52","18/11/2013 16:10:29","Track78"
"790","2483523161","tb_track78","3/7/2012 15:29:52","18/11/2013 16:10:29","Track78"
"791","2533535618","tb_track79","3/7/2012 15:29:52","18/11/2013 16:10:29","Track79"
"792","1950595710","tb_track79","3/7/2012 15:29:52","18/11/2013 16:10:29","Track79"
"793","3910598455","tb_track79","3/7/2012 15:29:52","18/11/2013 16:10:29","Track79"
"794","126791359","tb_track79","3/7/2012 15:29:52","18/11/2013 16:10:29","Track79"
"795","2976326284","tb_track79","3/7/2012 15:29:52","18/11/2013 16:10:29","Track79"
"796","281671309","tb_track79","3/7/2012 15:29:52","18/11/2013 16:10:29","Track79"
"797","3690831300","tb_track79","3/7/2012 15:29:52","18/11/2013 16:10:29","Track79"
"798","2009667897","tb_track79","3/7/2012 15:29:52","18/11/2013 16:10:29","Track79"
"799","2083089826","tb_track79","3/7/2012 15:29:52","18/11/2013 16:10:29","Track79"
"800","3754592122","tb_track79","3/7/2012 15:29:52","18/11/2013 16:10:29","Track79"
"801","4173482242","tb_track80","3/7/2012 15:29:52","18/11/2013 16:10:29","Track80"
"802","2486243160","tb_track80","3/7/2012 15:29:52","18/11/2013 16:10:29","Track80"
"803","1264219139","tb_track80","3/7/2012 15:29:52","18/11/2013 16:10:29","Track80"
"804","3958848627","tb_track80","3/7/2012 15:29:52","18/11/2013 16:10:29","Track80"
"805","2430682651","tb_track80","3/7/2012 15:29:52","18/11/2013 16:10:29","Track80"
"806","1278126188","tb_track80","3/7/2012 15:29:52","18/11/2013 16:10:29","Track80"
"807","2432681996","tb_track80","3/7/2012 15:29:52","18/11/2013 16:10:29","Track80"
"808","1592997366","tb_track80","3/7/2012 15:29:52","18/11/2013 16:10:29","Track80"
"809","1731937668","tb_track80","3/7/2012 15:29:52","18/11/2013 16:10:29","Track80"
"810","3718501194","tb_track80","3/7/2012 15:29:52","18/11/2013 16:10:29","Track80"
"811","2115519897","tb_track81","3/7/2012 15:29:52","18/11/2013 16:10:29","Track81"
"812","13512792","tb_track81","3/7/2012 15:29:52","18/11/2013 16:10:29","Track81"
"813","3418869480","tb_track81","3/7/2012 15:29:52","18/11/2013 16:10:29","Track81"
"814","3278366230","tb_track81","3/7/2012 15:29:52","18/11/2013 16:10:29","Track81"
"815","1388686974","tb_track81","3/7/2012 15:29:52","18/11/2013 16:10:29","Track81"
"816","2091020644","tb_track81","3/7/2012 15:29:52","18/11/2013 16:10:29","Track81"
"817","165421753","tb_track81","3/7/2012 15:29:52","18/11/2013 16:10:29","Track81"
"818","2373830691","tb_track81","3/7/2012 15:29:52","18/11/2013 16:10:29","Track81"
"819","1194667609","tb_track81","3/7/2012 15:29:52","18/11/2013 16:10:29","Track81"
"820","3125073546","tb_track81","3/7/2012 15:29:52","18/11/2013 16:10:29","Track81"
"821","1624461627","tb_track82","3/7/2012 15:29:52","18/11/2013 16:10:29","Track82"
"822","108291042","tb_track82","3/7/2012 15:29:52","18/11/2013 16:10:29","Track82"
"823","3177377522","tb_track82","3/7/2012 15:29:52","18/11/2013 16:10:29","Track82"
"824","3499642462","tb_track82","3/7/2012 15:29:52","18/11/2013 16:10:29","Track82"
"825","557214557","tb_track82","3/7/2012 15:29:52","18/11/2013 16:10:29","Track82"
"826","2157619384","tb_track82","3/7/2012 15:29:52","18/11/2013 16:10:29","Track82"
"827","3087040942","tb_track82","3/7/2012 15:29:52","18/11/2013 16:10:29","Track82"
"828","1465514137","tb_track82","3/7/2012 15:29:52","18/11/2013 16:10:29","Track82"
"829","4006731264","tb_track82","3/7/2012 15:29:52","18/11/2013 16:10:29","Track82"
"830","2988671481","tb_track82","3/7/2012 15:29:52","18/11/2013 16:10:29","Track82"
"831","668307679","tb_track83","3/7/2012 15:29:52","18/11/2013 16:10:29","Track83"
"832","461666558","tb_track83","3/7/2012 15:29:52","18/11/2013 16:10:29","Track83"
"833","4023367212","tb_track83","3/7/2012 15:29:52","18/11/2013 16:10:29","Track83"
"834","1441263143","tb_track83","3/7/2012 15:29:52","18/11/2013 16:10:29","Track83"
"835","3720348193","tb_track83","3/7/2012 15:29:52","18/11/2013 16:10:29","Track83"
"836","889140726","tb_track83","3/7/2012 15:29:52","18/11/2013 16:10:29","Track83"
"837","3626658238","tb_track83","3/7/2012 15:29:52","18/11/2013 16:10:29","Track83"
"838","3820200424","tb_track83","3/7/2012 15:29:52","18/11/2013 16:10:29","Track83"
"839","2962713630","tb_track83","3/7/2012 15:29:52","18/11/2013 16:10:29","Track83"
"840","2507182065","tb_track83","3/7/2012 15:29:52","18/11/2013 16:10:29","Track83"
"841","2409425011","tb_track84","3/7/2012 15:29:52","18/11/2013 16:10:29","Track84"
"842","4228980511","tb_track84","3/7/2012 15:29:52","18/11/2013 16:10:29","Track84"
"843","1618944930","tb_track84","3/7/2012 15:29:52","18/11/2013 16:10:29","Track84"
"844","1944569412","tb_track84","3/7/2012 15:29:52","18/11/2013 16:10:29","Track84"
"845","2041852987","tb_track84","3/7/2012 15:29:52","18/11/2013 16:10:29","Track84"
"846","3070041273","tb_track84","3/7/2012 15:29:52","18/11/2013 16:10:29","Track84"
"847","28555629","tb_track84","3/7/2012 15:29:52","18/11/2013 16:10:29","Track84"
"848","3960082398","tb_track84","3/7/2012 15:29:52","18/11/2013 16:10:29","Track84"
"849","3112560697","tb_track84","3/7/2012 15:29:52","18/11/2013 16:10:29","Track84"
"850","2783220991","tb_track84","3/7/2012 15:29:52","18/11/2013 16:10:29","Track84"
"851","2366621872","tb_track85","3/7/2012 15:29:52","18/11/2013 16:10:29","Track85"
"852","2150304016","tb_track85","3/7/2012 15:29:52","18/11/2013 16:10:29","Track85"
"853","1224095506","tb_track85","3/7/2012 15:29:52","18/11/2013 16:10:29","Track85"
"854","720139202","tb_track85","3/7/2012 15:29:52","18/11/2013 16:10:29","Track85"
"855","1820268224","tb_track85","3/7/2012 15:29:52","18/11/2013 16:10:29","Track85"
"856","2654904906","tb_track85","3/7/2012 15:29:52","18/11/2013 16:10:29","Track85"
"857","2242318250","tb_track85","3/7/2012 15:29:52","18/11/2013 16:10:29","Track85"
"858","3963250255","tb_track85","3/7/2012 15:29:52","18/11/2013 16:10:29","Track85"
"859","3226936280","tb_track85","3/7/2012 15:29:52","18/11/2013 16:10:29","Track85"
"860","2565080922","tb_track85","3/7/2012 15:29:52","18/11/2013 16:10:29","Track85"
"861","624245042","tb_track86","3/7/2012 15:29:52","18/11/2013 16:10:29","Track86"
"862","274073240","tb_track86","3/7/2012 15:29:52","18/11/2013 16:10:29","Track86"
"863","229316447","tb_track86","3/7/2012 15:29:52","18/11/2013 16:10:29","Track86"
"864","3767771526","tb_track86","3/7/2012 15:29:52","18/11/2013 16:10:29","Track86"
"865","2421130639","tb_track86","3/7/2012 15:29:52","18/11/2013 16:10:29","Track86"
"866","2202134281","tb_track86","3/7/2012 15:29:52","18/11/2013 16:10:29","Track86"
"867","2655388897","tb_track86","3/7/2012 15:29:52","18/11/2013 16:10:29","Track86"
"868","519789377","tb_track86","3/7/2012 15:29:52","18/11/2013 16:10:29","Track86"
"869","352564840","tb_track86","3/7/2012 15:29:52","18/11/2013 16:10:29","Track86"
"870","1520730641","tb_track86","3/7/2012 15:29:52","18/11/2013 16:10:29","Track86"
"871","3774590512","tb_track87","3/7/2012 15:29:52","18/11/2013 16:10:29","Track87"
"872","3425847299","tb_track87","3/7/2012 15:29:52","18/11/2013 16:10:29","Track87"
"873","756604774","tb_track87","3/7/2012 15:29:52","18/11/2013 16:10:29","Track87"
"874","4083688849","tb_track87","3/7/2012 15:29:52","18/11/2013 16:10:29","Track87"
"875","1572195483","tb_track87","3/7/2012 15:29:52","18/11/2013 16:10:29","Track87"
"876","784757901","tb_track87","3/7/2012 15:29:52","18/11/2013 16:10:29","Track87"
"877","2145764816","tb_track87","3/7/2012 15:29:52","18/11/2013 16:10:29","Track87"
"878","3608478096","tb_track87","3/7/2012 15:29:52","18/11/2013 16:10:29","Track87"
"879","2841566641","tb_track87","3/7/2012 15:29:52","18/11/2013 16:10:29","Track87"
"880","3411400944","tb_track87","3/7/2012 15:29:52","18/11/2013 16:10:29","Track87"
"881","3087990661","tb_track88","3/7/2012 15:29:52","18/11/2013 16:10:29","Track88"
"882","58144175","tb_track88","3/7/2012 15:29:52","18/11/2013 16:10:29","Track88"
"883","1464133275","tb_track88","3/7/2012 15:29:52","18/11/2013 16:10:29","Track88"
"884","2544323752","tb_track88","3/7/2012 15:29:52","18/11/2013 16:10:29","Track88"
"885","3606436664","tb_track88","3/7/2012 15:29:52","18/11/2013 16:10:29","Track88"
"886","1051446675","tb_track88","3/7/2012 15:29:52","18/11/2013 16:10:29","Track88"
"887","402811342","tb_track88","3/7/2012 15:29:52","18/11/2013 16:10:29","Track88"
"888","2669920694","tb_track88","3/7/2012 15:29:52","18/11/2013 16:10:29","Track88"
"889","2787048757","tb_track88","3/7/2012 15:29:52","18/11/2013 16:10:29","Track88"
"890","2643955728","tb_track88","3/7/2012 15:29:52","18/11/2013 16:10:29","Track88"
"891","1558280112","tb_track89","3/7/2012 15:29:52","18/11/2013 16:10:29","Track89"
"892","292349498","tb_track89","3/7/2012 15:29:52","18/11/2013 16:10:29","Track89"
"893","2102926964","tb_track89","3/7/2012 15:29:52","18/11/2013 16:10:29","Track89"
"894","177233201","tb_track89","3/7/2012 15:29:52","18/11/2013 16:10:29","Track89"
"895","307768105","tb_track89","3/7/2012 15:29:52","18/11/2013 16:10:29","Track89"
"896","1709460223","tb_track89","3/7/2012 15:29:52","18/11/2013 16:10:29","Track89"
"897","2309643706","tb_track89","3/7/2012 15:29:52","18/11/2013 16:10:29","Track89"
"898","1484149607","tb_track89","3/7/2012 15:29:52","18/11/2013 16:10:29","Track89"
"899","825751091","tb_track89","3/7/2012 15:29:52","18/11/2013 16:10:29","Track89"
"900","255865153","tb_track89","3/7/2012 15:29:52","18/11/2013 16:10:29","Track89"
"901","4213155553","tb_track90","3/7/2012 15:29:52","18/11/2013 16:10:29","Track90"
"902","2876742171","tb_track90","3/7/2012 15:29:52","18/11/2013 16:10:29","Track90"
"903","3002280931","tb_track90","3/7/2012 15:29:52","18/11/2013 16:10:29","Track90"
"904","1200920514","tb_track90","3/7/2012 15:29:52","18/11/2013 16:10:29","Track90"
"905","322610726","tb_track90","3/7/2012 15:29:52","18/11/2013 16:10:29","Track90"
"906","3142769785","tb_track90","3/7/2012 15:29:52","18/11/2013 16:10:29","Track90"
"907","1717694955","tb_track90","3/7/2012 15:29:52","18/11/2013 16:10:29","Track90"
"908","846856962","tb_track90","3/7/2012 15:29:52","18/11/2013 16:10:29","Track90"
"909","3974813253","tb_track90","3/7/2012 15:29:52","18/11/2013 16:10:29","Track90"
"910","1173803699","tb_track90","3/7/2012 15:29:52","18/11/2013 16:10:29","Track90"
"911","195746590","tb_track91","3/7/2012 15:29:52","18/11/2013 16:10:29","Track91"
"912","2082998991","tb_track91","3/7/2012 15:29:52","18/11/2013 16:10:29","Track91"
"913","814659147","tb_track91","3/7/2012 15:29:52","18/11/2013 16:10:29","Track91"
"914","2160910364","tb_track91","3/7/2012 15:29:52","18/11/2013 16:10:29","Track91"
"915","784299072","tb_track91","3/7/2012 15:29:52","18/11/2013 16:10:29","Track91"
"916","3303548385","tb_track91","3/7/2012 15:29:52","18/11/2013 16:10:29","Track91"
"917","3747496407","tb_track91","3/7/2012 15:29:52","18/11/2013 16:10:29","Track91"
"918","4000543774","tb_track91","3/7/2012 15:29:52","18/11/2013 16:10:29","Track91"
"919","1665219054","tb_track91","3/7/2012 15:29:52","18/11/2013 16:10:29","Track91"
"920","2191566313","tb_track91","3/7/2012 15:29:52","18/11/2013 16:10:29","Track91"
"921","1098972158","tb_track92","3/7/2012 15:29:52","18/11/2013 16:10:29","Track92"
"922","3652015949","tb_track92","3/7/2012 15:29:52","18/11/2013 16:10:29","Track92"
"923","4266658104","tb_track92","3/7/2012 15:29:52","18/11/2013 16:10:30","Track92"
"924","256946012","tb_track92","3/7/2012 15:29:52","18/11/2013 16:10:30","Track92"
"925","2108125370","tb_track92","3/7/2012 15:29:52","18/11/2013 16:10:30","Track92"
"926","1489606359","tb_track92","3/7/2012 15:29:52","18/11/2013 16:10:30","Track92"
"927","2171227650","tb_track92","3/7/2012 15:29:52","18/11/2013 16:10:30","Track92"
"928","4132991571","tb_track92","3/7/2012 15:29:52","18/11/2013 16:10:30","Track92"
"929","1083733902","tb_track92","3/7/2012 15:29:52","18/11/2013 16:10:30","Track92"
"930","3897911905","tb_track92","3/7/2012 15:29:52","18/11/2013 16:10:30","Track92"
"931","1872565069","tb_track93","3/7/2012 15:29:52","18/11/2013 16:10:30","Track93"
"932","3538647312","tb_track93","3/7/2012 15:29:52","18/11/2013 16:10:30","Track93"
"933","2797951635","tb_track93","3/7/2012 15:29:52","18/11/2013 16:10:30","Track93"
"934","1925474618","tb_track93","3/7/2012 15:29:52","18/11/2013 16:10:30","Track93"
"935","1919506202","tb_track93","3/7/2012 15:29:52","18/11/2013 16:10:30","Track93"
"936","2464077201","tb_track93","3/7/2012 15:29:52","18/11/2013 16:10:30","Track93"
"937","3053904483","tb_track93","3/7/2012 15:29:52","18/11/2013 16:10:30","Track93"
"938","301952751","tb_track93","3/7/2012 15:29:52","18/11/2013 16:10:30","Track93"
"939","2244435200","tb_track93","3/7/2012 15:29:52","18/11/2013 16:10:30","Track93"
"940","1222213840","tb_track93","3/7/2012 15:29:52","18/11/2013 16:10:30","Track93"
"941","370842524","tb_track94","3/7/2012 15:29:52","18/11/2013 16:10:30","Track94"
"942","1941910532","tb_track94","3/7/2012 15:29:52","18/11/2013 16:10:30","Track94"
"943","1565420827","tb_track94","3/7/2012 15:29:52","18/11/2013 16:10:30","Track94"
"944","2306033815","tb_track94","3/7/2012 15:29:52","18/11/2013 16:10:30","Track94"
"945","2911972481","tb_track94","3/7/2012 15:29:52","18/11/2013 16:10:30","Track94"
"946","3798157725","tb_track94","3/7/2012 15:29:52","18/11/2013 16:10:30","Track94"
"947","334497004","tb_track94","3/7/2012 15:29:52","18/11/2013 16:10:30","Track94"
"948","1991677924","tb_track94","3/7/2012 15:29:52","18/11/2013 16:10:30","Track94"
"949","1730768895","tb_track94","3/7/2012 15:29:52","18/11/2013 16:10:30","Track94"
"950","1153946694","tb_track94","3/7/2012 15:29:52","18/11/2013 16:10:30","Track94"
"951","3134867537","tb_track95","3/7/2012 15:29:52","18/11/2013 16:10:30","Track95"
"952","4148459274","tb_track95","3/7/2012 15:29:52","18/11/2013 16:10:30","Track95"
"953","4253803451","tb_track95","3/7/2012 15:29:52","18/11/2013 16:10:30","Track95"
"954","1267236518","tb_track95","3/7/2012 15:29:52","18/11/2013 16:10:30","Track95"
"955","1758273206","tb_track95","3/7/2012 15:29:52","18/11/2013 16:10:30","Track95"
"956","1009448877","tb_track95","3/7/2012 15:29:52","18/11/2013 16:10:30","Track95"
"957","4528416","tb_track95","3/7/2012 15:29:52","18/11/2013 16:10:30","Track95"
"958","1753722348","tb_track95","3/7/2012 15:29:52","18/11/2013 16:10:30","Track95"
"959","984425427","tb_track95","3/7/2012 15:29:52","18/11/2013 16:10:30","Track95"
"960","2932586600","tb_track95","3/7/2012 15:29:52","18/11/2013 16:10:30","Track95"
"961","4024504393","tb_track96","3/7/2012 15:29:52","18/11/2013 16:10:30","Track96"
"962","199168821","tb_track96","3/7/2012 15:29:52","18/11/2013 16:10:30","Track96"
"963","1914658297","tb_track96","3/7/2012 15:29:52","18/11/2013 16:10:30","Track96"
"964","4038594409","tb_track96","3/7/2012 15:29:52","18/11/2013 16:10:30","Track96"
"965","649946727","tb_track96","3/7/2012 15:29:52","18/11/2013 16:10:30","Track96"
"966","601342673","tb_track96","3/7/2012 15:29:52","18/11/2013 16:10:30","Track96"
"967","2836165069","tb_track96","3/7/2012 15:29:52","18/11/2013 16:10:30","Track96"
"968","1656963906","tb_track96","3/7/2012 15:29:52","18/11/2013 16:10:30","Track96"
"969","3979803509","tb_track96","3/7/2012 15:29:52","18/11/2013 16:10:30","Track96"
"970","1846238554","tb_track96","3/7/2012 15:29:52","18/11/2013 16:10:30","Track96"
"971","3909165031","tb_track97","3/7/2012 15:29:52","18/11/2013 16:10:30","Track97"
"972","2605046331","tb_track97","3/7/2012 15:29:52","18/11/2013 16:10:30","Track97"
"973","1147688773","tb_track97","3/7/2012 15:29:52","18/11/2013 16:10:30","Track97"
"974","1544397357","tb_track97","3/7/2012 15:29:52","18/11/2013 16:10:30","Track97"
"975","3775796752","tb_track97","3/7/2012 15:29:52","18/11/2013 16:10:30","Track97"
"976","2694694826","tb_track97","3/7/2012 15:29:52","18/11/2013 16:10:30","Track97"
"977","1670418802","tb_track97","3/7/2012 15:29:52","18/11/2013 16:10:30","Track97"
"978","624073418","tb_track97","3/7/2012 15:29:52","18/11/2013 16:10:30","Track97"
"979","1771733319","tb_track97","3/7/2012 15:29:52","18/11/2013 16:10:30","Track97"
"980","3228788697","tb_track97","3/7/2012 15:29:52","18/11/2013 16:10:30","Track97"
"981","153454594","tb_track98","3/7/2012 15:29:52","18/11/2013 16:10:30","Track98"
"982","764894328","tb_track98","3/7/2012 15:29:52","18/11/2013 16:10:30","Track98"
"983","3458519376","tb_track98","3/7/2012 15:29:52","18/11/2013 16:10:30","Track98"
"984","3089360529","tb_track98","3/7/2012 15:29:52","18/11/2013 16:10:30","Track98"
"985","2494313776","tb_track98","3/7/2012 15:29:52","18/11/2013 16:10:30","Track98"
"986","867628216","tb_track98","3/7/2012 15:29:52","18/11/2013 16:10:30","Track98"
"987","380132361","tb_track98","3/7/2012 15:29:52","18/11/2013 16:10:30","Track98"
"988","200815040","tb_track98","3/7/2012 15:29:52","18/11/2013 16:10:30","Track98"
"989","3171467072","tb_track98","3/7/2012 15:29:52","18/11/2013 16:10:30","Track98"
"990","103987268","tb_track98","3/7/2012 15:29:52","18/11/2013 16:10:30","Track98"
"991","2660572736","tb_track99","3/7/2012 15:29:52","18/11/2013 16:10:30","Track99"
"992","771701316","tb_track99","3/7/2012 15:29:52","18/11/2013 16:10:30","Track99"
"993","2832723764","tb_track99","3/7/2012 15:29:52","18/11/2013 16:10:30","Track99"
"994","327887094","tb_track99","3/7/2012 15:29:52","18/11/2013 16:10:30","Track99"
"995","343475374","tb_track99","3/7/2012 15:29:52","18/11/2013 16:10:30","Track99"
"996","627950759","tb_track99","3/7/2012 15:29:52","18/11/2013 16:10:30","Track99"
"997","2504382198","tb_track99","3/7/2012 15:29:52","18/11/2013 16:10:30","Track99"
"998","3919225248","tb_track99","3/7/2012 15:29:52","18/11/2013 16:10:30","Track99"
"999","3309643609","tb_track99","3/7/2012 15:29:52","18/11/2013 16:10:30","Track99"
"1000","2165301365","tb_track99","3/7/2012 15:29:52","18/11/2013 16:10:30","Track99"
